Setup timing endpoint summary
 
****************************************
Report : timing
        -path end
        -delay max
        -max_paths 10
Design : soc_ahblite
Version: O-2018.06-SP1
Date   : Sat Aug 29 16:19:22 2026
****************************************

 # A fanout number of 1000 was used for high fanout net computations.

Operating Conditions: WCCOM   Library: tcbn65gplusbwp12twc
Wire Load Model Mode: segmented

Endpoint                         Path Delay     Path Required     Slack
------------------------------------------------------------------------
x_sub_system/x_core/if_stage_i/gen_prefetch_buffer_prefetch_buffer_i/fifo_i/instr_addr_q_reg_14_/D (DFQD1BWP12T)
                                  2.7131 f          2.7133       0.0002
x_sub_system/x_core/if_stage_i/gen_prefetch_buffer_prefetch_buffer_i/fifo_i/instr_addr_q_reg_13_/D (DFQD1BWP12T)
                                  2.7131 f          2.7133       0.0002
x_sub_system/x_core/if_stage_i/gen_prefetch_buffer_prefetch_buffer_i/fifo_i/instr_addr_q_reg_11_/D (DFQD1BWP12T)
                                  2.7131 f          2.7133       0.0002
x_sub_system/x_core/if_stage_i/gen_prefetch_buffer_prefetch_buffer_i/fifo_i/instr_addr_q_reg_10_/D (DFQD1BWP12T)
                                  2.7131 f          2.7133       0.0002
x_sub_system/x_core/if_stage_i/gen_prefetch_buffer_prefetch_buffer_i/fifo_i/instr_addr_q_reg_9_/D (DFQD1BWP12T)
                                  2.7131 f          2.7133       0.0002
x_sub_system/x_core/if_stage_i/gen_prefetch_buffer_prefetch_buffer_i/fifo_i/instr_addr_q_reg_8_/D (DFQD1BWP12T)
                                  2.7131 f          2.7133       0.0002
x_sub_system/x_core/if_stage_i/gen_prefetch_buffer_prefetch_buffer_i/fifo_i/instr_addr_q_reg_7_/D (DFQD1BWP12T)
                                  2.7131 f          2.7133       0.0002
x_sub_system/x_core/if_stage_i/gen_prefetch_buffer_prefetch_buffer_i/fifo_i/instr_addr_q_reg_6_/D (DFQD1BWP12T)
                                  2.7131 f          2.7133       0.0002
x_sub_system/x_core/if_stage_i/gen_prefetch_buffer_prefetch_buffer_i/fifo_i/instr_addr_q_reg_5_/D (DFQD1BWP12T)
                                  2.7131 f          2.7133       0.0002
x_sub_system/x_core/if_stage_i/gen_prefetch_buffer_prefetch_buffer_i/fifo_i/instr_addr_q_reg_3_/D (DFQD1BWP12T)
                                  2.7131 f          2.7133       0.0002

1

Setup timing full-clock paths
 
****************************************
Report : timing
        -path full_clock
        -delay max
        -input_pins
        -nets
        -max_paths 10
Design : soc_ahblite
Version: O-2018.06-SP1
Date   : Sat Aug 29 16:19:22 2026
****************************************

 # A fanout number of 1000 was used for high fanout net computations.

Operating Conditions: WCCOM   Library: tcbn65gplusbwp12twc
Wire Load Model Mode: segmented

  Startpoint: x_sub_system/x_core/if_stage_i/instr_rdata_alu_id_o_reg_2_
              (rising edge-triggered flip-flop clocked by clk1)
  Endpoint: x_sub_system/x_core/if_stage_i/gen_prefetch_buffer_prefetch_buffer_i/fifo_i/instr_addr_q_reg_14_
            (rising edge-triggered flip-flop clocked by clk1)
  Path Group: clk1
  Path Type: max

  Des/Clust/Port     Wire Load Model       Library
  ------------------------------------------------
  soc_ahblite_ibex_csr_32_0_0_5
                     ZeroWireload          tcbn65gplusbwp12twc
  soc_ahblite_ibex_fetch_fifo_00000002_0
                     ZeroWireload          tcbn65gplusbwp12twc
  soc_ahblite_ibex_counter_CounterWidth64_1
                     ZeroWireload          tcbn65gplusbwp12twc
  soc_ahblite_ibex_counter_CounterWidth64_0
                     ZeroWireload          tcbn65gplusbwp12twc
  soc_ahblite_ibex_csr_32_0_0_1
                     ZeroWireload          tcbn65gplusbwp12twc
  soc_ahblite_ibex_csr_32_0_0_2
                     ZeroWireload          tcbn65gplusbwp12twc
  soc_ahblite_ibex_csr_32_0_0_3
                     ZeroWireload          tcbn65gplusbwp12twc
  soc_ahblite_ibex_csr_32_0_40000003_0
                     ZeroWireload          tcbn65gplusbwp12twc
  soc_ahblite_ibex_csr_32_0_00000001_0
                     ZeroWireload          tcbn65gplusbwp12twc
  soc_ahblite_ibex_csr_6_0_0_0
                     ZeroWireload          tcbn65gplusbwp12twc
  soc_ahblite_ibex_csr_32_0_0_4
                     ZeroWireload          tcbn65gplusbwp12twc
  soc_ahblite_ibex_csr_18_0_0_0
                     ZeroWireload          tcbn65gplusbwp12twc
  soc_ahblite_ibex_csr_32_0_0_0
                     ZeroWireload          tcbn65gplusbwp12twc
  soc_ahblite_ibex_csr_6_0_10_0
                     ZeroWireload          tcbn65gplusbwp12twc
  soc_ahblite_ibex_multdiv_fast_RV32M2_0
                     ZeroWireload          tcbn65gplusbwp12twc
  soc_ahblite_ibex_controller_0_0_0
                     ZeroWireload          tcbn65gplusbwp12twc
  soc_ahblite_ibex_prefetch_buffer_0_0
                     ZeroWireload          tcbn65gplusbwp12twc
  soc_ahblite_ibex_cs_registers_0_00000001_0_0_0_0_00000000_00000028_0_00000000_00000004_0_2_0_0
                     ZeroWireload          tcbn65gplusbwp12twc
  soc_ahblite_ibex_load_store_unit_0
                     ZeroWireload          tcbn65gplusbwp12twc
  soc_ahblite_ibex_ex_block_2_0_0_0
                     ZeroWireload          tcbn65gplusbwp12twc
  soc_ahblite_ibex_id_stage_0_2_0_0_0_0_0_0_0
                     ZeroWireload          tcbn65gplusbwp12twc
  soc_ahblite_ibex_if_stage_00000000_00000000_0_0_0_0_0_0
                     ZeroWireload          tcbn65gplusbwp12twc
  soc_ahblite_prim_clock_gating_0
                     ZeroWireload          tcbn65gplusbwp12twc
  soc_ahblite_ibex_core_00000000_00000000_0
                     ZeroWireload          tcbn65gplusbwp12twc
  soc_ahblite_ibex_decoder_0_2_0_0_0
                     ZeroWireload          tcbn65gplusbwp12twc
  soc_ahblite_ibex_register_file_ff_0_00000020_0_0
                     ZeroWireload          tcbn65gplusbwp12twc
  soc_ahblite_ibex_alu_RV32B0_0
                     ZeroWireload          tcbn65gplusbwp12twc

  Point                                       Fanout      Incr       Path
  --------------------------------------------------------------------------
  clock clk1 (rise edge)                                0.0000     0.0000
  clock network delay (ideal)                           0.0000     0.0000
  x_sub_system/x_core/if_stage_i/instr_rdata_alu_id_o_reg_2_/CP (EDFCNQD1BWP12T)
                                                        0.0000     0.0000 r
  x_sub_system/x_core/if_stage_i/instr_rdata_alu_id_o_reg_2_/Q (EDFCNQD1BWP12T)
                                                        0.1396     0.1396 f
  x_sub_system/x_core/if_stage_i/instr_rdata_alu_id_o[2] (net)
                                                6       0.0000     0.1396 f
  x_sub_system/x_core/if_stage_i/instr_rdata_alu_id_o[2] (soc_ahblite_ibex_if_stage_00000000_00000000_0_0_0_0_0_0)
                                                        0.0000     0.1396 f
  x_sub_system/x_core/instr_rdata_alu_id[2] (net)       0.0000     0.1396 f
  x_sub_system/x_core/id_stage_i/instr_rdata_alu_i[2] (soc_ahblite_ibex_id_stage_0_2_0_0_0_0_0_0_0)
                                                        0.0000     0.1396 f
  x_sub_system/x_core/id_stage_i/instr_rdata_alu_i[2] (net)
                                                        0.0000     0.1396 f
  x_sub_system/x_core/id_stage_i/decoder_i/instr_rdata_alu_i[2] (soc_ahblite_ibex_decoder_0_2_0_0_0)
                                                        0.0000     0.1396 f
  x_sub_system/x_core/id_stage_i/decoder_i/instr_rdata_alu_i[2] (net)
                                                        0.0000     0.1396 f
  x_sub_system/x_core/id_stage_i/decoder_i/u46/I (CKND2BWP12T)
                                                        0.0000     0.1396 f
  x_sub_system/x_core/id_stage_i/decoder_i/u46/ZN (CKND2BWP12T)
                                                        0.0174     0.1570 r
  x_sub_system/x_core/id_stage_i/decoder_i/n137 (net)
                                                3       0.0000     0.1570 r
  x_sub_system/x_core/id_stage_i/decoder_i/u4/A1 (CKAN2D2BWP12T)
                                                        0.0000     0.1570 r
  x_sub_system/x_core/id_stage_i/decoder_i/u4/Z (CKAN2D2BWP12T)
                                                        0.0483     0.2053 r
  x_sub_system/x_core/id_stage_i/decoder_i/n274 (net)
                                                1       0.0000     0.2053 r
  x_sub_system/x_core/id_stage_i/decoder_i/u8/A2 (CKND2D8BWP12T)
                                                        0.0000     0.2053 r
  x_sub_system/x_core/id_stage_i/decoder_i/u8/ZN (CKND2D8BWP12T)
                                                        0.0241     0.2294 f
  x_sub_system/x_core/id_stage_i/decoder_i/n243 (net)
                                                4       0.0000     0.2294 f
  x_sub_system/x_core/id_stage_i/decoder_i/u24/A1 (NR2XD4BWP12T)
                                                        0.0000     0.2294 f
  x_sub_system/x_core/id_stage_i/decoder_i/u24/ZN (NR2XD4BWP12T)
                                                        0.0228     0.2522 r
  x_sub_system/x_core/id_stage_i/decoder_i/n252 (net)
                                                5       0.0000     0.2522 r
  x_sub_system/x_core/id_stage_i/decoder_i/u312/S (MUX2ND4BWP12T)
                                                        0.0000     0.2522 r
  x_sub_system/x_core/id_stage_i/decoder_i/u312/ZN (MUX2ND4BWP12T)
                                                        0.0899     0.3422 r
  x_sub_system/x_core/id_stage_i/decoder_i/rf_raddr_a_o[4] (net)
                                                6       0.0000     0.3422 r
  x_sub_system/x_core/id_stage_i/decoder_i/rf_raddr_a_o[4] (soc_ahblite_ibex_decoder_0_2_0_0_0)
                                                        0.0000     0.3422 r
  x_sub_system/x_core/id_stage_i/rf_raddr_a_o[4] (net)
                                                        0.0000     0.3422 r
  x_sub_system/x_core/id_stage_i/rf_raddr_a_o[4] (soc_ahblite_ibex_id_stage_0_2_0_0_0_0_0_0_0)
                                                        0.0000     0.3422 r
  x_sub_system/x_core/rf_raddr_a[4] (net)               0.0000     0.3422 r
  x_sub_system/x_core/gen_regfile_ff_register_file_i/raddr_a_i[4] (soc_ahblite_ibex_register_file_ff_0_00000020_0_0)
                                                        0.0000     0.3422 r
  x_sub_system/x_core/gen_regfile_ff_register_file_i/raddr_a_i[4] (net)
                                                        0.0000     0.3422 r
  x_sub_system/x_core/gen_regfile_ff_register_file_i/u272/I (INVD2BWP12T)
                                                        0.0000     0.3422 r
  x_sub_system/x_core/gen_regfile_ff_register_file_i/u272/ZN (INVD2BWP12T)
                                                        0.0204     0.3626 f
  x_sub_system/x_core/gen_regfile_ff_register_file_i/n129 (net)
                                                1       0.0000     0.3626 f
  x_sub_system/x_core/gen_regfile_ff_register_file_i/u224/A2 (ND3D4BWP12T)
                                                        0.0000     0.3626 f
  x_sub_system/x_core/gen_regfile_ff_register_file_i/u224/ZN (ND3D4BWP12T)
                                                        0.0269     0.3895 r
  x_sub_system/x_core/gen_regfile_ff_register_file_i/n154 (net)
                                                4       0.0000     0.3895 r
  x_sub_system/x_core/gen_regfile_ff_register_file_i/u190/A1 (NR2D4BWP12T)
                                                        0.0000     0.3895 r
  x_sub_system/x_core/gen_regfile_ff_register_file_i/u190/ZN (NR2D4BWP12T)
                                                        0.0162     0.4057 f
  x_sub_system/x_core/gen_regfile_ff_register_file_i/n145 (net)
                                                1       0.0000     0.4057 f
  x_sub_system/x_core/gen_regfile_ff_register_file_i/u205/I (BUFFD12BWP12T)
                                                        0.0000     0.4057 f
  x_sub_system/x_core/gen_regfile_ff_register_file_i/u205/Z (BUFFD12BWP12T)
                                                        0.0411     0.4468 f
  x_sub_system/x_core/gen_regfile_ff_register_file_i/n2620 (net)
                                               32       0.0000     0.4468 f
  x_sub_system/x_core/gen_regfile_ff_register_file_i/u1233/B1 (AOI22D0BWP12T)
                                                        0.0000     0.4468 f
  x_sub_system/x_core/gen_regfile_ff_register_file_i/u1233/ZN (AOI22D0BWP12T)
                                                        0.0645     0.5114 r
  x_sub_system/x_core/gen_regfile_ff_register_file_i/n238 (net)
                                                1       0.0000     0.5114 r
  x_sub_system/x_core/gen_regfile_ff_register_file_i/u1292/A3 (ND4D1BWP12T)
                                                        0.0000     0.5114 r
  x_sub_system/x_core/gen_regfile_ff_register_file_i/u1292/ZN (ND4D1BWP12T)
                                                        0.0560     0.5674 f
  x_sub_system/x_core/gen_regfile_ff_register_file_i/n251 (net)
                                                1       0.0000     0.5674 f
  x_sub_system/x_core/gen_regfile_ff_register_file_i/u1297/A2 (OR4D1BWP12T)
                                                        0.0000     0.5674 f
  x_sub_system/x_core/gen_regfile_ff_register_file_i/u1297/Z (OR4D1BWP12T)
                                                        0.1137     0.6810 f
  x_sub_system/x_core/gen_regfile_ff_register_file_i/rdata_a_o[5] (net)
                                                2       0.0000     0.6810 f
  x_sub_system/x_core/gen_regfile_ff_register_file_i/rdata_a_o[5] (soc_ahblite_ibex_register_file_ff_0_00000020_0_0)
                                                        0.0000     0.6810 f
  x_sub_system/x_core/rf_rdata_a[5] (net)               0.0000     0.6810 f
  x_sub_system/x_core/id_stage_i/rf_rdata_a_i[5] (soc_ahblite_ibex_id_stage_0_2_0_0_0_0_0_0_0)
                                                        0.0000     0.6810 f
  x_sub_system/x_core/id_stage_i/rf_rdata_a_i[5] (net)
                                                        0.0000     0.6810 f
  x_sub_system/x_core/id_stage_i/u8/I (CKBD4BWP12T)     0.0000     0.6810 f
  x_sub_system/x_core/id_stage_i/u8/Z (CKBD4BWP12T)     0.0379     0.7190 f
  x_sub_system/x_core/id_stage_i/multdiv_operand_a_ex_o[5] (net)
                                                4       0.0000     0.7190 f
  x_sub_system/x_core/id_stage_i/multdiv_operand_a_ex_o[5] (soc_ahblite_ibex_id_stage_0_2_0_0_0_0_0_0_0)
                                                        0.0000     0.7190 f
  x_sub_system/x_core/multdiv_operand_a_ex[5] (net)     0.0000     0.7190 f
  x_sub_system/x_core/ex_block_i/multdiv_operand_a_i[5] (soc_ahblite_ibex_ex_block_2_0_0_0)
                                                        0.0000     0.7190 f
  x_sub_system/x_core/ex_block_i/multdiv_operand_a_i[5] (net)
                                                        0.0000     0.7190 f
  x_sub_system/x_core/ex_block_i/gen_multdiv_fast_multdiv_i/op_a_i[5] (soc_ahblite_ibex_multdiv_fast_RV32M2_0)
                                                        0.0000     0.7190 f
  x_sub_system/x_core/ex_block_i/gen_multdiv_fast_multdiv_i/op_a_i[5] (net)
                                                        0.0000     0.7190 f
  x_sub_system/x_core/ex_block_i/gen_multdiv_fast_multdiv_i/u218/I0 (MUX2D4BWP12T)
                                                        0.0000     0.7190 f
  x_sub_system/x_core/ex_block_i/gen_multdiv_fast_multdiv_i/u218/Z (MUX2D4BWP12T)
                                                        0.0698     0.7888 f
  x_sub_system/x_core/ex_block_i/gen_multdiv_fast_multdiv_i/n92 (net)
                                                9       0.0000     0.7888 f
  x_sub_system/x_core/ex_block_i/gen_multdiv_fast_multdiv_i/u191/A1 (XNR2D0BWP12T)
                                                        0.0000     0.7888 f
  x_sub_system/x_core/ex_block_i/gen_multdiv_fast_multdiv_i/u191/ZN (XNR2D0BWP12T)
                                                        0.0885     0.8773 r
  x_sub_system/x_core/ex_block_i/gen_multdiv_fast_multdiv_i/n240 (net)
                                                2       0.0000     0.8773 r
  x_sub_system/x_core/ex_block_i/gen_multdiv_fast_multdiv_i/u24/B1 (OAI22D2BWP12T)
                                                        0.0000     0.8773 r
  x_sub_system/x_core/ex_block_i/gen_multdiv_fast_multdiv_i/u24/ZN (OAI22D2BWP12T)
                                                        0.0356     0.9129 f
  x_sub_system/x_core/ex_block_i/gen_multdiv_fast_multdiv_i/n233 (net)
                                                1       0.0000     0.9129 f
  x_sub_system/x_core/ex_block_i/gen_multdiv_fast_multdiv_i/u572/B (FA1D1BWP12T)
                                                        0.0000     0.9129 f
  x_sub_system/x_core/ex_block_i/gen_multdiv_fast_multdiv_i/u572/CO (FA1D1BWP12T)
                                                        0.1022     1.0151 f
  x_sub_system/x_core/ex_block_i/gen_multdiv_fast_multdiv_i/n264 (net)
                                                1       0.0000     1.0151 f
  x_sub_system/x_core/ex_block_i/gen_multdiv_fast_multdiv_i/u1059/A (FA1D2BWP12T)
                                                        0.0000     1.0151 f
  x_sub_system/x_core/ex_block_i/gen_multdiv_fast_multdiv_i/u1059/CO (FA1D2BWP12T)
                                                        0.1108     1.1259 f
  x_sub_system/x_core/ex_block_i/gen_multdiv_fast_multdiv_i/n631 (net)
                                                1       0.0000     1.1259 f
  x_sub_system/x_core/ex_block_i/gen_multdiv_fast_multdiv_i/u722/A (FA1D1BWP12T)
                                                        0.0000     1.1259 f
  x_sub_system/x_core/ex_block_i/gen_multdiv_fast_multdiv_i/u722/CO (FA1D1BWP12T)
                                                        0.1086     1.2345 f
  x_sub_system/x_core/ex_block_i/gen_multdiv_fast_multdiv_i/n636 (net)
                                                1       0.0000     1.2345 f
  x_sub_system/x_core/ex_block_i/gen_multdiv_fast_multdiv_i/u411/B (FA1D1BWP12T)
                                                        0.0000     1.2345 f
  x_sub_system/x_core/ex_block_i/gen_multdiv_fast_multdiv_i/u411/CO (FA1D1BWP12T)
                                                        0.1052     1.3397 f
  x_sub_system/x_core/ex_block_i/gen_multdiv_fast_multdiv_i/n971 (net)
                                                3       0.0000     1.3397 f
  x_sub_system/x_core/ex_block_i/gen_multdiv_fast_multdiv_i/u325/A2 (ND2D1BWP12T)
                                                        0.0000     1.3397 f
  x_sub_system/x_core/ex_block_i/gen_multdiv_fast_multdiv_i/u325/ZN (ND2D1BWP12T)
                                                        0.0371     1.3768 r
  x_sub_system/x_core/ex_block_i/gen_multdiv_fast_multdiv_i/n973 (net)
                                                2       0.0000     1.3768 r
  x_sub_system/x_core/ex_block_i/gen_multdiv_fast_multdiv_i/u67/B (OAI21D4BWP12T)
                                                        0.0000     1.3768 r
  x_sub_system/x_core/ex_block_i/gen_multdiv_fast_multdiv_i/u67/ZN (OAI21D4BWP12T)
                                                        0.0377     1.4145 f
  x_sub_system/x_core/ex_block_i/gen_multdiv_fast_multdiv_i/n909 (net)
                                                3       0.0000     1.4145 f
  x_sub_system/x_core/ex_block_i/gen_multdiv_fast_multdiv_i/u303/A1 (AOI21D4BWP12T)
                                                        0.0000     1.4145 f
  x_sub_system/x_core/ex_block_i/gen_multdiv_fast_multdiv_i/u303/ZN (AOI21D4BWP12T)
                                                        0.0368     1.4513 r
  x_sub_system/x_core/ex_block_i/gen_multdiv_fast_multdiv_i/n958 (net)
                                                8       0.0000     1.4513 r
  x_sub_system/x_core/ex_block_i/gen_multdiv_fast_multdiv_i/u122/A1 (OAI21D1BWP12T)
                                                        0.0000     1.4513 r
  x_sub_system/x_core/ex_block_i/gen_multdiv_fast_multdiv_i/u122/ZN (OAI21D1BWP12T)
                                                        0.0278     1.4790 f
  x_sub_system/x_core/ex_block_i/gen_multdiv_fast_multdiv_i/n878 (net)
                                                1       0.0000     1.4790 f
  x_sub_system/x_core/ex_block_i/gen_multdiv_fast_multdiv_i/u356/B (AOI21D1BWP12T)
                                                        0.0000     1.4790 f
  x_sub_system/x_core/ex_block_i/gen_multdiv_fast_multdiv_i/u356/ZN (AOI21D1BWP12T)
                                                        0.0502     1.5293 r
  x_sub_system/x_core/ex_block_i/gen_multdiv_fast_multdiv_i/n882 (net)
                                                1       0.0000     1.5293 r
  x_sub_system/x_core/ex_block_i/gen_multdiv_fast_multdiv_i/u461/A1 (XOR2D1BWP12T)
                                                        0.0000     1.5293 r
  x_sub_system/x_core/ex_block_i/gen_multdiv_fast_multdiv_i/u461/Z (XOR2D1BWP12T)
                                                        0.0742     1.6035 f
  x_sub_system/x_core/ex_block_i/gen_multdiv_fast_multdiv_i/n890 (net)
                                                2       0.0000     1.6035 f
  x_sub_system/x_core/ex_block_i/gen_multdiv_fast_multdiv_i/u8/A1 (OAI21D1BWP12T)
                                                        0.0000     1.6035 f
  x_sub_system/x_core/ex_block_i/gen_multdiv_fast_multdiv_i/u8/ZN (OAI21D1BWP12T)
                                                        0.0322     1.6357 r
  x_sub_system/x_core/ex_block_i/gen_multdiv_fast_multdiv_i/n1789 (net)
                                                1       0.0000     1.6357 r
  x_sub_system/x_core/ex_block_i/gen_multdiv_fast_multdiv_i/u11/A1 (CKND2D2BWP12T)
                                                        0.0000     1.6357 r
  x_sub_system/x_core/ex_block_i/gen_multdiv_fast_multdiv_i/u11/ZN (CKND2D2BWP12T)
                                                        0.0310     1.6667 f
  x_sub_system/x_core/ex_block_i/gen_multdiv_fast_multdiv_i/multdiv_result_o[26] (net)
                                                2       0.0000     1.6667 f
  x_sub_system/x_core/ex_block_i/gen_multdiv_fast_multdiv_i/multdiv_result_o[26] (soc_ahblite_ibex_multdiv_fast_RV32M2_0)
                                                        0.0000     1.6667 f
  x_sub_system/x_core/ex_block_i/multdiv_result[26] (net)
                                                        0.0000     1.6667 f
  x_sub_system/x_core/ex_block_i/u61/A1 (ND2D2BWP12T)   0.0000     1.6667 f
  x_sub_system/x_core/ex_block_i/u61/ZN (ND2D2BWP12T)   0.0186     1.6853 r
  x_sub_system/x_core/ex_block_i/n88 (net)      1       0.0000     1.6853 r
  x_sub_system/x_core/ex_block_i/u13/B (IOA21D2BWP12T)
                                                        0.0000     1.6853 r
  x_sub_system/x_core/ex_block_i/u13/ZN (IOA21D2BWP12T)
                                                        0.0265     1.7119 f
  x_sub_system/x_core/ex_block_i/alu_operand_b_i_true[26] (net)
                                                4       0.0000     1.7119 f
  x_sub_system/x_core/ex_block_i/alu_i/operand_b_i[26] (soc_ahblite_ibex_alu_RV32B0_0)
                                                        0.0000     1.7119 f
  x_sub_system/x_core/ex_block_i/alu_i/operand_b_i[26] (net)
                                                        0.0000     1.7119 f
  x_sub_system/x_core/ex_block_i/alu_i/u476/S (MUX2ND0BWP12T)
                                                        0.0000     1.7119 f
  x_sub_system/x_core/ex_block_i/alu_i/u476/ZN (MUX2ND0BWP12T)
                                                        0.0602     1.7721 f
  x_sub_system/x_core/ex_block_i/alu_i/n170 (net)
                                                1       0.0000     1.7721 f
  x_sub_system/x_core/ex_block_i/alu_i/u153/A1 (ND2D2BWP12T)
                                                        0.0000     1.7721 f
  x_sub_system/x_core/ex_block_i/alu_i/u153/ZN (ND2D2BWP12T)
                                                        0.0338     1.8059 r
  x_sub_system/x_core/ex_block_i/alu_i/n180 (net)
                                                2       0.0000     1.8059 r
  x_sub_system/x_core/ex_block_i/alu_i/u150/A1 (NR2XD2BWP12T)
                                                        0.0000     1.8059 r
  x_sub_system/x_core/ex_block_i/alu_i/u150/ZN (NR2XD2BWP12T)
                                                        0.0265     1.8324 f
  x_sub_system/x_core/ex_block_i/alu_i/n236 (net)
                                                3       0.0000     1.8324 f
  x_sub_system/x_core/ex_block_i/alu_i/u24/A2 (NR2XD2BWP12T)
                                                        0.0000     1.8324 f
  x_sub_system/x_core/ex_block_i/alu_i/u24/ZN (NR2XD2BWP12T)
                                                        0.0369     1.8693 r
  x_sub_system/x_core/ex_block_i/alu_i/n182 (net)
                                                2       0.0000     1.8693 r
  x_sub_system/x_core/ex_block_i/alu_i/u25/A2 (ND2D2BWP12T)
                                                        0.0000     1.8693 r
  x_sub_system/x_core/ex_block_i/alu_i/u25/ZN (ND2D2BWP12T)
                                                        0.0265     1.8958 f
  x_sub_system/x_core/ex_block_i/alu_i/n248 (net)
                                                3       0.0000     1.8958 f
  x_sub_system/x_core/ex_block_i/alu_i/u136/A1 (NR2XD0BWP12T)
                                                        0.0000     1.8958 f
  x_sub_system/x_core/ex_block_i/alu_i/u136/ZN (NR2XD0BWP12T)
                                                        0.0255     1.9213 r
  x_sub_system/x_core/ex_block_i/alu_i/n195 (net)
                                                1       0.0000     1.9213 r
  x_sub_system/x_core/ex_block_i/alu_i/u50/A1 (AN2D2BWP12T)
                                                        0.0000     1.9213 r
  x_sub_system/x_core/ex_block_i/alu_i/u50/Z (AN2D2BWP12T)
                                                        0.0472     1.9684 r
  x_sub_system/x_core/ex_block_i/alu_i/n9 (net)
                                                1       0.0000     1.9684 r
  x_sub_system/x_core/ex_block_i/alu_i/u230/A1 (NR2D3BWP12T)
                                                        0.0000     1.9684 r
  x_sub_system/x_core/ex_block_i/alu_i/u230/ZN (NR2D3BWP12T)
                                                        0.0150     1.9835 f
  x_sub_system/x_core/ex_block_i/alu_i/n260 (net)
                                                2       0.0000     1.9835 f
  x_sub_system/x_core/ex_block_i/alu_i/u106/A1 (OAI21D4BWP12T)
                                                        0.0000     1.9835 f
  x_sub_system/x_core/ex_block_i/alu_i/u106/ZN (OAI21D4BWP12T)
                                                        0.0310     2.0144 r
  x_sub_system/x_core/ex_block_i/alu_i/n210 (net)
                                                2       0.0000     2.0144 r
  x_sub_system/x_core/ex_block_i/alu_i/u77/B (IOA21D2BWP12T)
                                                        0.0000     2.0144 r
  x_sub_system/x_core/ex_block_i/alu_i/u77/ZN (IOA21D2BWP12T)
                                                        0.0212     2.0356 f
  x_sub_system/x_core/ex_block_i/alu_i/n213 (net)
                                                1       0.0000     2.0356 f
  x_sub_system/x_core/ex_block_i/alu_i/u125/B (IOA21D2BWP12T)
                                                        0.0000     2.0356 f
  x_sub_system/x_core/ex_block_i/alu_i/u125/ZN (IOA21D2BWP12T)
                                                        0.0146     2.0502 r
  x_sub_system/x_core/ex_block_i/alu_i/n224 (net)
                                                1       0.0000     2.0502 r
  x_sub_system/x_core/ex_block_i/alu_i/u123/A1 (XOR2D2BWP12T)
                                                        0.0000     2.0502 r
  x_sub_system/x_core/ex_block_i/alu_i/u123/Z (XOR2D2BWP12T)
                                                        0.0817     2.1319 f
  x_sub_system/x_core/ex_block_i/alu_i/adder_result_o[31] (net)
                                                5       0.0000     2.1319 f
  x_sub_system/x_core/ex_block_i/alu_i/u122/A1 (ND2D1BWP12T)
                                                        0.0000     2.1319 f
  x_sub_system/x_core/ex_block_i/alu_i/u122/ZN (ND2D1BWP12T)
                                                        0.0264     2.1582 r
  x_sub_system/x_core/ex_block_i/alu_i/n425 (net)
                                                1       0.0000     2.1582 r
  x_sub_system/x_core/ex_block_i/alu_i/u102/A1 (ND3D2BWP12T)
                                                        0.0000     2.1582 r
  x_sub_system/x_core/ex_block_i/alu_i/u102/ZN (ND3D2BWP12T)
                                                        0.0251     2.1834 f
  x_sub_system/x_core/ex_block_i/alu_i/n426 (net)
                                                1       0.0000     2.1834 f
  x_sub_system/x_core/ex_block_i/alu_i/u105/A2 (NR2XD1BWP12T)
                                                        0.0000     2.1834 f
  x_sub_system/x_core/ex_block_i/alu_i/u105/ZN (NR2XD1BWP12T)
                                                        0.0284     2.2118 r
  x_sub_system/x_core/ex_block_i/alu_i/n427 (net)
                                                1       0.0000     2.2118 r
  x_sub_system/x_core/ex_block_i/alu_i/u12/A2 (CKND2D2BWP12T)
                                                        0.0000     2.2118 r
  x_sub_system/x_core/ex_block_i/alu_i/u12/ZN (CKND2D2BWP12T)
                                                        0.0237     2.2355 f
  x_sub_system/x_core/ex_block_i/alu_i/comparison_result_o (net)
                                                2       0.0000     2.2355 f
  x_sub_system/x_core/ex_block_i/alu_i/comparison_result_o (soc_ahblite_ibex_alu_RV32B0_0)
                                                        0.0000     2.2355 f
  x_sub_system/x_core/ex_block_i/branch_decision_o (net)
                                                        0.0000     2.2355 f
  x_sub_system/x_core/ex_block_i/branch_decision_o (soc_ahblite_ibex_ex_block_2_0_0_0)
                                                        0.0000     2.2355 f
  x_sub_system/x_core/branch_decision (net)             0.0000     2.2355 f
  x_sub_system/x_core/id_stage_i/branch_decision_i (soc_ahblite_ibex_id_stage_0_2_0_0_0_0_0_0_0)
                                                        0.0000     2.2355 f
  x_sub_system/x_core/id_stage_i/branch_decision_i (net)
                                                        0.0000     2.2355 f
  x_sub_system/x_core/id_stage_i/u60/A1 (ND2D2BWP12T)   0.0000     2.2355 f
  x_sub_system/x_core/id_stage_i/u60/ZN (ND2D2BWP12T)   0.0189     2.2545 r
  x_sub_system/x_core/id_stage_i/n167 (net)     3       0.0000     2.2545 r
  x_sub_system/x_core/id_stage_i/u67/A1 (ND2D2BWP12T)   0.0000     2.2545 r
  x_sub_system/x_core/id_stage_i/u67/ZN (ND2D2BWP12T)   0.0182     2.2726 f
  x_sub_system/x_core/id_stage_i/n118 (net)     1       0.0000     2.2726 f
  x_sub_system/x_core/id_stage_i/u21/I (INVD2BWP12T)    0.0000     2.2726 f
  x_sub_system/x_core/id_stage_i/u21/ZN (INVD2BWP12T)   0.0191     2.2918 r
  x_sub_system/x_core/id_stage_i/csr_op_en_o (net)
                                                3       0.0000     2.2918 r
  x_sub_system/x_core/id_stage_i/u19/A1 (CKAN2D2BWP12T)
                                                        0.0000     2.2918 r
  x_sub_system/x_core/id_stage_i/u19/Z (CKAN2D2BWP12T)
                                                        0.0428     2.3346 r
  x_sub_system/x_core/id_stage_i/n51 (net)      2       0.0000     2.3346 r
  x_sub_system/x_core/id_stage_i/controller_i/csr_pipe_flush_i (soc_ahblite_ibex_controller_0_0_0)
                                                        0.0000     2.3346 r
  x_sub_system/x_core/id_stage_i/controller_i/csr_pipe_flush_i (net)
                                                        0.0000     2.3346 r
  x_sub_system/x_core/id_stage_i/controller_i/u18/A1 (ND2D1BWP12T)
                                                        0.0000     2.3346 r
  x_sub_system/x_core/id_stage_i/controller_i/u18/ZN (ND2D1BWP12T)
                                                        0.0264     2.3610 f
  x_sub_system/x_core/id_stage_i/controller_i/n265 (net)
                                                1       0.0000     2.3610 f
  x_sub_system/x_core/id_stage_i/controller_i/u9/A1 (CKND2D4BWP12T)
                                                        0.0000     2.3610 f
  x_sub_system/x_core/id_stage_i/controller_i/u9/ZN (CKND2D4BWP12T)
                                                        0.0309     2.3919 r
  x_sub_system/x_core/id_stage_i/controller_i/n266 (net)
                                                1       0.0000     2.3919 r
  x_sub_system/x_core/id_stage_i/controller_i/u6/B (AOI211XD4BWP12T)
                                                        0.0000     2.3919 r
  x_sub_system/x_core/id_stage_i/controller_i/u6/ZN (AOI211XD4BWP12T)
                                                        0.0302     2.4221 f
  x_sub_system/x_core/id_stage_i/controller_i/id_in_ready_o (net)
                                                6       0.0000     2.4221 f
  x_sub_system/x_core/id_stage_i/controller_i/id_in_ready_o (soc_ahblite_ibex_controller_0_0_0)
                                                        0.0000     2.4221 f
  x_sub_system/x_core/id_stage_i/id_in_ready_o (net)    0.0000     2.4221 f
  x_sub_system/x_core/id_stage_i/id_in_ready_o (soc_ahblite_ibex_id_stage_0_2_0_0_0_0_0_0_0)
                                                        0.0000     2.4221 f
  x_sub_system/x_core/id_in_ready (net)                 0.0000     2.4221 f
  x_sub_system/x_core/if_stage_i/id_in_ready_i (soc_ahblite_ibex_if_stage_00000000_00000000_0_0_0_0_0_0)
                                                        0.0000     2.4221 f
  x_sub_system/x_core/if_stage_i/id_in_ready_i (net)    0.0000     2.4221 f
  x_sub_system/x_core/if_stage_i/gen_prefetch_buffer_prefetch_buffer_i/ready_i (soc_ahblite_ibex_prefetch_buffer_0_0)
                                                        0.0000     2.4221 f
  x_sub_system/x_core/if_stage_i/gen_prefetch_buffer_prefetch_buffer_i/ready_i (net)
                                                        0.0000     2.4221 f
  x_sub_system/x_core/if_stage_i/gen_prefetch_buffer_prefetch_buffer_i/fifo_i/out_ready_i (soc_ahblite_ibex_fetch_fifo_00000002_0)
                                                        0.0000     2.4221 f
  x_sub_system/x_core/if_stage_i/gen_prefetch_buffer_prefetch_buffer_i/fifo_i/out_ready_i (net)
                                                        0.0000     2.4221 f
  x_sub_system/x_core/if_stage_i/gen_prefetch_buffer_prefetch_buffer_i/fifo_i/u51/A1 (AO21D1BWP12T)
                                                        0.0000     2.4221 f
  x_sub_system/x_core/if_stage_i/gen_prefetch_buffer_prefetch_buffer_i/fifo_i/u51/Z (AO21D1BWP12T)
                                                        0.0645     2.4866 f
  x_sub_system/x_core/if_stage_i/gen_prefetch_buffer_prefetch_buffer_i/fifo_i/n274 (net)
                                                3       0.0000     2.4866 f
  x_sub_system/x_core/if_stage_i/gen_prefetch_buffer_prefetch_buffer_i/fifo_i/u46/I (CKND1BWP12T)
                                                        0.0000     2.4866 f
  x_sub_system/x_core/if_stage_i/gen_prefetch_buffer_prefetch_buffer_i/fifo_i/u46/ZN (CKND1BWP12T)
                                                        0.0208     2.5074 r
  x_sub_system/x_core/if_stage_i/gen_prefetch_buffer_prefetch_buffer_i/fifo_i/n362 (net)
                                                1       0.0000     2.5074 r
  x_sub_system/x_core/if_stage_i/gen_prefetch_buffer_prefetch_buffer_i/fifo_i/u74/A1 (NR2D2BWP12T)
                                                        0.0000     2.5074 r
  x_sub_system/x_core/if_stage_i/gen_prefetch_buffer_prefetch_buffer_i/fifo_i/u74/ZN (NR2D2BWP12T)
                                                        0.0303     2.5377 f
  x_sub_system/x_core/if_stage_i/gen_prefetch_buffer_prefetch_buffer_i/fifo_i/n313 (net)
                                               21       0.0000     2.5377 f
  x_sub_system/x_core/if_stage_i/gen_prefetch_buffer_prefetch_buffer_i/fifo_i/u286/C2 (AO222D0BWP12T)
                                                        0.0000     2.5377 f
  x_sub_system/x_core/if_stage_i/gen_prefetch_buffer_prefetch_buffer_i/fifo_i/u286/Z (AO222D0BWP12T)
                                                        0.1754     2.7131 f
  x_sub_system/x_core/if_stage_i/gen_prefetch_buffer_prefetch_buffer_i/fifo_i/n237 (net)
                                                1       0.0000     2.7131 f
  x_sub_system/x_core/if_stage_i/gen_prefetch_buffer_prefetch_buffer_i/fifo_i/instr_addr_q_reg_14_/D (DFQD1BWP12T)
                                                        0.0000     2.7131 f
  data arrival time                                                2.7131

  clock clk1 (rise edge)                                3.0000     3.0000
  clock network delay (ideal)                           0.0000     3.0000
  clock uncertainty                                    -0.3000     2.7000
  x_sub_system/x_core/if_stage_i/gen_prefetch_buffer_prefetch_buffer_i/fifo_i/instr_addr_q_reg_14_/CP (DFQD1BWP12T)
                                                        0.0000     2.7000 r
  library setup time                                    0.0133     2.7133
  data required time                                               2.7133
  --------------------------------------------------------------------------
  data required time                                               2.7133
  data arrival time                                               -2.7131
  --------------------------------------------------------------------------
  slack (MET)                                                      0.0002


  Startpoint: x_sub_system/x_core/if_stage_i/instr_rdata_alu_id_o_reg_2_
              (rising edge-triggered flip-flop clocked by clk1)
  Endpoint: x_sub_system/x_core/if_stage_i/gen_prefetch_buffer_prefetch_buffer_i/fifo_i/instr_addr_q_reg_13_
            (rising edge-triggered flip-flop clocked by clk1)
  Path Group: clk1
  Path Type: max

  Des/Clust/Port     Wire Load Model       Library
  ------------------------------------------------
  soc_ahblite_ibex_csr_32_0_0_5
                     ZeroWireload          tcbn65gplusbwp12twc
  soc_ahblite_ibex_fetch_fifo_00000002_0
                     ZeroWireload          tcbn65gplusbwp12twc
  soc_ahblite_ibex_counter_CounterWidth64_1
                     ZeroWireload          tcbn65gplusbwp12twc
  soc_ahblite_ibex_counter_CounterWidth64_0
                     ZeroWireload          tcbn65gplusbwp12twc
  soc_ahblite_ibex_csr_32_0_0_1
                     ZeroWireload          tcbn65gplusbwp12twc
  soc_ahblite_ibex_csr_32_0_0_2
                     ZeroWireload          tcbn65gplusbwp12twc
  soc_ahblite_ibex_csr_32_0_0_3
                     ZeroWireload          tcbn65gplusbwp12twc
  soc_ahblite_ibex_csr_32_0_40000003_0
                     ZeroWireload          tcbn65gplusbwp12twc
  soc_ahblite_ibex_csr_32_0_00000001_0
                     ZeroWireload          tcbn65gplusbwp12twc
  soc_ahblite_ibex_csr_6_0_0_0
                     ZeroWireload          tcbn65gplusbwp12twc
  soc_ahblite_ibex_csr_32_0_0_4
                     ZeroWireload          tcbn65gplusbwp12twc
  soc_ahblite_ibex_csr_18_0_0_0
                     ZeroWireload          tcbn65gplusbwp12twc
  soc_ahblite_ibex_csr_32_0_0_0
                     ZeroWireload          tcbn65gplusbwp12twc
  soc_ahblite_ibex_csr_6_0_10_0
                     ZeroWireload          tcbn65gplusbwp12twc
  soc_ahblite_ibex_multdiv_fast_RV32M2_0
                     ZeroWireload          tcbn65gplusbwp12twc
  soc_ahblite_ibex_controller_0_0_0
                     ZeroWireload          tcbn65gplusbwp12twc
  soc_ahblite_ibex_prefetch_buffer_0_0
                     ZeroWireload          tcbn65gplusbwp12twc
  soc_ahblite_ibex_cs_registers_0_00000001_0_0_0_0_00000000_00000028_0_00000000_00000004_0_2_0_0
                     ZeroWireload          tcbn65gplusbwp12twc
  soc_ahblite_ibex_load_store_unit_0
                     ZeroWireload          tcbn65gplusbwp12twc
  soc_ahblite_ibex_ex_block_2_0_0_0
                     ZeroWireload          tcbn65gplusbwp12twc
  soc_ahblite_ibex_id_stage_0_2_0_0_0_0_0_0_0
                     ZeroWireload          tcbn65gplusbwp12twc
  soc_ahblite_ibex_if_stage_00000000_00000000_0_0_0_0_0_0
                     ZeroWireload          tcbn65gplusbwp12twc
  soc_ahblite_prim_clock_gating_0
                     ZeroWireload          tcbn65gplusbwp12twc
  soc_ahblite_ibex_core_00000000_00000000_0
                     ZeroWireload          tcbn65gplusbwp12twc
  soc_ahblite_ibex_decoder_0_2_0_0_0
                     ZeroWireload          tcbn65gplusbwp12twc
  soc_ahblite_ibex_register_file_ff_0_00000020_0_0
                     ZeroWireload          tcbn65gplusbwp12twc
  soc_ahblite_ibex_alu_RV32B0_0
                     ZeroWireload          tcbn65gplusbwp12twc

  Point                                       Fanout      Incr       Path
  --------------------------------------------------------------------------
  clock clk1 (rise edge)                                0.0000     0.0000
  clock network delay (ideal)                           0.0000     0.0000
  x_sub_system/x_core/if_stage_i/instr_rdata_alu_id_o_reg_2_/CP (EDFCNQD1BWP12T)
                                                        0.0000     0.0000 r
  x_sub_system/x_core/if_stage_i/instr_rdata_alu_id_o_reg_2_/Q (EDFCNQD1BWP12T)
                                                        0.1396     0.1396 f
  x_sub_system/x_core/if_stage_i/instr_rdata_alu_id_o[2] (net)
                                                6       0.0000     0.1396 f
  x_sub_system/x_core/if_stage_i/instr_rdata_alu_id_o[2] (soc_ahblite_ibex_if_stage_00000000_00000000_0_0_0_0_0_0)
                                                        0.0000     0.1396 f
  x_sub_system/x_core/instr_rdata_alu_id[2] (net)       0.0000     0.1396 f
  x_sub_system/x_core/id_stage_i/instr_rdata_alu_i[2] (soc_ahblite_ibex_id_stage_0_2_0_0_0_0_0_0_0)
                                                        0.0000     0.1396 f
  x_sub_system/x_core/id_stage_i/instr_rdata_alu_i[2] (net)
                                                        0.0000     0.1396 f
  x_sub_system/x_core/id_stage_i/decoder_i/instr_rdata_alu_i[2] (soc_ahblite_ibex_decoder_0_2_0_0_0)
                                                        0.0000     0.1396 f
  x_sub_system/x_core/id_stage_i/decoder_i/instr_rdata_alu_i[2] (net)
                                                        0.0000     0.1396 f
  x_sub_system/x_core/id_stage_i/decoder_i/u46/I (CKND2BWP12T)
                                                        0.0000     0.1396 f
  x_sub_system/x_core/id_stage_i/decoder_i/u46/ZN (CKND2BWP12T)
                                                        0.0174     0.1570 r
  x_sub_system/x_core/id_stage_i/decoder_i/n137 (net)
                                                3       0.0000     0.1570 r
  x_sub_system/x_core/id_stage_i/decoder_i/u4/A1 (CKAN2D2BWP12T)
                                                        0.0000     0.1570 r
  x_sub_system/x_core/id_stage_i/decoder_i/u4/Z (CKAN2D2BWP12T)
                                                        0.0483     0.2053 r
  x_sub_system/x_core/id_stage_i/decoder_i/n274 (net)
                                                1       0.0000     0.2053 r
  x_sub_system/x_core/id_stage_i/decoder_i/u8/A2 (CKND2D8BWP12T)
                                                        0.0000     0.2053 r
  x_sub_system/x_core/id_stage_i/decoder_i/u8/ZN (CKND2D8BWP12T)
                                                        0.0241     0.2294 f
  x_sub_system/x_core/id_stage_i/decoder_i/n243 (net)
                                                4       0.0000     0.2294 f
  x_sub_system/x_core/id_stage_i/decoder_i/u24/A1 (NR2XD4BWP12T)
                                                        0.0000     0.2294 f
  x_sub_system/x_core/id_stage_i/decoder_i/u24/ZN (NR2XD4BWP12T)
                                                        0.0228     0.2522 r
  x_sub_system/x_core/id_stage_i/decoder_i/n252 (net)
                                                5       0.0000     0.2522 r
  x_sub_system/x_core/id_stage_i/decoder_i/u312/S (MUX2ND4BWP12T)
                                                        0.0000     0.2522 r
  x_sub_system/x_core/id_stage_i/decoder_i/u312/ZN (MUX2ND4BWP12T)
                                                        0.0899     0.3422 r
  x_sub_system/x_core/id_stage_i/decoder_i/rf_raddr_a_o[4] (net)
                                                6       0.0000     0.3422 r
  x_sub_system/x_core/id_stage_i/decoder_i/rf_raddr_a_o[4] (soc_ahblite_ibex_decoder_0_2_0_0_0)
                                                        0.0000     0.3422 r
  x_sub_system/x_core/id_stage_i/rf_raddr_a_o[4] (net)
                                                        0.0000     0.3422 r
  x_sub_system/x_core/id_stage_i/rf_raddr_a_o[4] (soc_ahblite_ibex_id_stage_0_2_0_0_0_0_0_0_0)
                                                        0.0000     0.3422 r
  x_sub_system/x_core/rf_raddr_a[4] (net)               0.0000     0.3422 r
  x_sub_system/x_core/gen_regfile_ff_register_file_i/raddr_a_i[4] (soc_ahblite_ibex_register_file_ff_0_00000020_0_0)
                                                        0.0000     0.3422 r
  x_sub_system/x_core/gen_regfile_ff_register_file_i/raddr_a_i[4] (net)
                                                        0.0000     0.3422 r
  x_sub_system/x_core/gen_regfile_ff_register_file_i/u272/I (INVD2BWP12T)
                                                        0.0000     0.3422 r
  x_sub_system/x_core/gen_regfile_ff_register_file_i/u272/ZN (INVD2BWP12T)
                                                        0.0204     0.3626 f
  x_sub_system/x_core/gen_regfile_ff_register_file_i/n129 (net)
                                                1       0.0000     0.3626 f
  x_sub_system/x_core/gen_regfile_ff_register_file_i/u224/A2 (ND3D4BWP12T)
                                                        0.0000     0.3626 f
  x_sub_system/x_core/gen_regfile_ff_register_file_i/u224/ZN (ND3D4BWP12T)
                                                        0.0269     0.3895 r
  x_sub_system/x_core/gen_regfile_ff_register_file_i/n154 (net)
                                                4       0.0000     0.3895 r
  x_sub_system/x_core/gen_regfile_ff_register_file_i/u190/A1 (NR2D4BWP12T)
                                                        0.0000     0.3895 r
  x_sub_system/x_core/gen_regfile_ff_register_file_i/u190/ZN (NR2D4BWP12T)
                                                        0.0162     0.4057 f
  x_sub_system/x_core/gen_regfile_ff_register_file_i/n145 (net)
                                                1       0.0000     0.4057 f
  x_sub_system/x_core/gen_regfile_ff_register_file_i/u205/I (BUFFD12BWP12T)
                                                        0.0000     0.4057 f
  x_sub_system/x_core/gen_regfile_ff_register_file_i/u205/Z (BUFFD12BWP12T)
                                                        0.0411     0.4468 f
  x_sub_system/x_core/gen_regfile_ff_register_file_i/n2620 (net)
                                               32       0.0000     0.4468 f
  x_sub_system/x_core/gen_regfile_ff_register_file_i/u1233/B1 (AOI22D0BWP12T)
                                                        0.0000     0.4468 f
  x_sub_system/x_core/gen_regfile_ff_register_file_i/u1233/ZN (AOI22D0BWP12T)
                                                        0.0645     0.5114 r
  x_sub_system/x_core/gen_regfile_ff_register_file_i/n238 (net)
                                                1       0.0000     0.5114 r
  x_sub_system/x_core/gen_regfile_ff_register_file_i/u1292/A3 (ND4D1BWP12T)
                                                        0.0000     0.5114 r
  x_sub_system/x_core/gen_regfile_ff_register_file_i/u1292/ZN (ND4D1BWP12T)
                                                        0.0560     0.5674 f
  x_sub_system/x_core/gen_regfile_ff_register_file_i/n251 (net)
                                                1       0.0000     0.5674 f
  x_sub_system/x_core/gen_regfile_ff_register_file_i/u1297/A2 (OR4D1BWP12T)
                                                        0.0000     0.5674 f
  x_sub_system/x_core/gen_regfile_ff_register_file_i/u1297/Z (OR4D1BWP12T)
                                                        0.1137     0.6810 f
  x_sub_system/x_core/gen_regfile_ff_register_file_i/rdata_a_o[5] (net)
                                                2       0.0000     0.6810 f
  x_sub_system/x_core/gen_regfile_ff_register_file_i/rdata_a_o[5] (soc_ahblite_ibex_register_file_ff_0_00000020_0_0)
                                                        0.0000     0.6810 f
  x_sub_system/x_core/rf_rdata_a[5] (net)               0.0000     0.6810 f
  x_sub_system/x_core/id_stage_i/rf_rdata_a_i[5] (soc_ahblite_ibex_id_stage_0_2_0_0_0_0_0_0_0)
                                                        0.0000     0.6810 f
  x_sub_system/x_core/id_stage_i/rf_rdata_a_i[5] (net)
                                                        0.0000     0.6810 f
  x_sub_system/x_core/id_stage_i/u8/I (CKBD4BWP12T)     0.0000     0.6810 f
  x_sub_system/x_core/id_stage_i/u8/Z (CKBD4BWP12T)     0.0379     0.7190 f
  x_sub_system/x_core/id_stage_i/multdiv_operand_a_ex_o[5] (net)
                                                4       0.0000     0.7190 f
  x_sub_system/x_core/id_stage_i/multdiv_operand_a_ex_o[5] (soc_ahblite_ibex_id_stage_0_2_0_0_0_0_0_0_0)
                                                        0.0000     0.7190 f
  x_sub_system/x_core/multdiv_operand_a_ex[5] (net)     0.0000     0.7190 f
  x_sub_system/x_core/ex_block_i/multdiv_operand_a_i[5] (soc_ahblite_ibex_ex_block_2_0_0_0)
                                                        0.0000     0.7190 f
  x_sub_system/x_core/ex_block_i/multdiv_operand_a_i[5] (net)
                                                        0.0000     0.7190 f
  x_sub_system/x_core/ex_block_i/gen_multdiv_fast_multdiv_i/op_a_i[5] (soc_ahblite_ibex_multdiv_fast_RV32M2_0)
                                                        0.0000     0.7190 f
  x_sub_system/x_core/ex_block_i/gen_multdiv_fast_multdiv_i/op_a_i[5] (net)
                                                        0.0000     0.7190 f
  x_sub_system/x_core/ex_block_i/gen_multdiv_fast_multdiv_i/u218/I0 (MUX2D4BWP12T)
                                                        0.0000     0.7190 f
  x_sub_system/x_core/ex_block_i/gen_multdiv_fast_multdiv_i/u218/Z (MUX2D4BWP12T)
                                                        0.0698     0.7888 f
  x_sub_system/x_core/ex_block_i/gen_multdiv_fast_multdiv_i/n92 (net)
                                                9       0.0000     0.7888 f
  x_sub_system/x_core/ex_block_i/gen_multdiv_fast_multdiv_i/u191/A1 (XNR2D0BWP12T)
                                                        0.0000     0.7888 f
  x_sub_system/x_core/ex_block_i/gen_multdiv_fast_multdiv_i/u191/ZN (XNR2D0BWP12T)
                                                        0.0885     0.8773 r
  x_sub_system/x_core/ex_block_i/gen_multdiv_fast_multdiv_i/n240 (net)
                                                2       0.0000     0.8773 r
  x_sub_system/x_core/ex_block_i/gen_multdiv_fast_multdiv_i/u24/B1 (OAI22D2BWP12T)
                                                        0.0000     0.8773 r
  x_sub_system/x_core/ex_block_i/gen_multdiv_fast_multdiv_i/u24/ZN (OAI22D2BWP12T)
                                                        0.0356     0.9129 f
  x_sub_system/x_core/ex_block_i/gen_multdiv_fast_multdiv_i/n233 (net)
                                                1       0.0000     0.9129 f
  x_sub_system/x_core/ex_block_i/gen_multdiv_fast_multdiv_i/u572/B (FA1D1BWP12T)
                                                        0.0000     0.9129 f
  x_sub_system/x_core/ex_block_i/gen_multdiv_fast_multdiv_i/u572/CO (FA1D1BWP12T)
                                                        0.1022     1.0151 f
  x_sub_system/x_core/ex_block_i/gen_multdiv_fast_multdiv_i/n264 (net)
                                                1       0.0000     1.0151 f
  x_sub_system/x_core/ex_block_i/gen_multdiv_fast_multdiv_i/u1059/A (FA1D2BWP12T)
                                                        0.0000     1.0151 f
  x_sub_system/x_core/ex_block_i/gen_multdiv_fast_multdiv_i/u1059/CO (FA1D2BWP12T)
                                                        0.1108     1.1259 f
  x_sub_system/x_core/ex_block_i/gen_multdiv_fast_multdiv_i/n631 (net)
                                                1       0.0000     1.1259 f
  x_sub_system/x_core/ex_block_i/gen_multdiv_fast_multdiv_i/u722/A (FA1D1BWP12T)
                                                        0.0000     1.1259 f
  x_sub_system/x_core/ex_block_i/gen_multdiv_fast_multdiv_i/u722/CO (FA1D1BWP12T)
                                                        0.1086     1.2345 f
  x_sub_system/x_core/ex_block_i/gen_multdiv_fast_multdiv_i/n636 (net)
                                                1       0.0000     1.2345 f
  x_sub_system/x_core/ex_block_i/gen_multdiv_fast_multdiv_i/u411/B (FA1D1BWP12T)
                                                        0.0000     1.2345 f
  x_sub_system/x_core/ex_block_i/gen_multdiv_fast_multdiv_i/u411/CO (FA1D1BWP12T)
                                                        0.1052     1.3397 f
  x_sub_system/x_core/ex_block_i/gen_multdiv_fast_multdiv_i/n971 (net)
                                                3       0.0000     1.3397 f
  x_sub_system/x_core/ex_block_i/gen_multdiv_fast_multdiv_i/u325/A2 (ND2D1BWP12T)
                                                        0.0000     1.3397 f
  x_sub_system/x_core/ex_block_i/gen_multdiv_fast_multdiv_i/u325/ZN (ND2D1BWP12T)
                                                        0.0371     1.3768 r
  x_sub_system/x_core/ex_block_i/gen_multdiv_fast_multdiv_i/n973 (net)
                                                2       0.0000     1.3768 r
  x_sub_system/x_core/ex_block_i/gen_multdiv_fast_multdiv_i/u67/B (OAI21D4BWP12T)
                                                        0.0000     1.3768 r
  x_sub_system/x_core/ex_block_i/gen_multdiv_fast_multdiv_i/u67/ZN (OAI21D4BWP12T)
                                                        0.0377     1.4145 f
  x_sub_system/x_core/ex_block_i/gen_multdiv_fast_multdiv_i/n909 (net)
                                                3       0.0000     1.4145 f
  x_sub_system/x_core/ex_block_i/gen_multdiv_fast_multdiv_i/u303/A1 (AOI21D4BWP12T)
                                                        0.0000     1.4145 f
  x_sub_system/x_core/ex_block_i/gen_multdiv_fast_multdiv_i/u303/ZN (AOI21D4BWP12T)
                                                        0.0368     1.4513 r
  x_sub_system/x_core/ex_block_i/gen_multdiv_fast_multdiv_i/n958 (net)
                                                8       0.0000     1.4513 r
  x_sub_system/x_core/ex_block_i/gen_multdiv_fast_multdiv_i/u122/A1 (OAI21D1BWP12T)
                                                        0.0000     1.4513 r
  x_sub_system/x_core/ex_block_i/gen_multdiv_fast_multdiv_i/u122/ZN (OAI21D1BWP12T)
                                                        0.0278     1.4790 f
  x_sub_system/x_core/ex_block_i/gen_multdiv_fast_multdiv_i/n878 (net)
                                                1       0.0000     1.4790 f
  x_sub_system/x_core/ex_block_i/gen_multdiv_fast_multdiv_i/u356/B (AOI21D1BWP12T)
                                                        0.0000     1.4790 f
  x_sub_system/x_core/ex_block_i/gen_multdiv_fast_multdiv_i/u356/ZN (AOI21D1BWP12T)
                                                        0.0502     1.5293 r
  x_sub_system/x_core/ex_block_i/gen_multdiv_fast_multdiv_i/n882 (net)
                                                1       0.0000     1.5293 r
  x_sub_system/x_core/ex_block_i/gen_multdiv_fast_multdiv_i/u461/A1 (XOR2D1BWP12T)
                                                        0.0000     1.5293 r
  x_sub_system/x_core/ex_block_i/gen_multdiv_fast_multdiv_i/u461/Z (XOR2D1BWP12T)
                                                        0.0742     1.6035 f
  x_sub_system/x_core/ex_block_i/gen_multdiv_fast_multdiv_i/n890 (net)
                                                2       0.0000     1.6035 f
  x_sub_system/x_core/ex_block_i/gen_multdiv_fast_multdiv_i/u8/A1 (OAI21D1BWP12T)
                                                        0.0000     1.6035 f
  x_sub_system/x_core/ex_block_i/gen_multdiv_fast_multdiv_i/u8/ZN (OAI21D1BWP12T)
                                                        0.0322     1.6357 r
  x_sub_system/x_core/ex_block_i/gen_multdiv_fast_multdiv_i/n1789 (net)
                                                1       0.0000     1.6357 r
  x_sub_system/x_core/ex_block_i/gen_multdiv_fast_multdiv_i/u11/A1 (CKND2D2BWP12T)
                                                        0.0000     1.6357 r
  x_sub_system/x_core/ex_block_i/gen_multdiv_fast_multdiv_i/u11/ZN (CKND2D2BWP12T)
                                                        0.0310     1.6667 f
  x_sub_system/x_core/ex_block_i/gen_multdiv_fast_multdiv_i/multdiv_result_o[26] (net)
                                                2       0.0000     1.6667 f
  x_sub_system/x_core/ex_block_i/gen_multdiv_fast_multdiv_i/multdiv_result_o[26] (soc_ahblite_ibex_multdiv_fast_RV32M2_0)
                                                        0.0000     1.6667 f
  x_sub_system/x_core/ex_block_i/multdiv_result[26] (net)
                                                        0.0000     1.6667 f
  x_sub_system/x_core/ex_block_i/u61/A1 (ND2D2BWP12T)   0.0000     1.6667 f
  x_sub_system/x_core/ex_block_i/u61/ZN (ND2D2BWP12T)   0.0186     1.6853 r
  x_sub_system/x_core/ex_block_i/n88 (net)      1       0.0000     1.6853 r
  x_sub_system/x_core/ex_block_i/u13/B (IOA21D2BWP12T)
                                                        0.0000     1.6853 r
  x_sub_system/x_core/ex_block_i/u13/ZN (IOA21D2BWP12T)
                                                        0.0265     1.7119 f
  x_sub_system/x_core/ex_block_i/alu_operand_b_i_true[26] (net)
                                                4       0.0000     1.7119 f
  x_sub_system/x_core/ex_block_i/alu_i/operand_b_i[26] (soc_ahblite_ibex_alu_RV32B0_0)
                                                        0.0000     1.7119 f
  x_sub_system/x_core/ex_block_i/alu_i/operand_b_i[26] (net)
                                                        0.0000     1.7119 f
  x_sub_system/x_core/ex_block_i/alu_i/u476/S (MUX2ND0BWP12T)
                                                        0.0000     1.7119 f
  x_sub_system/x_core/ex_block_i/alu_i/u476/ZN (MUX2ND0BWP12T)
                                                        0.0602     1.7721 f
  x_sub_system/x_core/ex_block_i/alu_i/n170 (net)
                                                1       0.0000     1.7721 f
  x_sub_system/x_core/ex_block_i/alu_i/u153/A1 (ND2D2BWP12T)
                                                        0.0000     1.7721 f
  x_sub_system/x_core/ex_block_i/alu_i/u153/ZN (ND2D2BWP12T)
                                                        0.0338     1.8059 r
  x_sub_system/x_core/ex_block_i/alu_i/n180 (net)
                                                2       0.0000     1.8059 r
  x_sub_system/x_core/ex_block_i/alu_i/u150/A1 (NR2XD2BWP12T)
                                                        0.0000     1.8059 r
  x_sub_system/x_core/ex_block_i/alu_i/u150/ZN (NR2XD2BWP12T)
                                                        0.0265     1.8324 f
  x_sub_system/x_core/ex_block_i/alu_i/n236 (net)
                                                3       0.0000     1.8324 f
  x_sub_system/x_core/ex_block_i/alu_i/u24/A2 (NR2XD2BWP12T)
                                                        0.0000     1.8324 f
  x_sub_system/x_core/ex_block_i/alu_i/u24/ZN (NR2XD2BWP12T)
                                                        0.0369     1.8693 r
  x_sub_system/x_core/ex_block_i/alu_i/n182 (net)
                                                2       0.0000     1.8693 r
  x_sub_system/x_core/ex_block_i/alu_i/u25/A2 (ND2D2BWP12T)
                                                        0.0000     1.8693 r
  x_sub_system/x_core/ex_block_i/alu_i/u25/ZN (ND2D2BWP12T)
                                                        0.0265     1.8958 f
  x_sub_system/x_core/ex_block_i/alu_i/n248 (net)
                                                3       0.0000     1.8958 f
  x_sub_system/x_core/ex_block_i/alu_i/u136/A1 (NR2XD0BWP12T)
                                                        0.0000     1.8958 f
  x_sub_system/x_core/ex_block_i/alu_i/u136/ZN (NR2XD0BWP12T)
                                                        0.0255     1.9213 r
  x_sub_system/x_core/ex_block_i/alu_i/n195 (net)
                                                1       0.0000     1.9213 r
  x_sub_system/x_core/ex_block_i/alu_i/u50/A1 (AN2D2BWP12T)
                                                        0.0000     1.9213 r
  x_sub_system/x_core/ex_block_i/alu_i/u50/Z (AN2D2BWP12T)
                                                        0.0472     1.9684 r
  x_sub_system/x_core/ex_block_i/alu_i/n9 (net)
                                                1       0.0000     1.9684 r
  x_sub_system/x_core/ex_block_i/alu_i/u230/A1 (NR2D3BWP12T)
                                                        0.0000     1.9684 r
  x_sub_system/x_core/ex_block_i/alu_i/u230/ZN (NR2D3BWP12T)
                                                        0.0150     1.9835 f
  x_sub_system/x_core/ex_block_i/alu_i/n260 (net)
                                                2       0.0000     1.9835 f
  x_sub_system/x_core/ex_block_i/alu_i/u106/A1 (OAI21D4BWP12T)
                                                        0.0000     1.9835 f
  x_sub_system/x_core/ex_block_i/alu_i/u106/ZN (OAI21D4BWP12T)
                                                        0.0310     2.0144 r
  x_sub_system/x_core/ex_block_i/alu_i/n210 (net)
                                                2       0.0000     2.0144 r
  x_sub_system/x_core/ex_block_i/alu_i/u77/B (IOA21D2BWP12T)
                                                        0.0000     2.0144 r
  x_sub_system/x_core/ex_block_i/alu_i/u77/ZN (IOA21D2BWP12T)
                                                        0.0212     2.0356 f
  x_sub_system/x_core/ex_block_i/alu_i/n213 (net)
                                                1       0.0000     2.0356 f
  x_sub_system/x_core/ex_block_i/alu_i/u125/B (IOA21D2BWP12T)
                                                        0.0000     2.0356 f
  x_sub_system/x_core/ex_block_i/alu_i/u125/ZN (IOA21D2BWP12T)
                                                        0.0146     2.0502 r
  x_sub_system/x_core/ex_block_i/alu_i/n224 (net)
                                                1       0.0000     2.0502 r
  x_sub_system/x_core/ex_block_i/alu_i/u123/A1 (XOR2D2BWP12T)
                                                        0.0000     2.0502 r
  x_sub_system/x_core/ex_block_i/alu_i/u123/Z (XOR2D2BWP12T)
                                                        0.0817     2.1319 f
  x_sub_system/x_core/ex_block_i/alu_i/adder_result_o[31] (net)
                                                5       0.0000     2.1319 f
  x_sub_system/x_core/ex_block_i/alu_i/u122/A1 (ND2D1BWP12T)
                                                        0.0000     2.1319 f
  x_sub_system/x_core/ex_block_i/alu_i/u122/ZN (ND2D1BWP12T)
                                                        0.0264     2.1582 r
  x_sub_system/x_core/ex_block_i/alu_i/n425 (net)
                                                1       0.0000     2.1582 r
  x_sub_system/x_core/ex_block_i/alu_i/u102/A1 (ND3D2BWP12T)
                                                        0.0000     2.1582 r
  x_sub_system/x_core/ex_block_i/alu_i/u102/ZN (ND3D2BWP12T)
                                                        0.0251     2.1834 f
  x_sub_system/x_core/ex_block_i/alu_i/n426 (net)
                                                1       0.0000     2.1834 f
  x_sub_system/x_core/ex_block_i/alu_i/u105/A2 (NR2XD1BWP12T)
                                                        0.0000     2.1834 f
  x_sub_system/x_core/ex_block_i/alu_i/u105/ZN (NR2XD1BWP12T)
                                                        0.0284     2.2118 r
  x_sub_system/x_core/ex_block_i/alu_i/n427 (net)
                                                1       0.0000     2.2118 r
  x_sub_system/x_core/ex_block_i/alu_i/u12/A2 (CKND2D2BWP12T)
                                                        0.0000     2.2118 r
  x_sub_system/x_core/ex_block_i/alu_i/u12/ZN (CKND2D2BWP12T)
                                                        0.0237     2.2355 f
  x_sub_system/x_core/ex_block_i/alu_i/comparison_result_o (net)
                                                2       0.0000     2.2355 f
  x_sub_system/x_core/ex_block_i/alu_i/comparison_result_o (soc_ahblite_ibex_alu_RV32B0_0)
                                                        0.0000     2.2355 f
  x_sub_system/x_core/ex_block_i/branch_decision_o (net)
                                                        0.0000     2.2355 f
  x_sub_system/x_core/ex_block_i/branch_decision_o (soc_ahblite_ibex_ex_block_2_0_0_0)
                                                        0.0000     2.2355 f
  x_sub_system/x_core/branch_decision (net)             0.0000     2.2355 f
  x_sub_system/x_core/id_stage_i/branch_decision_i (soc_ahblite_ibex_id_stage_0_2_0_0_0_0_0_0_0)
                                                        0.0000     2.2355 f
  x_sub_system/x_core/id_stage_i/branch_decision_i (net)
                                                        0.0000     2.2355 f
  x_sub_system/x_core/id_stage_i/u60/A1 (ND2D2BWP12T)   0.0000     2.2355 f
  x_sub_system/x_core/id_stage_i/u60/ZN (ND2D2BWP12T)   0.0189     2.2545 r
  x_sub_system/x_core/id_stage_i/n167 (net)     3       0.0000     2.2545 r
  x_sub_system/x_core/id_stage_i/u67/A1 (ND2D2BWP12T)   0.0000     2.2545 r
  x_sub_system/x_core/id_stage_i/u67/ZN (ND2D2BWP12T)   0.0182     2.2726 f
  x_sub_system/x_core/id_stage_i/n118 (net)     1       0.0000     2.2726 f
  x_sub_system/x_core/id_stage_i/u21/I (INVD2BWP12T)    0.0000     2.2726 f
  x_sub_system/x_core/id_stage_i/u21/ZN (INVD2BWP12T)   0.0191     2.2918 r
  x_sub_system/x_core/id_stage_i/csr_op_en_o (net)
                                                3       0.0000     2.2918 r
  x_sub_system/x_core/id_stage_i/u19/A1 (CKAN2D2BWP12T)
                                                        0.0000     2.2918 r
  x_sub_system/x_core/id_stage_i/u19/Z (CKAN2D2BWP12T)
                                                        0.0428     2.3346 r
  x_sub_system/x_core/id_stage_i/n51 (net)      2       0.0000     2.3346 r
  x_sub_system/x_core/id_stage_i/controller_i/csr_pipe_flush_i (soc_ahblite_ibex_controller_0_0_0)
                                                        0.0000     2.3346 r
  x_sub_system/x_core/id_stage_i/controller_i/csr_pipe_flush_i (net)
                                                        0.0000     2.3346 r
  x_sub_system/x_core/id_stage_i/controller_i/u18/A1 (ND2D1BWP12T)
                                                        0.0000     2.3346 r
  x_sub_system/x_core/id_stage_i/controller_i/u18/ZN (ND2D1BWP12T)
                                                        0.0264     2.3610 f
  x_sub_system/x_core/id_stage_i/controller_i/n265 (net)
                                                1       0.0000     2.3610 f
  x_sub_system/x_core/id_stage_i/controller_i/u9/A1 (CKND2D4BWP12T)
                                                        0.0000     2.3610 f
  x_sub_system/x_core/id_stage_i/controller_i/u9/ZN (CKND2D4BWP12T)
                                                        0.0309     2.3919 r
  x_sub_system/x_core/id_stage_i/controller_i/n266 (net)
                                                1       0.0000     2.3919 r
  x_sub_system/x_core/id_stage_i/controller_i/u6/B (AOI211XD4BWP12T)
                                                        0.0000     2.3919 r
  x_sub_system/x_core/id_stage_i/controller_i/u6/ZN (AOI211XD4BWP12T)
                                                        0.0302     2.4221 f
  x_sub_system/x_core/id_stage_i/controller_i/id_in_ready_o (net)
                                                6       0.0000     2.4221 f
  x_sub_system/x_core/id_stage_i/controller_i/id_in_ready_o (soc_ahblite_ibex_controller_0_0_0)
                                                        0.0000     2.4221 f
  x_sub_system/x_core/id_stage_i/id_in_ready_o (net)    0.0000     2.4221 f
  x_sub_system/x_core/id_stage_i/id_in_ready_o (soc_ahblite_ibex_id_stage_0_2_0_0_0_0_0_0_0)
                                                        0.0000     2.4221 f
  x_sub_system/x_core/id_in_ready (net)                 0.0000     2.4221 f
  x_sub_system/x_core/if_stage_i/id_in_ready_i (soc_ahblite_ibex_if_stage_00000000_00000000_0_0_0_0_0_0)
                                                        0.0000     2.4221 f
  x_sub_system/x_core/if_stage_i/id_in_ready_i (net)    0.0000     2.4221 f
  x_sub_system/x_core/if_stage_i/gen_prefetch_buffer_prefetch_buffer_i/ready_i (soc_ahblite_ibex_prefetch_buffer_0_0)
                                                        0.0000     2.4221 f
  x_sub_system/x_core/if_stage_i/gen_prefetch_buffer_prefetch_buffer_i/ready_i (net)
                                                        0.0000     2.4221 f
  x_sub_system/x_core/if_stage_i/gen_prefetch_buffer_prefetch_buffer_i/fifo_i/out_ready_i (soc_ahblite_ibex_fetch_fifo_00000002_0)
                                                        0.0000     2.4221 f
  x_sub_system/x_core/if_stage_i/gen_prefetch_buffer_prefetch_buffer_i/fifo_i/out_ready_i (net)
                                                        0.0000     2.4221 f
  x_sub_system/x_core/if_stage_i/gen_prefetch_buffer_prefetch_buffer_i/fifo_i/u51/A1 (AO21D1BWP12T)
                                                        0.0000     2.4221 f
  x_sub_system/x_core/if_stage_i/gen_prefetch_buffer_prefetch_buffer_i/fifo_i/u51/Z (AO21D1BWP12T)
                                                        0.0645     2.4866 f
  x_sub_system/x_core/if_stage_i/gen_prefetch_buffer_prefetch_buffer_i/fifo_i/n274 (net)
                                                3       0.0000     2.4866 f
  x_sub_system/x_core/if_stage_i/gen_prefetch_buffer_prefetch_buffer_i/fifo_i/u46/I (CKND1BWP12T)
                                                        0.0000     2.4866 f
  x_sub_system/x_core/if_stage_i/gen_prefetch_buffer_prefetch_buffer_i/fifo_i/u46/ZN (CKND1BWP12T)
                                                        0.0208     2.5074 r
  x_sub_system/x_core/if_stage_i/gen_prefetch_buffer_prefetch_buffer_i/fifo_i/n362 (net)
                                                1       0.0000     2.5074 r
  x_sub_system/x_core/if_stage_i/gen_prefetch_buffer_prefetch_buffer_i/fifo_i/u74/A1 (NR2D2BWP12T)
                                                        0.0000     2.5074 r
  x_sub_system/x_core/if_stage_i/gen_prefetch_buffer_prefetch_buffer_i/fifo_i/u74/ZN (NR2D2BWP12T)
                                                        0.0303     2.5377 f
  x_sub_system/x_core/if_stage_i/gen_prefetch_buffer_prefetch_buffer_i/fifo_i/n313 (net)
                                               21       0.0000     2.5377 f
  x_sub_system/x_core/if_stage_i/gen_prefetch_buffer_prefetch_buffer_i/fifo_i/u285/C2 (AO222D0BWP12T)
                                                        0.0000     2.5377 f
  x_sub_system/x_core/if_stage_i/gen_prefetch_buffer_prefetch_buffer_i/fifo_i/u285/Z (AO222D0BWP12T)
                                                        0.1754     2.7131 f
  x_sub_system/x_core/if_stage_i/gen_prefetch_buffer_prefetch_buffer_i/fifo_i/n238 (net)
                                                1       0.0000     2.7131 f
  x_sub_system/x_core/if_stage_i/gen_prefetch_buffer_prefetch_buffer_i/fifo_i/instr_addr_q_reg_13_/D (DFQD1BWP12T)
                                                        0.0000     2.7131 f
  data arrival time                                                2.7131

  clock clk1 (rise edge)                                3.0000     3.0000
  clock network delay (ideal)                           0.0000     3.0000
  clock uncertainty                                    -0.3000     2.7000
  x_sub_system/x_core/if_stage_i/gen_prefetch_buffer_prefetch_buffer_i/fifo_i/instr_addr_q_reg_13_/CP (DFQD1BWP12T)
                                                        0.0000     2.7000 r
  library setup time                                    0.0133     2.7133
  data required time                                               2.7133
  --------------------------------------------------------------------------
  data required time                                               2.7133
  data arrival time                                               -2.7131
  --------------------------------------------------------------------------
  slack (MET)                                                      0.0002


  Startpoint: x_sub_system/x_core/if_stage_i/instr_rdata_alu_id_o_reg_2_
              (rising edge-triggered flip-flop clocked by clk1)
  Endpoint: x_sub_system/x_core/if_stage_i/gen_prefetch_buffer_prefetch_buffer_i/fifo_i/instr_addr_q_reg_11_
            (rising edge-triggered flip-flop clocked by clk1)
  Path Group: clk1
  Path Type: max

  Des/Clust/Port     Wire Load Model       Library
  ------------------------------------------------
  soc_ahblite_ibex_csr_32_0_0_5
                     ZeroWireload          tcbn65gplusbwp12twc
  soc_ahblite_ibex_fetch_fifo_00000002_0
                     ZeroWireload          tcbn65gplusbwp12twc
  soc_ahblite_ibex_counter_CounterWidth64_1
                     ZeroWireload          tcbn65gplusbwp12twc
  soc_ahblite_ibex_counter_CounterWidth64_0
                     ZeroWireload          tcbn65gplusbwp12twc
  soc_ahblite_ibex_csr_32_0_0_1
                     ZeroWireload          tcbn65gplusbwp12twc
  soc_ahblite_ibex_csr_32_0_0_2
                     ZeroWireload          tcbn65gplusbwp12twc
  soc_ahblite_ibex_csr_32_0_0_3
                     ZeroWireload          tcbn65gplusbwp12twc
  soc_ahblite_ibex_csr_32_0_40000003_0
                     ZeroWireload          tcbn65gplusbwp12twc
  soc_ahblite_ibex_csr_32_0_00000001_0
                     ZeroWireload          tcbn65gplusbwp12twc
  soc_ahblite_ibex_csr_6_0_0_0
                     ZeroWireload          tcbn65gplusbwp12twc
  soc_ahblite_ibex_csr_32_0_0_4
                     ZeroWireload          tcbn65gplusbwp12twc
  soc_ahblite_ibex_csr_18_0_0_0
                     ZeroWireload          tcbn65gplusbwp12twc
  soc_ahblite_ibex_csr_32_0_0_0
                     ZeroWireload          tcbn65gplusbwp12twc
  soc_ahblite_ibex_csr_6_0_10_0
                     ZeroWireload          tcbn65gplusbwp12twc
  soc_ahblite_ibex_multdiv_fast_RV32M2_0
                     ZeroWireload          tcbn65gplusbwp12twc
  soc_ahblite_ibex_controller_0_0_0
                     ZeroWireload          tcbn65gplusbwp12twc
  soc_ahblite_ibex_prefetch_buffer_0_0
                     ZeroWireload          tcbn65gplusbwp12twc
  soc_ahblite_ibex_cs_registers_0_00000001_0_0_0_0_00000000_00000028_0_00000000_00000004_0_2_0_0
                     ZeroWireload          tcbn65gplusbwp12twc
  soc_ahblite_ibex_load_store_unit_0
                     ZeroWireload          tcbn65gplusbwp12twc
  soc_ahblite_ibex_ex_block_2_0_0_0
                     ZeroWireload          tcbn65gplusbwp12twc
  soc_ahblite_ibex_id_stage_0_2_0_0_0_0_0_0_0
                     ZeroWireload          tcbn65gplusbwp12twc
  soc_ahblite_ibex_if_stage_00000000_00000000_0_0_0_0_0_0
                     ZeroWireload          tcbn65gplusbwp12twc
  soc_ahblite_prim_clock_gating_0
                     ZeroWireload          tcbn65gplusbwp12twc
  soc_ahblite_ibex_core_00000000_00000000_0
                     ZeroWireload          tcbn65gplusbwp12twc
  soc_ahblite_ibex_decoder_0_2_0_0_0
                     ZeroWireload          tcbn65gplusbwp12twc
  soc_ahblite_ibex_register_file_ff_0_00000020_0_0
                     ZeroWireload          tcbn65gplusbwp12twc
  soc_ahblite_ibex_alu_RV32B0_0
                     ZeroWireload          tcbn65gplusbwp12twc

  Point                                       Fanout      Incr       Path
  --------------------------------------------------------------------------
  clock clk1 (rise edge)                                0.0000     0.0000
  clock network delay (ideal)                           0.0000     0.0000
  x_sub_system/x_core/if_stage_i/instr_rdata_alu_id_o_reg_2_/CP (EDFCNQD1BWP12T)
                                                        0.0000     0.0000 r
  x_sub_system/x_core/if_stage_i/instr_rdata_alu_id_o_reg_2_/Q (EDFCNQD1BWP12T)
                                                        0.1396     0.1396 f
  x_sub_system/x_core/if_stage_i/instr_rdata_alu_id_o[2] (net)
                                                6       0.0000     0.1396 f
  x_sub_system/x_core/if_stage_i/instr_rdata_alu_id_o[2] (soc_ahblite_ibex_if_stage_00000000_00000000_0_0_0_0_0_0)
                                                        0.0000     0.1396 f
  x_sub_system/x_core/instr_rdata_alu_id[2] (net)       0.0000     0.1396 f
  x_sub_system/x_core/id_stage_i/instr_rdata_alu_i[2] (soc_ahblite_ibex_id_stage_0_2_0_0_0_0_0_0_0)
                                                        0.0000     0.1396 f
  x_sub_system/x_core/id_stage_i/instr_rdata_alu_i[2] (net)
                                                        0.0000     0.1396 f
  x_sub_system/x_core/id_stage_i/decoder_i/instr_rdata_alu_i[2] (soc_ahblite_ibex_decoder_0_2_0_0_0)
                                                        0.0000     0.1396 f
  x_sub_system/x_core/id_stage_i/decoder_i/instr_rdata_alu_i[2] (net)
                                                        0.0000     0.1396 f
  x_sub_system/x_core/id_stage_i/decoder_i/u46/I (CKND2BWP12T)
                                                        0.0000     0.1396 f
  x_sub_system/x_core/id_stage_i/decoder_i/u46/ZN (CKND2BWP12T)
                                                        0.0174     0.1570 r
  x_sub_system/x_core/id_stage_i/decoder_i/n137 (net)
                                                3       0.0000     0.1570 r
  x_sub_system/x_core/id_stage_i/decoder_i/u4/A1 (CKAN2D2BWP12T)
                                                        0.0000     0.1570 r
  x_sub_system/x_core/id_stage_i/decoder_i/u4/Z (CKAN2D2BWP12T)
                                                        0.0483     0.2053 r
  x_sub_system/x_core/id_stage_i/decoder_i/n274 (net)
                                                1       0.0000     0.2053 r
  x_sub_system/x_core/id_stage_i/decoder_i/u8/A2 (CKND2D8BWP12T)
                                                        0.0000     0.2053 r
  x_sub_system/x_core/id_stage_i/decoder_i/u8/ZN (CKND2D8BWP12T)
                                                        0.0241     0.2294 f
  x_sub_system/x_core/id_stage_i/decoder_i/n243 (net)
                                                4       0.0000     0.2294 f
  x_sub_system/x_core/id_stage_i/decoder_i/u24/A1 (NR2XD4BWP12T)
                                                        0.0000     0.2294 f
  x_sub_system/x_core/id_stage_i/decoder_i/u24/ZN (NR2XD4BWP12T)
                                                        0.0228     0.2522 r
  x_sub_system/x_core/id_stage_i/decoder_i/n252 (net)
                                                5       0.0000     0.2522 r
  x_sub_system/x_core/id_stage_i/decoder_i/u312/S (MUX2ND4BWP12T)
                                                        0.0000     0.2522 r
  x_sub_system/x_core/id_stage_i/decoder_i/u312/ZN (MUX2ND4BWP12T)
                                                        0.0899     0.3422 r
  x_sub_system/x_core/id_stage_i/decoder_i/rf_raddr_a_o[4] (net)
                                                6       0.0000     0.3422 r
  x_sub_system/x_core/id_stage_i/decoder_i/rf_raddr_a_o[4] (soc_ahblite_ibex_decoder_0_2_0_0_0)
                                                        0.0000     0.3422 r
  x_sub_system/x_core/id_stage_i/rf_raddr_a_o[4] (net)
                                                        0.0000     0.3422 r
  x_sub_system/x_core/id_stage_i/rf_raddr_a_o[4] (soc_ahblite_ibex_id_stage_0_2_0_0_0_0_0_0_0)
                                                        0.0000     0.3422 r
  x_sub_system/x_core/rf_raddr_a[4] (net)               0.0000     0.3422 r
  x_sub_system/x_core/gen_regfile_ff_register_file_i/raddr_a_i[4] (soc_ahblite_ibex_register_file_ff_0_00000020_0_0)
                                                        0.0000     0.3422 r
  x_sub_system/x_core/gen_regfile_ff_register_file_i/raddr_a_i[4] (net)
                                                        0.0000     0.3422 r
  x_sub_system/x_core/gen_regfile_ff_register_file_i/u272/I (INVD2BWP12T)
                                                        0.0000     0.3422 r
  x_sub_system/x_core/gen_regfile_ff_register_file_i/u272/ZN (INVD2BWP12T)
                                                        0.0204     0.3626 f
  x_sub_system/x_core/gen_regfile_ff_register_file_i/n129 (net)
                                                1       0.0000     0.3626 f
  x_sub_system/x_core/gen_regfile_ff_register_file_i/u224/A2 (ND3D4BWP12T)
                                                        0.0000     0.3626 f
  x_sub_system/x_core/gen_regfile_ff_register_file_i/u224/ZN (ND3D4BWP12T)
                                                        0.0269     0.3895 r
  x_sub_system/x_core/gen_regfile_ff_register_file_i/n154 (net)
                                                4       0.0000     0.3895 r
  x_sub_system/x_core/gen_regfile_ff_register_file_i/u190/A1 (NR2D4BWP12T)
                                                        0.0000     0.3895 r
  x_sub_system/x_core/gen_regfile_ff_register_file_i/u190/ZN (NR2D4BWP12T)
                                                        0.0162     0.4057 f
  x_sub_system/x_core/gen_regfile_ff_register_file_i/n145 (net)
                                                1       0.0000     0.4057 f
  x_sub_system/x_core/gen_regfile_ff_register_file_i/u205/I (BUFFD12BWP12T)
                                                        0.0000     0.4057 f
  x_sub_system/x_core/gen_regfile_ff_register_file_i/u205/Z (BUFFD12BWP12T)
                                                        0.0411     0.4468 f
  x_sub_system/x_core/gen_regfile_ff_register_file_i/n2620 (net)
                                               32       0.0000     0.4468 f
  x_sub_system/x_core/gen_regfile_ff_register_file_i/u1233/B1 (AOI22D0BWP12T)
                                                        0.0000     0.4468 f
  x_sub_system/x_core/gen_regfile_ff_register_file_i/u1233/ZN (AOI22D0BWP12T)
                                                        0.0645     0.5114 r
  x_sub_system/x_core/gen_regfile_ff_register_file_i/n238 (net)
                                                1       0.0000     0.5114 r
  x_sub_system/x_core/gen_regfile_ff_register_file_i/u1292/A3 (ND4D1BWP12T)
                                                        0.0000     0.5114 r
  x_sub_system/x_core/gen_regfile_ff_register_file_i/u1292/ZN (ND4D1BWP12T)
                                                        0.0560     0.5674 f
  x_sub_system/x_core/gen_regfile_ff_register_file_i/n251 (net)
                                                1       0.0000     0.5674 f
  x_sub_system/x_core/gen_regfile_ff_register_file_i/u1297/A2 (OR4D1BWP12T)
                                                        0.0000     0.5674 f
  x_sub_system/x_core/gen_regfile_ff_register_file_i/u1297/Z (OR4D1BWP12T)
                                                        0.1137     0.6810 f
  x_sub_system/x_core/gen_regfile_ff_register_file_i/rdata_a_o[5] (net)
                                                2       0.0000     0.6810 f
  x_sub_system/x_core/gen_regfile_ff_register_file_i/rdata_a_o[5] (soc_ahblite_ibex_register_file_ff_0_00000020_0_0)
                                                        0.0000     0.6810 f
  x_sub_system/x_core/rf_rdata_a[5] (net)               0.0000     0.6810 f
  x_sub_system/x_core/id_stage_i/rf_rdata_a_i[5] (soc_ahblite_ibex_id_stage_0_2_0_0_0_0_0_0_0)
                                                        0.0000     0.6810 f
  x_sub_system/x_core/id_stage_i/rf_rdata_a_i[5] (net)
                                                        0.0000     0.6810 f
  x_sub_system/x_core/id_stage_i/u8/I (CKBD4BWP12T)     0.0000     0.6810 f
  x_sub_system/x_core/id_stage_i/u8/Z (CKBD4BWP12T)     0.0379     0.7190 f
  x_sub_system/x_core/id_stage_i/multdiv_operand_a_ex_o[5] (net)
                                                4       0.0000     0.7190 f
  x_sub_system/x_core/id_stage_i/multdiv_operand_a_ex_o[5] (soc_ahblite_ibex_id_stage_0_2_0_0_0_0_0_0_0)
                                                        0.0000     0.7190 f
  x_sub_system/x_core/multdiv_operand_a_ex[5] (net)     0.0000     0.7190 f
  x_sub_system/x_core/ex_block_i/multdiv_operand_a_i[5] (soc_ahblite_ibex_ex_block_2_0_0_0)
                                                        0.0000     0.7190 f
  x_sub_system/x_core/ex_block_i/multdiv_operand_a_i[5] (net)
                                                        0.0000     0.7190 f
  x_sub_system/x_core/ex_block_i/gen_multdiv_fast_multdiv_i/op_a_i[5] (soc_ahblite_ibex_multdiv_fast_RV32M2_0)
                                                        0.0000     0.7190 f
  x_sub_system/x_core/ex_block_i/gen_multdiv_fast_multdiv_i/op_a_i[5] (net)
                                                        0.0000     0.7190 f
  x_sub_system/x_core/ex_block_i/gen_multdiv_fast_multdiv_i/u218/I0 (MUX2D4BWP12T)
                                                        0.0000     0.7190 f
  x_sub_system/x_core/ex_block_i/gen_multdiv_fast_multdiv_i/u218/Z (MUX2D4BWP12T)
                                                        0.0698     0.7888 f
  x_sub_system/x_core/ex_block_i/gen_multdiv_fast_multdiv_i/n92 (net)
                                                9       0.0000     0.7888 f
  x_sub_system/x_core/ex_block_i/gen_multdiv_fast_multdiv_i/u191/A1 (XNR2D0BWP12T)
                                                        0.0000     0.7888 f
  x_sub_system/x_core/ex_block_i/gen_multdiv_fast_multdiv_i/u191/ZN (XNR2D0BWP12T)
                                                        0.0885     0.8773 r
  x_sub_system/x_core/ex_block_i/gen_multdiv_fast_multdiv_i/n240 (net)
                                                2       0.0000     0.8773 r
  x_sub_system/x_core/ex_block_i/gen_multdiv_fast_multdiv_i/u24/B1 (OAI22D2BWP12T)
                                                        0.0000     0.8773 r
  x_sub_system/x_core/ex_block_i/gen_multdiv_fast_multdiv_i/u24/ZN (OAI22D2BWP12T)
                                                        0.0356     0.9129 f
  x_sub_system/x_core/ex_block_i/gen_multdiv_fast_multdiv_i/n233 (net)
                                                1       0.0000     0.9129 f
  x_sub_system/x_core/ex_block_i/gen_multdiv_fast_multdiv_i/u572/B (FA1D1BWP12T)
                                                        0.0000     0.9129 f
  x_sub_system/x_core/ex_block_i/gen_multdiv_fast_multdiv_i/u572/CO (FA1D1BWP12T)
                                                        0.1022     1.0151 f
  x_sub_system/x_core/ex_block_i/gen_multdiv_fast_multdiv_i/n264 (net)
                                                1       0.0000     1.0151 f
  x_sub_system/x_core/ex_block_i/gen_multdiv_fast_multdiv_i/u1059/A (FA1D2BWP12T)
                                                        0.0000     1.0151 f
  x_sub_system/x_core/ex_block_i/gen_multdiv_fast_multdiv_i/u1059/CO (FA1D2BWP12T)
                                                        0.1108     1.1259 f
  x_sub_system/x_core/ex_block_i/gen_multdiv_fast_multdiv_i/n631 (net)
                                                1       0.0000     1.1259 f
  x_sub_system/x_core/ex_block_i/gen_multdiv_fast_multdiv_i/u722/A (FA1D1BWP12T)
                                                        0.0000     1.1259 f
  x_sub_system/x_core/ex_block_i/gen_multdiv_fast_multdiv_i/u722/CO (FA1D1BWP12T)
                                                        0.1086     1.2345 f
  x_sub_system/x_core/ex_block_i/gen_multdiv_fast_multdiv_i/n636 (net)
                                                1       0.0000     1.2345 f
  x_sub_system/x_core/ex_block_i/gen_multdiv_fast_multdiv_i/u411/B (FA1D1BWP12T)
                                                        0.0000     1.2345 f
  x_sub_system/x_core/ex_block_i/gen_multdiv_fast_multdiv_i/u411/CO (FA1D1BWP12T)
                                                        0.1052     1.3397 f
  x_sub_system/x_core/ex_block_i/gen_multdiv_fast_multdiv_i/n971 (net)
                                                3       0.0000     1.3397 f
  x_sub_system/x_core/ex_block_i/gen_multdiv_fast_multdiv_i/u325/A2 (ND2D1BWP12T)
                                                        0.0000     1.3397 f
  x_sub_system/x_core/ex_block_i/gen_multdiv_fast_multdiv_i/u325/ZN (ND2D1BWP12T)
                                                        0.0371     1.3768 r
  x_sub_system/x_core/ex_block_i/gen_multdiv_fast_multdiv_i/n973 (net)
                                                2       0.0000     1.3768 r
  x_sub_system/x_core/ex_block_i/gen_multdiv_fast_multdiv_i/u67/B (OAI21D4BWP12T)
                                                        0.0000     1.3768 r
  x_sub_system/x_core/ex_block_i/gen_multdiv_fast_multdiv_i/u67/ZN (OAI21D4BWP12T)
                                                        0.0377     1.4145 f
  x_sub_system/x_core/ex_block_i/gen_multdiv_fast_multdiv_i/n909 (net)
                                                3       0.0000     1.4145 f
  x_sub_system/x_core/ex_block_i/gen_multdiv_fast_multdiv_i/u303/A1 (AOI21D4BWP12T)
                                                        0.0000     1.4145 f
  x_sub_system/x_core/ex_block_i/gen_multdiv_fast_multdiv_i/u303/ZN (AOI21D4BWP12T)
                                                        0.0368     1.4513 r
  x_sub_system/x_core/ex_block_i/gen_multdiv_fast_multdiv_i/n958 (net)
                                                8       0.0000     1.4513 r
  x_sub_system/x_core/ex_block_i/gen_multdiv_fast_multdiv_i/u122/A1 (OAI21D1BWP12T)
                                                        0.0000     1.4513 r
  x_sub_system/x_core/ex_block_i/gen_multdiv_fast_multdiv_i/u122/ZN (OAI21D1BWP12T)
                                                        0.0278     1.4790 f
  x_sub_system/x_core/ex_block_i/gen_multdiv_fast_multdiv_i/n878 (net)
                                                1       0.0000     1.4790 f
  x_sub_system/x_core/ex_block_i/gen_multdiv_fast_multdiv_i/u356/B (AOI21D1BWP12T)
                                                        0.0000     1.4790 f
  x_sub_system/x_core/ex_block_i/gen_multdiv_fast_multdiv_i/u356/ZN (AOI21D1BWP12T)
                                                        0.0502     1.5293 r
  x_sub_system/x_core/ex_block_i/gen_multdiv_fast_multdiv_i/n882 (net)
                                                1       0.0000     1.5293 r
  x_sub_system/x_core/ex_block_i/gen_multdiv_fast_multdiv_i/u461/A1 (XOR2D1BWP12T)
                                                        0.0000     1.5293 r
  x_sub_system/x_core/ex_block_i/gen_multdiv_fast_multdiv_i/u461/Z (XOR2D1BWP12T)
                                                        0.0742     1.6035 f
  x_sub_system/x_core/ex_block_i/gen_multdiv_fast_multdiv_i/n890 (net)
                                                2       0.0000     1.6035 f
  x_sub_system/x_core/ex_block_i/gen_multdiv_fast_multdiv_i/u8/A1 (OAI21D1BWP12T)
                                                        0.0000     1.6035 f
  x_sub_system/x_core/ex_block_i/gen_multdiv_fast_multdiv_i/u8/ZN (OAI21D1BWP12T)
                                                        0.0322     1.6357 r
  x_sub_system/x_core/ex_block_i/gen_multdiv_fast_multdiv_i/n1789 (net)
                                                1       0.0000     1.6357 r
  x_sub_system/x_core/ex_block_i/gen_multdiv_fast_multdiv_i/u11/A1 (CKND2D2BWP12T)
                                                        0.0000     1.6357 r
  x_sub_system/x_core/ex_block_i/gen_multdiv_fast_multdiv_i/u11/ZN (CKND2D2BWP12T)
                                                        0.0310     1.6667 f
  x_sub_system/x_core/ex_block_i/gen_multdiv_fast_multdiv_i/multdiv_result_o[26] (net)
                                                2       0.0000     1.6667 f
  x_sub_system/x_core/ex_block_i/gen_multdiv_fast_multdiv_i/multdiv_result_o[26] (soc_ahblite_ibex_multdiv_fast_RV32M2_0)
                                                        0.0000     1.6667 f
  x_sub_system/x_core/ex_block_i/multdiv_result[26] (net)
                                                        0.0000     1.6667 f
  x_sub_system/x_core/ex_block_i/u61/A1 (ND2D2BWP12T)   0.0000     1.6667 f
  x_sub_system/x_core/ex_block_i/u61/ZN (ND2D2BWP12T)   0.0186     1.6853 r
  x_sub_system/x_core/ex_block_i/n88 (net)      1       0.0000     1.6853 r
  x_sub_system/x_core/ex_block_i/u13/B (IOA21D2BWP12T)
                                                        0.0000     1.6853 r
  x_sub_system/x_core/ex_block_i/u13/ZN (IOA21D2BWP12T)
                                                        0.0265     1.7119 f
  x_sub_system/x_core/ex_block_i/alu_operand_b_i_true[26] (net)
                                                4       0.0000     1.7119 f
  x_sub_system/x_core/ex_block_i/alu_i/operand_b_i[26] (soc_ahblite_ibex_alu_RV32B0_0)
                                                        0.0000     1.7119 f
  x_sub_system/x_core/ex_block_i/alu_i/operand_b_i[26] (net)
                                                        0.0000     1.7119 f
  x_sub_system/x_core/ex_block_i/alu_i/u476/S (MUX2ND0BWP12T)
                                                        0.0000     1.7119 f
  x_sub_system/x_core/ex_block_i/alu_i/u476/ZN (MUX2ND0BWP12T)
                                                        0.0602     1.7721 f
  x_sub_system/x_core/ex_block_i/alu_i/n170 (net)
                                                1       0.0000     1.7721 f
  x_sub_system/x_core/ex_block_i/alu_i/u153/A1 (ND2D2BWP12T)
                                                        0.0000     1.7721 f
  x_sub_system/x_core/ex_block_i/alu_i/u153/ZN (ND2D2BWP12T)
                                                        0.0338     1.8059 r
  x_sub_system/x_core/ex_block_i/alu_i/n180 (net)
                                                2       0.0000     1.8059 r
  x_sub_system/x_core/ex_block_i/alu_i/u150/A1 (NR2XD2BWP12T)
                                                        0.0000     1.8059 r
  x_sub_system/x_core/ex_block_i/alu_i/u150/ZN (NR2XD2BWP12T)
                                                        0.0265     1.8324 f
  x_sub_system/x_core/ex_block_i/alu_i/n236 (net)
                                                3       0.0000     1.8324 f
  x_sub_system/x_core/ex_block_i/alu_i/u24/A2 (NR2XD2BWP12T)
                                                        0.0000     1.8324 f
  x_sub_system/x_core/ex_block_i/alu_i/u24/ZN (NR2XD2BWP12T)
                                                        0.0369     1.8693 r
  x_sub_system/x_core/ex_block_i/alu_i/n182 (net)
                                                2       0.0000     1.8693 r
  x_sub_system/x_core/ex_block_i/alu_i/u25/A2 (ND2D2BWP12T)
                                                        0.0000     1.8693 r
  x_sub_system/x_core/ex_block_i/alu_i/u25/ZN (ND2D2BWP12T)
                                                        0.0265     1.8958 f
  x_sub_system/x_core/ex_block_i/alu_i/n248 (net)
                                                3       0.0000     1.8958 f
  x_sub_system/x_core/ex_block_i/alu_i/u136/A1 (NR2XD0BWP12T)
                                                        0.0000     1.8958 f
  x_sub_system/x_core/ex_block_i/alu_i/u136/ZN (NR2XD0BWP12T)
                                                        0.0255     1.9213 r
  x_sub_system/x_core/ex_block_i/alu_i/n195 (net)
                                                1       0.0000     1.9213 r
  x_sub_system/x_core/ex_block_i/alu_i/u50/A1 (AN2D2BWP12T)
                                                        0.0000     1.9213 r
  x_sub_system/x_core/ex_block_i/alu_i/u50/Z (AN2D2BWP12T)
                                                        0.0472     1.9684 r
  x_sub_system/x_core/ex_block_i/alu_i/n9 (net)
                                                1       0.0000     1.9684 r
  x_sub_system/x_core/ex_block_i/alu_i/u230/A1 (NR2D3BWP12T)
                                                        0.0000     1.9684 r
  x_sub_system/x_core/ex_block_i/alu_i/u230/ZN (NR2D3BWP12T)
                                                        0.0150     1.9835 f
  x_sub_system/x_core/ex_block_i/alu_i/n260 (net)
                                                2       0.0000     1.9835 f
  x_sub_system/x_core/ex_block_i/alu_i/u106/A1 (OAI21D4BWP12T)
                                                        0.0000     1.9835 f
  x_sub_system/x_core/ex_block_i/alu_i/u106/ZN (OAI21D4BWP12T)
                                                        0.0310     2.0144 r
  x_sub_system/x_core/ex_block_i/alu_i/n210 (net)
                                                2       0.0000     2.0144 r
  x_sub_system/x_core/ex_block_i/alu_i/u77/B (IOA21D2BWP12T)
                                                        0.0000     2.0144 r
  x_sub_system/x_core/ex_block_i/alu_i/u77/ZN (IOA21D2BWP12T)
                                                        0.0212     2.0356 f
  x_sub_system/x_core/ex_block_i/alu_i/n213 (net)
                                                1       0.0000     2.0356 f
  x_sub_system/x_core/ex_block_i/alu_i/u125/B (IOA21D2BWP12T)
                                                        0.0000     2.0356 f
  x_sub_system/x_core/ex_block_i/alu_i/u125/ZN (IOA21D2BWP12T)
                                                        0.0146     2.0502 r
  x_sub_system/x_core/ex_block_i/alu_i/n224 (net)
                                                1       0.0000     2.0502 r
  x_sub_system/x_core/ex_block_i/alu_i/u123/A1 (XOR2D2BWP12T)
                                                        0.0000     2.0502 r
  x_sub_system/x_core/ex_block_i/alu_i/u123/Z (XOR2D2BWP12T)
                                                        0.0817     2.1319 f
  x_sub_system/x_core/ex_block_i/alu_i/adder_result_o[31] (net)
                                                5       0.0000     2.1319 f
  x_sub_system/x_core/ex_block_i/alu_i/u122/A1 (ND2D1BWP12T)
                                                        0.0000     2.1319 f
  x_sub_system/x_core/ex_block_i/alu_i/u122/ZN (ND2D1BWP12T)
                                                        0.0264     2.1582 r
  x_sub_system/x_core/ex_block_i/alu_i/n425 (net)
                                                1       0.0000     2.1582 r
  x_sub_system/x_core/ex_block_i/alu_i/u102/A1 (ND3D2BWP12T)
                                                        0.0000     2.1582 r
  x_sub_system/x_core/ex_block_i/alu_i/u102/ZN (ND3D2BWP12T)
                                                        0.0251     2.1834 f
  x_sub_system/x_core/ex_block_i/alu_i/n426 (net)
                                                1       0.0000     2.1834 f
  x_sub_system/x_core/ex_block_i/alu_i/u105/A2 (NR2XD1BWP12T)
                                                        0.0000     2.1834 f
  x_sub_system/x_core/ex_block_i/alu_i/u105/ZN (NR2XD1BWP12T)
                                                        0.0284     2.2118 r
  x_sub_system/x_core/ex_block_i/alu_i/n427 (net)
                                                1       0.0000     2.2118 r
  x_sub_system/x_core/ex_block_i/alu_i/u12/A2 (CKND2D2BWP12T)
                                                        0.0000     2.2118 r
  x_sub_system/x_core/ex_block_i/alu_i/u12/ZN (CKND2D2BWP12T)
                                                        0.0237     2.2355 f
  x_sub_system/x_core/ex_block_i/alu_i/comparison_result_o (net)
                                                2       0.0000     2.2355 f
  x_sub_system/x_core/ex_block_i/alu_i/comparison_result_o (soc_ahblite_ibex_alu_RV32B0_0)
                                                        0.0000     2.2355 f
  x_sub_system/x_core/ex_block_i/branch_decision_o (net)
                                                        0.0000     2.2355 f
  x_sub_system/x_core/ex_block_i/branch_decision_o (soc_ahblite_ibex_ex_block_2_0_0_0)
                                                        0.0000     2.2355 f
  x_sub_system/x_core/branch_decision (net)             0.0000     2.2355 f
  x_sub_system/x_core/id_stage_i/branch_decision_i (soc_ahblite_ibex_id_stage_0_2_0_0_0_0_0_0_0)
                                                        0.0000     2.2355 f
  x_sub_system/x_core/id_stage_i/branch_decision_i (net)
                                                        0.0000     2.2355 f
  x_sub_system/x_core/id_stage_i/u60/A1 (ND2D2BWP12T)   0.0000     2.2355 f
  x_sub_system/x_core/id_stage_i/u60/ZN (ND2D2BWP12T)   0.0189     2.2545 r
  x_sub_system/x_core/id_stage_i/n167 (net)     3       0.0000     2.2545 r
  x_sub_system/x_core/id_stage_i/u67/A1 (ND2D2BWP12T)   0.0000     2.2545 r
  x_sub_system/x_core/id_stage_i/u67/ZN (ND2D2BWP12T)   0.0182     2.2726 f
  x_sub_system/x_core/id_stage_i/n118 (net)     1       0.0000     2.2726 f
  x_sub_system/x_core/id_stage_i/u21/I (INVD2BWP12T)    0.0000     2.2726 f
  x_sub_system/x_core/id_stage_i/u21/ZN (INVD2BWP12T)   0.0191     2.2918 r
  x_sub_system/x_core/id_stage_i/csr_op_en_o (net)
                                                3       0.0000     2.2918 r
  x_sub_system/x_core/id_stage_i/u19/A1 (CKAN2D2BWP12T)
                                                        0.0000     2.2918 r
  x_sub_system/x_core/id_stage_i/u19/Z (CKAN2D2BWP12T)
                                                        0.0428     2.3346 r
  x_sub_system/x_core/id_stage_i/n51 (net)      2       0.0000     2.3346 r
  x_sub_system/x_core/id_stage_i/controller_i/csr_pipe_flush_i (soc_ahblite_ibex_controller_0_0_0)
                                                        0.0000     2.3346 r
  x_sub_system/x_core/id_stage_i/controller_i/csr_pipe_flush_i (net)
                                                        0.0000     2.3346 r
  x_sub_system/x_core/id_stage_i/controller_i/u18/A1 (ND2D1BWP12T)
                                                        0.0000     2.3346 r
  x_sub_system/x_core/id_stage_i/controller_i/u18/ZN (ND2D1BWP12T)
                                                        0.0264     2.3610 f
  x_sub_system/x_core/id_stage_i/controller_i/n265 (net)
                                                1       0.0000     2.3610 f
  x_sub_system/x_core/id_stage_i/controller_i/u9/A1 (CKND2D4BWP12T)
                                                        0.0000     2.3610 f
  x_sub_system/x_core/id_stage_i/controller_i/u9/ZN (CKND2D4BWP12T)
                                                        0.0309     2.3919 r
  x_sub_system/x_core/id_stage_i/controller_i/n266 (net)
                                                1       0.0000     2.3919 r
  x_sub_system/x_core/id_stage_i/controller_i/u6/B (AOI211XD4BWP12T)
                                                        0.0000     2.3919 r
  x_sub_system/x_core/id_stage_i/controller_i/u6/ZN (AOI211XD4BWP12T)
                                                        0.0302     2.4221 f
  x_sub_system/x_core/id_stage_i/controller_i/id_in_ready_o (net)
                                                6       0.0000     2.4221 f
  x_sub_system/x_core/id_stage_i/controller_i/id_in_ready_o (soc_ahblite_ibex_controller_0_0_0)
                                                        0.0000     2.4221 f
  x_sub_system/x_core/id_stage_i/id_in_ready_o (net)    0.0000     2.4221 f
  x_sub_system/x_core/id_stage_i/id_in_ready_o (soc_ahblite_ibex_id_stage_0_2_0_0_0_0_0_0_0)
                                                        0.0000     2.4221 f
  x_sub_system/x_core/id_in_ready (net)                 0.0000     2.4221 f
  x_sub_system/x_core/if_stage_i/id_in_ready_i (soc_ahblite_ibex_if_stage_00000000_00000000_0_0_0_0_0_0)
                                                        0.0000     2.4221 f
  x_sub_system/x_core/if_stage_i/id_in_ready_i (net)    0.0000     2.4221 f
  x_sub_system/x_core/if_stage_i/gen_prefetch_buffer_prefetch_buffer_i/ready_i (soc_ahblite_ibex_prefetch_buffer_0_0)
                                                        0.0000     2.4221 f
  x_sub_system/x_core/if_stage_i/gen_prefetch_buffer_prefetch_buffer_i/ready_i (net)
                                                        0.0000     2.4221 f
  x_sub_system/x_core/if_stage_i/gen_prefetch_buffer_prefetch_buffer_i/fifo_i/out_ready_i (soc_ahblite_ibex_fetch_fifo_00000002_0)
                                                        0.0000     2.4221 f
  x_sub_system/x_core/if_stage_i/gen_prefetch_buffer_prefetch_buffer_i/fifo_i/out_ready_i (net)
                                                        0.0000     2.4221 f
  x_sub_system/x_core/if_stage_i/gen_prefetch_buffer_prefetch_buffer_i/fifo_i/u51/A1 (AO21D1BWP12T)
                                                        0.0000     2.4221 f
  x_sub_system/x_core/if_stage_i/gen_prefetch_buffer_prefetch_buffer_i/fifo_i/u51/Z (AO21D1BWP12T)
                                                        0.0645     2.4866 f
  x_sub_system/x_core/if_stage_i/gen_prefetch_buffer_prefetch_buffer_i/fifo_i/n274 (net)
                                                3       0.0000     2.4866 f
  x_sub_system/x_core/if_stage_i/gen_prefetch_buffer_prefetch_buffer_i/fifo_i/u46/I (CKND1BWP12T)
                                                        0.0000     2.4866 f
  x_sub_system/x_core/if_stage_i/gen_prefetch_buffer_prefetch_buffer_i/fifo_i/u46/ZN (CKND1BWP12T)
                                                        0.0208     2.5074 r
  x_sub_system/x_core/if_stage_i/gen_prefetch_buffer_prefetch_buffer_i/fifo_i/n362 (net)
                                                1       0.0000     2.5074 r
  x_sub_system/x_core/if_stage_i/gen_prefetch_buffer_prefetch_buffer_i/fifo_i/u74/A1 (NR2D2BWP12T)
                                                        0.0000     2.5074 r
  x_sub_system/x_core/if_stage_i/gen_prefetch_buffer_prefetch_buffer_i/fifo_i/u74/ZN (NR2D2BWP12T)
                                                        0.0303     2.5377 f
  x_sub_system/x_core/if_stage_i/gen_prefetch_buffer_prefetch_buffer_i/fifo_i/n313 (net)
                                               21       0.0000     2.5377 f
  x_sub_system/x_core/if_stage_i/gen_prefetch_buffer_prefetch_buffer_i/fifo_i/u284/C2 (AO222D0BWP12T)
                                                        0.0000     2.5377 f
  x_sub_system/x_core/if_stage_i/gen_prefetch_buffer_prefetch_buffer_i/fifo_i/u284/Z (AO222D0BWP12T)
                                                        0.1754     2.7131 f
  x_sub_system/x_core/if_stage_i/gen_prefetch_buffer_prefetch_buffer_i/fifo_i/n240 (net)
                                                1       0.0000     2.7131 f
  x_sub_system/x_core/if_stage_i/gen_prefetch_buffer_prefetch_buffer_i/fifo_i/instr_addr_q_reg_11_/D (DFQD1BWP12T)
                                                        0.0000     2.7131 f
  data arrival time                                                2.7131

  clock clk1 (rise edge)                                3.0000     3.0000
  clock network delay (ideal)                           0.0000     3.0000
  clock uncertainty                                    -0.3000     2.7000
  x_sub_system/x_core/if_stage_i/gen_prefetch_buffer_prefetch_buffer_i/fifo_i/instr_addr_q_reg_11_/CP (DFQD1BWP12T)
                                                        0.0000     2.7000 r
  library setup time                                    0.0133     2.7133
  data required time                                               2.7133
  --------------------------------------------------------------------------
  data required time                                               2.7133
  data arrival time                                               -2.7131
  --------------------------------------------------------------------------
  slack (MET)                                                      0.0002


  Startpoint: x_sub_system/x_core/if_stage_i/instr_rdata_alu_id_o_reg_2_
              (rising edge-triggered flip-flop clocked by clk1)
  Endpoint: x_sub_system/x_core/if_stage_i/gen_prefetch_buffer_prefetch_buffer_i/fifo_i/instr_addr_q_reg_10_
            (rising edge-triggered flip-flop clocked by clk1)
  Path Group: clk1
  Path Type: max

  Des/Clust/Port     Wire Load Model       Library
  ------------------------------------------------
  soc_ahblite_ibex_csr_32_0_0_5
                     ZeroWireload          tcbn65gplusbwp12twc
  soc_ahblite_ibex_fetch_fifo_00000002_0
                     ZeroWireload          tcbn65gplusbwp12twc
  soc_ahblite_ibex_counter_CounterWidth64_1
                     ZeroWireload          tcbn65gplusbwp12twc
  soc_ahblite_ibex_counter_CounterWidth64_0
                     ZeroWireload          tcbn65gplusbwp12twc
  soc_ahblite_ibex_csr_32_0_0_1
                     ZeroWireload          tcbn65gplusbwp12twc
  soc_ahblite_ibex_csr_32_0_0_2
                     ZeroWireload          tcbn65gplusbwp12twc
  soc_ahblite_ibex_csr_32_0_0_3
                     ZeroWireload          tcbn65gplusbwp12twc
  soc_ahblite_ibex_csr_32_0_40000003_0
                     ZeroWireload          tcbn65gplusbwp12twc
  soc_ahblite_ibex_csr_32_0_00000001_0
                     ZeroWireload          tcbn65gplusbwp12twc
  soc_ahblite_ibex_csr_6_0_0_0
                     ZeroWireload          tcbn65gplusbwp12twc
  soc_ahblite_ibex_csr_32_0_0_4
                     ZeroWireload          tcbn65gplusbwp12twc
  soc_ahblite_ibex_csr_18_0_0_0
                     ZeroWireload          tcbn65gplusbwp12twc
  soc_ahblite_ibex_csr_32_0_0_0
                     ZeroWireload          tcbn65gplusbwp12twc
  soc_ahblite_ibex_csr_6_0_10_0
                     ZeroWireload          tcbn65gplusbwp12twc
  soc_ahblite_ibex_multdiv_fast_RV32M2_0
                     ZeroWireload          tcbn65gplusbwp12twc
  soc_ahblite_ibex_controller_0_0_0
                     ZeroWireload          tcbn65gplusbwp12twc
  soc_ahblite_ibex_prefetch_buffer_0_0
                     ZeroWireload          tcbn65gplusbwp12twc
  soc_ahblite_ibex_cs_registers_0_00000001_0_0_0_0_00000000_00000028_0_00000000_00000004_0_2_0_0
                     ZeroWireload          tcbn65gplusbwp12twc
  soc_ahblite_ibex_load_store_unit_0
                     ZeroWireload          tcbn65gplusbwp12twc
  soc_ahblite_ibex_ex_block_2_0_0_0
                     ZeroWireload          tcbn65gplusbwp12twc
  soc_ahblite_ibex_id_stage_0_2_0_0_0_0_0_0_0
                     ZeroWireload          tcbn65gplusbwp12twc
  soc_ahblite_ibex_if_stage_00000000_00000000_0_0_0_0_0_0
                     ZeroWireload          tcbn65gplusbwp12twc
  soc_ahblite_prim_clock_gating_0
                     ZeroWireload          tcbn65gplusbwp12twc
  soc_ahblite_ibex_core_00000000_00000000_0
                     ZeroWireload          tcbn65gplusbwp12twc
  soc_ahblite_ibex_decoder_0_2_0_0_0
                     ZeroWireload          tcbn65gplusbwp12twc
  soc_ahblite_ibex_register_file_ff_0_00000020_0_0
                     ZeroWireload          tcbn65gplusbwp12twc
  soc_ahblite_ibex_alu_RV32B0_0
                     ZeroWireload          tcbn65gplusbwp12twc

  Point                                       Fanout      Incr       Path
  --------------------------------------------------------------------------
  clock clk1 (rise edge)                                0.0000     0.0000
  clock network delay (ideal)                           0.0000     0.0000
  x_sub_system/x_core/if_stage_i/instr_rdata_alu_id_o_reg_2_/CP (EDFCNQD1BWP12T)
                                                        0.0000     0.0000 r
  x_sub_system/x_core/if_stage_i/instr_rdata_alu_id_o_reg_2_/Q (EDFCNQD1BWP12T)
                                                        0.1396     0.1396 f
  x_sub_system/x_core/if_stage_i/instr_rdata_alu_id_o[2] (net)
                                                6       0.0000     0.1396 f
  x_sub_system/x_core/if_stage_i/instr_rdata_alu_id_o[2] (soc_ahblite_ibex_if_stage_00000000_00000000_0_0_0_0_0_0)
                                                        0.0000     0.1396 f
  x_sub_system/x_core/instr_rdata_alu_id[2] (net)       0.0000     0.1396 f
  x_sub_system/x_core/id_stage_i/instr_rdata_alu_i[2] (soc_ahblite_ibex_id_stage_0_2_0_0_0_0_0_0_0)
                                                        0.0000     0.1396 f
  x_sub_system/x_core/id_stage_i/instr_rdata_alu_i[2] (net)
                                                        0.0000     0.1396 f
  x_sub_system/x_core/id_stage_i/decoder_i/instr_rdata_alu_i[2] (soc_ahblite_ibex_decoder_0_2_0_0_0)
                                                        0.0000     0.1396 f
  x_sub_system/x_core/id_stage_i/decoder_i/instr_rdata_alu_i[2] (net)
                                                        0.0000     0.1396 f
  x_sub_system/x_core/id_stage_i/decoder_i/u46/I (CKND2BWP12T)
                                                        0.0000     0.1396 f
  x_sub_system/x_core/id_stage_i/decoder_i/u46/ZN (CKND2BWP12T)
                                                        0.0174     0.1570 r
  x_sub_system/x_core/id_stage_i/decoder_i/n137 (net)
                                                3       0.0000     0.1570 r
  x_sub_system/x_core/id_stage_i/decoder_i/u4/A1 (CKAN2D2BWP12T)
                                                        0.0000     0.1570 r
  x_sub_system/x_core/id_stage_i/decoder_i/u4/Z (CKAN2D2BWP12T)
                                                        0.0483     0.2053 r
  x_sub_system/x_core/id_stage_i/decoder_i/n274 (net)
                                                1       0.0000     0.2053 r
  x_sub_system/x_core/id_stage_i/decoder_i/u8/A2 (CKND2D8BWP12T)
                                                        0.0000     0.2053 r
  x_sub_system/x_core/id_stage_i/decoder_i/u8/ZN (CKND2D8BWP12T)
                                                        0.0241     0.2294 f
  x_sub_system/x_core/id_stage_i/decoder_i/n243 (net)
                                                4       0.0000     0.2294 f
  x_sub_system/x_core/id_stage_i/decoder_i/u24/A1 (NR2XD4BWP12T)
                                                        0.0000     0.2294 f
  x_sub_system/x_core/id_stage_i/decoder_i/u24/ZN (NR2XD4BWP12T)
                                                        0.0228     0.2522 r
  x_sub_system/x_core/id_stage_i/decoder_i/n252 (net)
                                                5       0.0000     0.2522 r
  x_sub_system/x_core/id_stage_i/decoder_i/u312/S (MUX2ND4BWP12T)
                                                        0.0000     0.2522 r
  x_sub_system/x_core/id_stage_i/decoder_i/u312/ZN (MUX2ND4BWP12T)
                                                        0.0899     0.3422 r
  x_sub_system/x_core/id_stage_i/decoder_i/rf_raddr_a_o[4] (net)
                                                6       0.0000     0.3422 r
  x_sub_system/x_core/id_stage_i/decoder_i/rf_raddr_a_o[4] (soc_ahblite_ibex_decoder_0_2_0_0_0)
                                                        0.0000     0.3422 r
  x_sub_system/x_core/id_stage_i/rf_raddr_a_o[4] (net)
                                                        0.0000     0.3422 r
  x_sub_system/x_core/id_stage_i/rf_raddr_a_o[4] (soc_ahblite_ibex_id_stage_0_2_0_0_0_0_0_0_0)
                                                        0.0000     0.3422 r
  x_sub_system/x_core/rf_raddr_a[4] (net)               0.0000     0.3422 r
  x_sub_system/x_core/gen_regfile_ff_register_file_i/raddr_a_i[4] (soc_ahblite_ibex_register_file_ff_0_00000020_0_0)
                                                        0.0000     0.3422 r
  x_sub_system/x_core/gen_regfile_ff_register_file_i/raddr_a_i[4] (net)
                                                        0.0000     0.3422 r
  x_sub_system/x_core/gen_regfile_ff_register_file_i/u272/I (INVD2BWP12T)
                                                        0.0000     0.3422 r
  x_sub_system/x_core/gen_regfile_ff_register_file_i/u272/ZN (INVD2BWP12T)
                                                        0.0204     0.3626 f
  x_sub_system/x_core/gen_regfile_ff_register_file_i/n129 (net)
                                                1       0.0000     0.3626 f
  x_sub_system/x_core/gen_regfile_ff_register_file_i/u224/A2 (ND3D4BWP12T)
                                                        0.0000     0.3626 f
  x_sub_system/x_core/gen_regfile_ff_register_file_i/u224/ZN (ND3D4BWP12T)
                                                        0.0269     0.3895 r
  x_sub_system/x_core/gen_regfile_ff_register_file_i/n154 (net)
                                                4       0.0000     0.3895 r
  x_sub_system/x_core/gen_regfile_ff_register_file_i/u190/A1 (NR2D4BWP12T)
                                                        0.0000     0.3895 r
  x_sub_system/x_core/gen_regfile_ff_register_file_i/u190/ZN (NR2D4BWP12T)
                                                        0.0162     0.4057 f
  x_sub_system/x_core/gen_regfile_ff_register_file_i/n145 (net)
                                                1       0.0000     0.4057 f
  x_sub_system/x_core/gen_regfile_ff_register_file_i/u205/I (BUFFD12BWP12T)
                                                        0.0000     0.4057 f
  x_sub_system/x_core/gen_regfile_ff_register_file_i/u205/Z (BUFFD12BWP12T)
                                                        0.0411     0.4468 f
  x_sub_system/x_core/gen_regfile_ff_register_file_i/n2620 (net)
                                               32       0.0000     0.4468 f
  x_sub_system/x_core/gen_regfile_ff_register_file_i/u1233/B1 (AOI22D0BWP12T)
                                                        0.0000     0.4468 f
  x_sub_system/x_core/gen_regfile_ff_register_file_i/u1233/ZN (AOI22D0BWP12T)
                                                        0.0645     0.5114 r
  x_sub_system/x_core/gen_regfile_ff_register_file_i/n238 (net)
                                                1       0.0000     0.5114 r
  x_sub_system/x_core/gen_regfile_ff_register_file_i/u1292/A3 (ND4D1BWP12T)
                                                        0.0000     0.5114 r
  x_sub_system/x_core/gen_regfile_ff_register_file_i/u1292/ZN (ND4D1BWP12T)
                                                        0.0560     0.5674 f
  x_sub_system/x_core/gen_regfile_ff_register_file_i/n251 (net)
                                                1       0.0000     0.5674 f
  x_sub_system/x_core/gen_regfile_ff_register_file_i/u1297/A2 (OR4D1BWP12T)
                                                        0.0000     0.5674 f
  x_sub_system/x_core/gen_regfile_ff_register_file_i/u1297/Z (OR4D1BWP12T)
                                                        0.1137     0.6810 f
  x_sub_system/x_core/gen_regfile_ff_register_file_i/rdata_a_o[5] (net)
                                                2       0.0000     0.6810 f
  x_sub_system/x_core/gen_regfile_ff_register_file_i/rdata_a_o[5] (soc_ahblite_ibex_register_file_ff_0_00000020_0_0)
                                                        0.0000     0.6810 f
  x_sub_system/x_core/rf_rdata_a[5] (net)               0.0000     0.6810 f
  x_sub_system/x_core/id_stage_i/rf_rdata_a_i[5] (soc_ahblite_ibex_id_stage_0_2_0_0_0_0_0_0_0)
                                                        0.0000     0.6810 f
  x_sub_system/x_core/id_stage_i/rf_rdata_a_i[5] (net)
                                                        0.0000     0.6810 f
  x_sub_system/x_core/id_stage_i/u8/I (CKBD4BWP12T)     0.0000     0.6810 f
  x_sub_system/x_core/id_stage_i/u8/Z (CKBD4BWP12T)     0.0379     0.7190 f
  x_sub_system/x_core/id_stage_i/multdiv_operand_a_ex_o[5] (net)
                                                4       0.0000     0.7190 f
  x_sub_system/x_core/id_stage_i/multdiv_operand_a_ex_o[5] (soc_ahblite_ibex_id_stage_0_2_0_0_0_0_0_0_0)
                                                        0.0000     0.7190 f
  x_sub_system/x_core/multdiv_operand_a_ex[5] (net)     0.0000     0.7190 f
  x_sub_system/x_core/ex_block_i/multdiv_operand_a_i[5] (soc_ahblite_ibex_ex_block_2_0_0_0)
                                                        0.0000     0.7190 f
  x_sub_system/x_core/ex_block_i/multdiv_operand_a_i[5] (net)
                                                        0.0000     0.7190 f
  x_sub_system/x_core/ex_block_i/gen_multdiv_fast_multdiv_i/op_a_i[5] (soc_ahblite_ibex_multdiv_fast_RV32M2_0)
                                                        0.0000     0.7190 f
  x_sub_system/x_core/ex_block_i/gen_multdiv_fast_multdiv_i/op_a_i[5] (net)
                                                        0.0000     0.7190 f
  x_sub_system/x_core/ex_block_i/gen_multdiv_fast_multdiv_i/u218/I0 (MUX2D4BWP12T)
                                                        0.0000     0.7190 f
  x_sub_system/x_core/ex_block_i/gen_multdiv_fast_multdiv_i/u218/Z (MUX2D4BWP12T)
                                                        0.0698     0.7888 f
  x_sub_system/x_core/ex_block_i/gen_multdiv_fast_multdiv_i/n92 (net)
                                                9       0.0000     0.7888 f
  x_sub_system/x_core/ex_block_i/gen_multdiv_fast_multdiv_i/u191/A1 (XNR2D0BWP12T)
                                                        0.0000     0.7888 f
  x_sub_system/x_core/ex_block_i/gen_multdiv_fast_multdiv_i/u191/ZN (XNR2D0BWP12T)
                                                        0.0885     0.8773 r
  x_sub_system/x_core/ex_block_i/gen_multdiv_fast_multdiv_i/n240 (net)
                                                2       0.0000     0.8773 r
  x_sub_system/x_core/ex_block_i/gen_multdiv_fast_multdiv_i/u24/B1 (OAI22D2BWP12T)
                                                        0.0000     0.8773 r
  x_sub_system/x_core/ex_block_i/gen_multdiv_fast_multdiv_i/u24/ZN (OAI22D2BWP12T)
                                                        0.0356     0.9129 f
  x_sub_system/x_core/ex_block_i/gen_multdiv_fast_multdiv_i/n233 (net)
                                                1       0.0000     0.9129 f
  x_sub_system/x_core/ex_block_i/gen_multdiv_fast_multdiv_i/u572/B (FA1D1BWP12T)
                                                        0.0000     0.9129 f
  x_sub_system/x_core/ex_block_i/gen_multdiv_fast_multdiv_i/u572/CO (FA1D1BWP12T)
                                                        0.1022     1.0151 f
  x_sub_system/x_core/ex_block_i/gen_multdiv_fast_multdiv_i/n264 (net)
                                                1       0.0000     1.0151 f
  x_sub_system/x_core/ex_block_i/gen_multdiv_fast_multdiv_i/u1059/A (FA1D2BWP12T)
                                                        0.0000     1.0151 f
  x_sub_system/x_core/ex_block_i/gen_multdiv_fast_multdiv_i/u1059/CO (FA1D2BWP12T)
                                                        0.1108     1.1259 f
  x_sub_system/x_core/ex_block_i/gen_multdiv_fast_multdiv_i/n631 (net)
                                                1       0.0000     1.1259 f
  x_sub_system/x_core/ex_block_i/gen_multdiv_fast_multdiv_i/u722/A (FA1D1BWP12T)
                                                        0.0000     1.1259 f
  x_sub_system/x_core/ex_block_i/gen_multdiv_fast_multdiv_i/u722/CO (FA1D1BWP12T)
                                                        0.1086     1.2345 f
  x_sub_system/x_core/ex_block_i/gen_multdiv_fast_multdiv_i/n636 (net)
                                                1       0.0000     1.2345 f
  x_sub_system/x_core/ex_block_i/gen_multdiv_fast_multdiv_i/u411/B (FA1D1BWP12T)
                                                        0.0000     1.2345 f
  x_sub_system/x_core/ex_block_i/gen_multdiv_fast_multdiv_i/u411/CO (FA1D1BWP12T)
                                                        0.1052     1.3397 f
  x_sub_system/x_core/ex_block_i/gen_multdiv_fast_multdiv_i/n971 (net)
                                                3       0.0000     1.3397 f
  x_sub_system/x_core/ex_block_i/gen_multdiv_fast_multdiv_i/u325/A2 (ND2D1BWP12T)
                                                        0.0000     1.3397 f
  x_sub_system/x_core/ex_block_i/gen_multdiv_fast_multdiv_i/u325/ZN (ND2D1BWP12T)
                                                        0.0371     1.3768 r
  x_sub_system/x_core/ex_block_i/gen_multdiv_fast_multdiv_i/n973 (net)
                                                2       0.0000     1.3768 r
  x_sub_system/x_core/ex_block_i/gen_multdiv_fast_multdiv_i/u67/B (OAI21D4BWP12T)
                                                        0.0000     1.3768 r
  x_sub_system/x_core/ex_block_i/gen_multdiv_fast_multdiv_i/u67/ZN (OAI21D4BWP12T)
                                                        0.0377     1.4145 f
  x_sub_system/x_core/ex_block_i/gen_multdiv_fast_multdiv_i/n909 (net)
                                                3       0.0000     1.4145 f
  x_sub_system/x_core/ex_block_i/gen_multdiv_fast_multdiv_i/u303/A1 (AOI21D4BWP12T)
                                                        0.0000     1.4145 f
  x_sub_system/x_core/ex_block_i/gen_multdiv_fast_multdiv_i/u303/ZN (AOI21D4BWP12T)
                                                        0.0368     1.4513 r
  x_sub_system/x_core/ex_block_i/gen_multdiv_fast_multdiv_i/n958 (net)
                                                8       0.0000     1.4513 r
  x_sub_system/x_core/ex_block_i/gen_multdiv_fast_multdiv_i/u122/A1 (OAI21D1BWP12T)
                                                        0.0000     1.4513 r
  x_sub_system/x_core/ex_block_i/gen_multdiv_fast_multdiv_i/u122/ZN (OAI21D1BWP12T)
                                                        0.0278     1.4790 f
  x_sub_system/x_core/ex_block_i/gen_multdiv_fast_multdiv_i/n878 (net)
                                                1       0.0000     1.4790 f
  x_sub_system/x_core/ex_block_i/gen_multdiv_fast_multdiv_i/u356/B (AOI21D1BWP12T)
                                                        0.0000     1.4790 f
  x_sub_system/x_core/ex_block_i/gen_multdiv_fast_multdiv_i/u356/ZN (AOI21D1BWP12T)
                                                        0.0502     1.5293 r
  x_sub_system/x_core/ex_block_i/gen_multdiv_fast_multdiv_i/n882 (net)
                                                1       0.0000     1.5293 r
  x_sub_system/x_core/ex_block_i/gen_multdiv_fast_multdiv_i/u461/A1 (XOR2D1BWP12T)
                                                        0.0000     1.5293 r
  x_sub_system/x_core/ex_block_i/gen_multdiv_fast_multdiv_i/u461/Z (XOR2D1BWP12T)
                                                        0.0742     1.6035 f
  x_sub_system/x_core/ex_block_i/gen_multdiv_fast_multdiv_i/n890 (net)
                                                2       0.0000     1.6035 f
  x_sub_system/x_core/ex_block_i/gen_multdiv_fast_multdiv_i/u8/A1 (OAI21D1BWP12T)
                                                        0.0000     1.6035 f
  x_sub_system/x_core/ex_block_i/gen_multdiv_fast_multdiv_i/u8/ZN (OAI21D1BWP12T)
                                                        0.0322     1.6357 r
  x_sub_system/x_core/ex_block_i/gen_multdiv_fast_multdiv_i/n1789 (net)
                                                1       0.0000     1.6357 r
  x_sub_system/x_core/ex_block_i/gen_multdiv_fast_multdiv_i/u11/A1 (CKND2D2BWP12T)
                                                        0.0000     1.6357 r
  x_sub_system/x_core/ex_block_i/gen_multdiv_fast_multdiv_i/u11/ZN (CKND2D2BWP12T)
                                                        0.0310     1.6667 f
  x_sub_system/x_core/ex_block_i/gen_multdiv_fast_multdiv_i/multdiv_result_o[26] (net)
                                                2       0.0000     1.6667 f
  x_sub_system/x_core/ex_block_i/gen_multdiv_fast_multdiv_i/multdiv_result_o[26] (soc_ahblite_ibex_multdiv_fast_RV32M2_0)
                                                        0.0000     1.6667 f
  x_sub_system/x_core/ex_block_i/multdiv_result[26] (net)
                                                        0.0000     1.6667 f
  x_sub_system/x_core/ex_block_i/u61/A1 (ND2D2BWP12T)   0.0000     1.6667 f
  x_sub_system/x_core/ex_block_i/u61/ZN (ND2D2BWP12T)   0.0186     1.6853 r
  x_sub_system/x_core/ex_block_i/n88 (net)      1       0.0000     1.6853 r
  x_sub_system/x_core/ex_block_i/u13/B (IOA21D2BWP12T)
                                                        0.0000     1.6853 r
  x_sub_system/x_core/ex_block_i/u13/ZN (IOA21D2BWP12T)
                                                        0.0265     1.7119 f
  x_sub_system/x_core/ex_block_i/alu_operand_b_i_true[26] (net)
                                                4       0.0000     1.7119 f
  x_sub_system/x_core/ex_block_i/alu_i/operand_b_i[26] (soc_ahblite_ibex_alu_RV32B0_0)
                                                        0.0000     1.7119 f
  x_sub_system/x_core/ex_block_i/alu_i/operand_b_i[26] (net)
                                                        0.0000     1.7119 f
  x_sub_system/x_core/ex_block_i/alu_i/u476/S (MUX2ND0BWP12T)
                                                        0.0000     1.7119 f
  x_sub_system/x_core/ex_block_i/alu_i/u476/ZN (MUX2ND0BWP12T)
                                                        0.0602     1.7721 f
  x_sub_system/x_core/ex_block_i/alu_i/n170 (net)
                                                1       0.0000     1.7721 f
  x_sub_system/x_core/ex_block_i/alu_i/u153/A1 (ND2D2BWP12T)
                                                        0.0000     1.7721 f
  x_sub_system/x_core/ex_block_i/alu_i/u153/ZN (ND2D2BWP12T)
                                                        0.0338     1.8059 r
  x_sub_system/x_core/ex_block_i/alu_i/n180 (net)
                                                2       0.0000     1.8059 r
  x_sub_system/x_core/ex_block_i/alu_i/u150/A1 (NR2XD2BWP12T)
                                                        0.0000     1.8059 r
  x_sub_system/x_core/ex_block_i/alu_i/u150/ZN (NR2XD2BWP12T)
                                                        0.0265     1.8324 f
  x_sub_system/x_core/ex_block_i/alu_i/n236 (net)
                                                3       0.0000     1.8324 f
  x_sub_system/x_core/ex_block_i/alu_i/u24/A2 (NR2XD2BWP12T)
                                                        0.0000     1.8324 f
  x_sub_system/x_core/ex_block_i/alu_i/u24/ZN (NR2XD2BWP12T)
                                                        0.0369     1.8693 r
  x_sub_system/x_core/ex_block_i/alu_i/n182 (net)
                                                2       0.0000     1.8693 r
  x_sub_system/x_core/ex_block_i/alu_i/u25/A2 (ND2D2BWP12T)
                                                        0.0000     1.8693 r
  x_sub_system/x_core/ex_block_i/alu_i/u25/ZN (ND2D2BWP12T)
                                                        0.0265     1.8958 f
  x_sub_system/x_core/ex_block_i/alu_i/n248 (net)
                                                3       0.0000     1.8958 f
  x_sub_system/x_core/ex_block_i/alu_i/u136/A1 (NR2XD0BWP12T)
                                                        0.0000     1.8958 f
  x_sub_system/x_core/ex_block_i/alu_i/u136/ZN (NR2XD0BWP12T)
                                                        0.0255     1.9213 r
  x_sub_system/x_core/ex_block_i/alu_i/n195 (net)
                                                1       0.0000     1.9213 r
  x_sub_system/x_core/ex_block_i/alu_i/u50/A1 (AN2D2BWP12T)
                                                        0.0000     1.9213 r
  x_sub_system/x_core/ex_block_i/alu_i/u50/Z (AN2D2BWP12T)
                                                        0.0472     1.9684 r
  x_sub_system/x_core/ex_block_i/alu_i/n9 (net)
                                                1       0.0000     1.9684 r
  x_sub_system/x_core/ex_block_i/alu_i/u230/A1 (NR2D3BWP12T)
                                                        0.0000     1.9684 r
  x_sub_system/x_core/ex_block_i/alu_i/u230/ZN (NR2D3BWP12T)
                                                        0.0150     1.9835 f
  x_sub_system/x_core/ex_block_i/alu_i/n260 (net)
                                                2       0.0000     1.9835 f
  x_sub_system/x_core/ex_block_i/alu_i/u106/A1 (OAI21D4BWP12T)
                                                        0.0000     1.9835 f
  x_sub_system/x_core/ex_block_i/alu_i/u106/ZN (OAI21D4BWP12T)
                                                        0.0310     2.0144 r
  x_sub_system/x_core/ex_block_i/alu_i/n210 (net)
                                                2       0.0000     2.0144 r
  x_sub_system/x_core/ex_block_i/alu_i/u77/B (IOA21D2BWP12T)
                                                        0.0000     2.0144 r
  x_sub_system/x_core/ex_block_i/alu_i/u77/ZN (IOA21D2BWP12T)
                                                        0.0212     2.0356 f
  x_sub_system/x_core/ex_block_i/alu_i/n213 (net)
                                                1       0.0000     2.0356 f
  x_sub_system/x_core/ex_block_i/alu_i/u125/B (IOA21D2BWP12T)
                                                        0.0000     2.0356 f
  x_sub_system/x_core/ex_block_i/alu_i/u125/ZN (IOA21D2BWP12T)
                                                        0.0146     2.0502 r
  x_sub_system/x_core/ex_block_i/alu_i/n224 (net)
                                                1       0.0000     2.0502 r
  x_sub_system/x_core/ex_block_i/alu_i/u123/A1 (XOR2D2BWP12T)
                                                        0.0000     2.0502 r
  x_sub_system/x_core/ex_block_i/alu_i/u123/Z (XOR2D2BWP12T)
                                                        0.0817     2.1319 f
  x_sub_system/x_core/ex_block_i/alu_i/adder_result_o[31] (net)
                                                5       0.0000     2.1319 f
  x_sub_system/x_core/ex_block_i/alu_i/u122/A1 (ND2D1BWP12T)
                                                        0.0000     2.1319 f
  x_sub_system/x_core/ex_block_i/alu_i/u122/ZN (ND2D1BWP12T)
                                                        0.0264     2.1582 r
  x_sub_system/x_core/ex_block_i/alu_i/n425 (net)
                                                1       0.0000     2.1582 r
  x_sub_system/x_core/ex_block_i/alu_i/u102/A1 (ND3D2BWP12T)
                                                        0.0000     2.1582 r
  x_sub_system/x_core/ex_block_i/alu_i/u102/ZN (ND3D2BWP12T)
                                                        0.0251     2.1834 f
  x_sub_system/x_core/ex_block_i/alu_i/n426 (net)
                                                1       0.0000     2.1834 f
  x_sub_system/x_core/ex_block_i/alu_i/u105/A2 (NR2XD1BWP12T)
                                                        0.0000     2.1834 f
  x_sub_system/x_core/ex_block_i/alu_i/u105/ZN (NR2XD1BWP12T)
                                                        0.0284     2.2118 r
  x_sub_system/x_core/ex_block_i/alu_i/n427 (net)
                                                1       0.0000     2.2118 r
  x_sub_system/x_core/ex_block_i/alu_i/u12/A2 (CKND2D2BWP12T)
                                                        0.0000     2.2118 r
  x_sub_system/x_core/ex_block_i/alu_i/u12/ZN (CKND2D2BWP12T)
                                                        0.0237     2.2355 f
  x_sub_system/x_core/ex_block_i/alu_i/comparison_result_o (net)
                                                2       0.0000     2.2355 f
  x_sub_system/x_core/ex_block_i/alu_i/comparison_result_o (soc_ahblite_ibex_alu_RV32B0_0)
                                                        0.0000     2.2355 f
  x_sub_system/x_core/ex_block_i/branch_decision_o (net)
                                                        0.0000     2.2355 f
  x_sub_system/x_core/ex_block_i/branch_decision_o (soc_ahblite_ibex_ex_block_2_0_0_0)
                                                        0.0000     2.2355 f
  x_sub_system/x_core/branch_decision (net)             0.0000     2.2355 f
  x_sub_system/x_core/id_stage_i/branch_decision_i (soc_ahblite_ibex_id_stage_0_2_0_0_0_0_0_0_0)
                                                        0.0000     2.2355 f
  x_sub_system/x_core/id_stage_i/branch_decision_i (net)
                                                        0.0000     2.2355 f
  x_sub_system/x_core/id_stage_i/u60/A1 (ND2D2BWP12T)   0.0000     2.2355 f
  x_sub_system/x_core/id_stage_i/u60/ZN (ND2D2BWP12T)   0.0189     2.2545 r
  x_sub_system/x_core/id_stage_i/n167 (net)     3       0.0000     2.2545 r
  x_sub_system/x_core/id_stage_i/u67/A1 (ND2D2BWP12T)   0.0000     2.2545 r
  x_sub_system/x_core/id_stage_i/u67/ZN (ND2D2BWP12T)   0.0182     2.2726 f
  x_sub_system/x_core/id_stage_i/n118 (net)     1       0.0000     2.2726 f
  x_sub_system/x_core/id_stage_i/u21/I (INVD2BWP12T)    0.0000     2.2726 f
  x_sub_system/x_core/id_stage_i/u21/ZN (INVD2BWP12T)   0.0191     2.2918 r
  x_sub_system/x_core/id_stage_i/csr_op_en_o (net)
                                                3       0.0000     2.2918 r
  x_sub_system/x_core/id_stage_i/u19/A1 (CKAN2D2BWP12T)
                                                        0.0000     2.2918 r
  x_sub_system/x_core/id_stage_i/u19/Z (CKAN2D2BWP12T)
                                                        0.0428     2.3346 r
  x_sub_system/x_core/id_stage_i/n51 (net)      2       0.0000     2.3346 r
  x_sub_system/x_core/id_stage_i/controller_i/csr_pipe_flush_i (soc_ahblite_ibex_controller_0_0_0)
                                                        0.0000     2.3346 r
  x_sub_system/x_core/id_stage_i/controller_i/csr_pipe_flush_i (net)
                                                        0.0000     2.3346 r
  x_sub_system/x_core/id_stage_i/controller_i/u18/A1 (ND2D1BWP12T)
                                                        0.0000     2.3346 r
  x_sub_system/x_core/id_stage_i/controller_i/u18/ZN (ND2D1BWP12T)
                                                        0.0264     2.3610 f
  x_sub_system/x_core/id_stage_i/controller_i/n265 (net)
                                                1       0.0000     2.3610 f
  x_sub_system/x_core/id_stage_i/controller_i/u9/A1 (CKND2D4BWP12T)
                                                        0.0000     2.3610 f
  x_sub_system/x_core/id_stage_i/controller_i/u9/ZN (CKND2D4BWP12T)
                                                        0.0309     2.3919 r
  x_sub_system/x_core/id_stage_i/controller_i/n266 (net)
                                                1       0.0000     2.3919 r
  x_sub_system/x_core/id_stage_i/controller_i/u6/B (AOI211XD4BWP12T)
                                                        0.0000     2.3919 r
  x_sub_system/x_core/id_stage_i/controller_i/u6/ZN (AOI211XD4BWP12T)
                                                        0.0302     2.4221 f
  x_sub_system/x_core/id_stage_i/controller_i/id_in_ready_o (net)
                                                6       0.0000     2.4221 f
  x_sub_system/x_core/id_stage_i/controller_i/id_in_ready_o (soc_ahblite_ibex_controller_0_0_0)
                                                        0.0000     2.4221 f
  x_sub_system/x_core/id_stage_i/id_in_ready_o (net)    0.0000     2.4221 f
  x_sub_system/x_core/id_stage_i/id_in_ready_o (soc_ahblite_ibex_id_stage_0_2_0_0_0_0_0_0_0)
                                                        0.0000     2.4221 f
  x_sub_system/x_core/id_in_ready (net)                 0.0000     2.4221 f
  x_sub_system/x_core/if_stage_i/id_in_ready_i (soc_ahblite_ibex_if_stage_00000000_00000000_0_0_0_0_0_0)
                                                        0.0000     2.4221 f
  x_sub_system/x_core/if_stage_i/id_in_ready_i (net)    0.0000     2.4221 f
  x_sub_system/x_core/if_stage_i/gen_prefetch_buffer_prefetch_buffer_i/ready_i (soc_ahblite_ibex_prefetch_buffer_0_0)
                                                        0.0000     2.4221 f
  x_sub_system/x_core/if_stage_i/gen_prefetch_buffer_prefetch_buffer_i/ready_i (net)
                                                        0.0000     2.4221 f
  x_sub_system/x_core/if_stage_i/gen_prefetch_buffer_prefetch_buffer_i/fifo_i/out_ready_i (soc_ahblite_ibex_fetch_fifo_00000002_0)
                                                        0.0000     2.4221 f
  x_sub_system/x_core/if_stage_i/gen_prefetch_buffer_prefetch_buffer_i/fifo_i/out_ready_i (net)
                                                        0.0000     2.4221 f
  x_sub_system/x_core/if_stage_i/gen_prefetch_buffer_prefetch_buffer_i/fifo_i/u51/A1 (AO21D1BWP12T)
                                                        0.0000     2.4221 f
  x_sub_system/x_core/if_stage_i/gen_prefetch_buffer_prefetch_buffer_i/fifo_i/u51/Z (AO21D1BWP12T)
                                                        0.0645     2.4866 f
  x_sub_system/x_core/if_stage_i/gen_prefetch_buffer_prefetch_buffer_i/fifo_i/n274 (net)
                                                3       0.0000     2.4866 f
  x_sub_system/x_core/if_stage_i/gen_prefetch_buffer_prefetch_buffer_i/fifo_i/u46/I (CKND1BWP12T)
                                                        0.0000     2.4866 f
  x_sub_system/x_core/if_stage_i/gen_prefetch_buffer_prefetch_buffer_i/fifo_i/u46/ZN (CKND1BWP12T)
                                                        0.0208     2.5074 r
  x_sub_system/x_core/if_stage_i/gen_prefetch_buffer_prefetch_buffer_i/fifo_i/n362 (net)
                                                1       0.0000     2.5074 r
  x_sub_system/x_core/if_stage_i/gen_prefetch_buffer_prefetch_buffer_i/fifo_i/u74/A1 (NR2D2BWP12T)
                                                        0.0000     2.5074 r
  x_sub_system/x_core/if_stage_i/gen_prefetch_buffer_prefetch_buffer_i/fifo_i/u74/ZN (NR2D2BWP12T)
                                                        0.0303     2.5377 f
  x_sub_system/x_core/if_stage_i/gen_prefetch_buffer_prefetch_buffer_i/fifo_i/n313 (net)
                                               21       0.0000     2.5377 f
  x_sub_system/x_core/if_stage_i/gen_prefetch_buffer_prefetch_buffer_i/fifo_i/u282/C2 (AO222D0BWP12T)
                                                        0.0000     2.5377 f
  x_sub_system/x_core/if_stage_i/gen_prefetch_buffer_prefetch_buffer_i/fifo_i/u282/Z (AO222D0BWP12T)
                                                        0.1754     2.7131 f
  x_sub_system/x_core/if_stage_i/gen_prefetch_buffer_prefetch_buffer_i/fifo_i/n241 (net)
                                                1       0.0000     2.7131 f
  x_sub_system/x_core/if_stage_i/gen_prefetch_buffer_prefetch_buffer_i/fifo_i/instr_addr_q_reg_10_/D (DFQD1BWP12T)
                                                        0.0000     2.7131 f
  data arrival time                                                2.7131

  clock clk1 (rise edge)                                3.0000     3.0000
  clock network delay (ideal)                           0.0000     3.0000
  clock uncertainty                                    -0.3000     2.7000
  x_sub_system/x_core/if_stage_i/gen_prefetch_buffer_prefetch_buffer_i/fifo_i/instr_addr_q_reg_10_/CP (DFQD1BWP12T)
                                                        0.0000     2.7000 r
  library setup time                                    0.0133     2.7133
  data required time                                               2.7133
  --------------------------------------------------------------------------
  data required time                                               2.7133
  data arrival time                                               -2.7131
  --------------------------------------------------------------------------
  slack (MET)                                                      0.0002


  Startpoint: x_sub_system/x_core/if_stage_i/instr_rdata_alu_id_o_reg_2_
              (rising edge-triggered flip-flop clocked by clk1)
  Endpoint: x_sub_system/x_core/if_stage_i/gen_prefetch_buffer_prefetch_buffer_i/fifo_i/instr_addr_q_reg_9_
            (rising edge-triggered flip-flop clocked by clk1)
  Path Group: clk1
  Path Type: max

  Des/Clust/Port     Wire Load Model       Library
  ------------------------------------------------
  soc_ahblite_ibex_csr_32_0_0_5
                     ZeroWireload          tcbn65gplusbwp12twc
  soc_ahblite_ibex_fetch_fifo_00000002_0
                     ZeroWireload          tcbn65gplusbwp12twc
  soc_ahblite_ibex_counter_CounterWidth64_1
                     ZeroWireload          tcbn65gplusbwp12twc
  soc_ahblite_ibex_counter_CounterWidth64_0
                     ZeroWireload          tcbn65gplusbwp12twc
  soc_ahblite_ibex_csr_32_0_0_1
                     ZeroWireload          tcbn65gplusbwp12twc
  soc_ahblite_ibex_csr_32_0_0_2
                     ZeroWireload          tcbn65gplusbwp12twc
  soc_ahblite_ibex_csr_32_0_0_3
                     ZeroWireload          tcbn65gplusbwp12twc
  soc_ahblite_ibex_csr_32_0_40000003_0
                     ZeroWireload          tcbn65gplusbwp12twc
  soc_ahblite_ibex_csr_32_0_00000001_0
                     ZeroWireload          tcbn65gplusbwp12twc
  soc_ahblite_ibex_csr_6_0_0_0
                     ZeroWireload          tcbn65gplusbwp12twc
  soc_ahblite_ibex_csr_32_0_0_4
                     ZeroWireload          tcbn65gplusbwp12twc
  soc_ahblite_ibex_csr_18_0_0_0
                     ZeroWireload          tcbn65gplusbwp12twc
  soc_ahblite_ibex_csr_32_0_0_0
                     ZeroWireload          tcbn65gplusbwp12twc
  soc_ahblite_ibex_csr_6_0_10_0
                     ZeroWireload          tcbn65gplusbwp12twc
  soc_ahblite_ibex_multdiv_fast_RV32M2_0
                     ZeroWireload          tcbn65gplusbwp12twc
  soc_ahblite_ibex_controller_0_0_0
                     ZeroWireload          tcbn65gplusbwp12twc
  soc_ahblite_ibex_prefetch_buffer_0_0
                     ZeroWireload          tcbn65gplusbwp12twc
  soc_ahblite_ibex_cs_registers_0_00000001_0_0_0_0_00000000_00000028_0_00000000_00000004_0_2_0_0
                     ZeroWireload          tcbn65gplusbwp12twc
  soc_ahblite_ibex_load_store_unit_0
                     ZeroWireload          tcbn65gplusbwp12twc
  soc_ahblite_ibex_ex_block_2_0_0_0
                     ZeroWireload          tcbn65gplusbwp12twc
  soc_ahblite_ibex_id_stage_0_2_0_0_0_0_0_0_0
                     ZeroWireload          tcbn65gplusbwp12twc
  soc_ahblite_ibex_if_stage_00000000_00000000_0_0_0_0_0_0
                     ZeroWireload          tcbn65gplusbwp12twc
  soc_ahblite_prim_clock_gating_0
                     ZeroWireload          tcbn65gplusbwp12twc
  soc_ahblite_ibex_core_00000000_00000000_0
                     ZeroWireload          tcbn65gplusbwp12twc
  soc_ahblite_ibex_decoder_0_2_0_0_0
                     ZeroWireload          tcbn65gplusbwp12twc
  soc_ahblite_ibex_register_file_ff_0_00000020_0_0
                     ZeroWireload          tcbn65gplusbwp12twc
  soc_ahblite_ibex_alu_RV32B0_0
                     ZeroWireload          tcbn65gplusbwp12twc

  Point                                       Fanout      Incr       Path
  --------------------------------------------------------------------------
  clock clk1 (rise edge)                                0.0000     0.0000
  clock network delay (ideal)                           0.0000     0.0000
  x_sub_system/x_core/if_stage_i/instr_rdata_alu_id_o_reg_2_/CP (EDFCNQD1BWP12T)
                                                        0.0000     0.0000 r
  x_sub_system/x_core/if_stage_i/instr_rdata_alu_id_o_reg_2_/Q (EDFCNQD1BWP12T)
                                                        0.1396     0.1396 f
  x_sub_system/x_core/if_stage_i/instr_rdata_alu_id_o[2] (net)
                                                6       0.0000     0.1396 f
  x_sub_system/x_core/if_stage_i/instr_rdata_alu_id_o[2] (soc_ahblite_ibex_if_stage_00000000_00000000_0_0_0_0_0_0)
                                                        0.0000     0.1396 f
  x_sub_system/x_core/instr_rdata_alu_id[2] (net)       0.0000     0.1396 f
  x_sub_system/x_core/id_stage_i/instr_rdata_alu_i[2] (soc_ahblite_ibex_id_stage_0_2_0_0_0_0_0_0_0)
                                                        0.0000     0.1396 f
  x_sub_system/x_core/id_stage_i/instr_rdata_alu_i[2] (net)
                                                        0.0000     0.1396 f
  x_sub_system/x_core/id_stage_i/decoder_i/instr_rdata_alu_i[2] (soc_ahblite_ibex_decoder_0_2_0_0_0)
                                                        0.0000     0.1396 f
  x_sub_system/x_core/id_stage_i/decoder_i/instr_rdata_alu_i[2] (net)
                                                        0.0000     0.1396 f
  x_sub_system/x_core/id_stage_i/decoder_i/u46/I (CKND2BWP12T)
                                                        0.0000     0.1396 f
  x_sub_system/x_core/id_stage_i/decoder_i/u46/ZN (CKND2BWP12T)
                                                        0.0174     0.1570 r
  x_sub_system/x_core/id_stage_i/decoder_i/n137 (net)
                                                3       0.0000     0.1570 r
  x_sub_system/x_core/id_stage_i/decoder_i/u4/A1 (CKAN2D2BWP12T)
                                                        0.0000     0.1570 r
  x_sub_system/x_core/id_stage_i/decoder_i/u4/Z (CKAN2D2BWP12T)
                                                        0.0483     0.2053 r
  x_sub_system/x_core/id_stage_i/decoder_i/n274 (net)
                                                1       0.0000     0.2053 r
  x_sub_system/x_core/id_stage_i/decoder_i/u8/A2 (CKND2D8BWP12T)
                                                        0.0000     0.2053 r
  x_sub_system/x_core/id_stage_i/decoder_i/u8/ZN (CKND2D8BWP12T)
                                                        0.0241     0.2294 f
  x_sub_system/x_core/id_stage_i/decoder_i/n243 (net)
                                                4       0.0000     0.2294 f
  x_sub_system/x_core/id_stage_i/decoder_i/u24/A1 (NR2XD4BWP12T)
                                                        0.0000     0.2294 f
  x_sub_system/x_core/id_stage_i/decoder_i/u24/ZN (NR2XD4BWP12T)
                                                        0.0228     0.2522 r
  x_sub_system/x_core/id_stage_i/decoder_i/n252 (net)
                                                5       0.0000     0.2522 r
  x_sub_system/x_core/id_stage_i/decoder_i/u312/S (MUX2ND4BWP12T)
                                                        0.0000     0.2522 r
  x_sub_system/x_core/id_stage_i/decoder_i/u312/ZN (MUX2ND4BWP12T)
                                                        0.0899     0.3422 r
  x_sub_system/x_core/id_stage_i/decoder_i/rf_raddr_a_o[4] (net)
                                                6       0.0000     0.3422 r
  x_sub_system/x_core/id_stage_i/decoder_i/rf_raddr_a_o[4] (soc_ahblite_ibex_decoder_0_2_0_0_0)
                                                        0.0000     0.3422 r
  x_sub_system/x_core/id_stage_i/rf_raddr_a_o[4] (net)
                                                        0.0000     0.3422 r
  x_sub_system/x_core/id_stage_i/rf_raddr_a_o[4] (soc_ahblite_ibex_id_stage_0_2_0_0_0_0_0_0_0)
                                                        0.0000     0.3422 r
  x_sub_system/x_core/rf_raddr_a[4] (net)               0.0000     0.3422 r
  x_sub_system/x_core/gen_regfile_ff_register_file_i/raddr_a_i[4] (soc_ahblite_ibex_register_file_ff_0_00000020_0_0)
                                                        0.0000     0.3422 r
  x_sub_system/x_core/gen_regfile_ff_register_file_i/raddr_a_i[4] (net)
                                                        0.0000     0.3422 r
  x_sub_system/x_core/gen_regfile_ff_register_file_i/u272/I (INVD2BWP12T)
                                                        0.0000     0.3422 r
  x_sub_system/x_core/gen_regfile_ff_register_file_i/u272/ZN (INVD2BWP12T)
                                                        0.0204     0.3626 f
  x_sub_system/x_core/gen_regfile_ff_register_file_i/n129 (net)
                                                1       0.0000     0.3626 f
  x_sub_system/x_core/gen_regfile_ff_register_file_i/u224/A2 (ND3D4BWP12T)
                                                        0.0000     0.3626 f
  x_sub_system/x_core/gen_regfile_ff_register_file_i/u224/ZN (ND3D4BWP12T)
                                                        0.0269     0.3895 r
  x_sub_system/x_core/gen_regfile_ff_register_file_i/n154 (net)
                                                4       0.0000     0.3895 r
  x_sub_system/x_core/gen_regfile_ff_register_file_i/u190/A1 (NR2D4BWP12T)
                                                        0.0000     0.3895 r
  x_sub_system/x_core/gen_regfile_ff_register_file_i/u190/ZN (NR2D4BWP12T)
                                                        0.0162     0.4057 f
  x_sub_system/x_core/gen_regfile_ff_register_file_i/n145 (net)
                                                1       0.0000     0.4057 f
  x_sub_system/x_core/gen_regfile_ff_register_file_i/u205/I (BUFFD12BWP12T)
                                                        0.0000     0.4057 f
  x_sub_system/x_core/gen_regfile_ff_register_file_i/u205/Z (BUFFD12BWP12T)
                                                        0.0411     0.4468 f
  x_sub_system/x_core/gen_regfile_ff_register_file_i/n2620 (net)
                                               32       0.0000     0.4468 f
  x_sub_system/x_core/gen_regfile_ff_register_file_i/u1233/B1 (AOI22D0BWP12T)
                                                        0.0000     0.4468 f
  x_sub_system/x_core/gen_regfile_ff_register_file_i/u1233/ZN (AOI22D0BWP12T)
                                                        0.0645     0.5114 r
  x_sub_system/x_core/gen_regfile_ff_register_file_i/n238 (net)
                                                1       0.0000     0.5114 r
  x_sub_system/x_core/gen_regfile_ff_register_file_i/u1292/A3 (ND4D1BWP12T)
                                                        0.0000     0.5114 r
  x_sub_system/x_core/gen_regfile_ff_register_file_i/u1292/ZN (ND4D1BWP12T)
                                                        0.0560     0.5674 f
  x_sub_system/x_core/gen_regfile_ff_register_file_i/n251 (net)
                                                1       0.0000     0.5674 f
  x_sub_system/x_core/gen_regfile_ff_register_file_i/u1297/A2 (OR4D1BWP12T)
                                                        0.0000     0.5674 f
  x_sub_system/x_core/gen_regfile_ff_register_file_i/u1297/Z (OR4D1BWP12T)
                                                        0.1137     0.6810 f
  x_sub_system/x_core/gen_regfile_ff_register_file_i/rdata_a_o[5] (net)
                                                2       0.0000     0.6810 f
  x_sub_system/x_core/gen_regfile_ff_register_file_i/rdata_a_o[5] (soc_ahblite_ibex_register_file_ff_0_00000020_0_0)
                                                        0.0000     0.6810 f
  x_sub_system/x_core/rf_rdata_a[5] (net)               0.0000     0.6810 f
  x_sub_system/x_core/id_stage_i/rf_rdata_a_i[5] (soc_ahblite_ibex_id_stage_0_2_0_0_0_0_0_0_0)
                                                        0.0000     0.6810 f
  x_sub_system/x_core/id_stage_i/rf_rdata_a_i[5] (net)
                                                        0.0000     0.6810 f
  x_sub_system/x_core/id_stage_i/u8/I (CKBD4BWP12T)     0.0000     0.6810 f
  x_sub_system/x_core/id_stage_i/u8/Z (CKBD4BWP12T)     0.0379     0.7190 f
  x_sub_system/x_core/id_stage_i/multdiv_operand_a_ex_o[5] (net)
                                                4       0.0000     0.7190 f
  x_sub_system/x_core/id_stage_i/multdiv_operand_a_ex_o[5] (soc_ahblite_ibex_id_stage_0_2_0_0_0_0_0_0_0)
                                                        0.0000     0.7190 f
  x_sub_system/x_core/multdiv_operand_a_ex[5] (net)     0.0000     0.7190 f
  x_sub_system/x_core/ex_block_i/multdiv_operand_a_i[5] (soc_ahblite_ibex_ex_block_2_0_0_0)
                                                        0.0000     0.7190 f
  x_sub_system/x_core/ex_block_i/multdiv_operand_a_i[5] (net)
                                                        0.0000     0.7190 f
  x_sub_system/x_core/ex_block_i/gen_multdiv_fast_multdiv_i/op_a_i[5] (soc_ahblite_ibex_multdiv_fast_RV32M2_0)
                                                        0.0000     0.7190 f
  x_sub_system/x_core/ex_block_i/gen_multdiv_fast_multdiv_i/op_a_i[5] (net)
                                                        0.0000     0.7190 f
  x_sub_system/x_core/ex_block_i/gen_multdiv_fast_multdiv_i/u218/I0 (MUX2D4BWP12T)
                                                        0.0000     0.7190 f
  x_sub_system/x_core/ex_block_i/gen_multdiv_fast_multdiv_i/u218/Z (MUX2D4BWP12T)
                                                        0.0698     0.7888 f
  x_sub_system/x_core/ex_block_i/gen_multdiv_fast_multdiv_i/n92 (net)
                                                9       0.0000     0.7888 f
  x_sub_system/x_core/ex_block_i/gen_multdiv_fast_multdiv_i/u191/A1 (XNR2D0BWP12T)
                                                        0.0000     0.7888 f
  x_sub_system/x_core/ex_block_i/gen_multdiv_fast_multdiv_i/u191/ZN (XNR2D0BWP12T)
                                                        0.0885     0.8773 r
  x_sub_system/x_core/ex_block_i/gen_multdiv_fast_multdiv_i/n240 (net)
                                                2       0.0000     0.8773 r
  x_sub_system/x_core/ex_block_i/gen_multdiv_fast_multdiv_i/u24/B1 (OAI22D2BWP12T)
                                                        0.0000     0.8773 r
  x_sub_system/x_core/ex_block_i/gen_multdiv_fast_multdiv_i/u24/ZN (OAI22D2BWP12T)
                                                        0.0356     0.9129 f
  x_sub_system/x_core/ex_block_i/gen_multdiv_fast_multdiv_i/n233 (net)
                                                1       0.0000     0.9129 f
  x_sub_system/x_core/ex_block_i/gen_multdiv_fast_multdiv_i/u572/B (FA1D1BWP12T)
                                                        0.0000     0.9129 f
  x_sub_system/x_core/ex_block_i/gen_multdiv_fast_multdiv_i/u572/CO (FA1D1BWP12T)
                                                        0.1022     1.0151 f
  x_sub_system/x_core/ex_block_i/gen_multdiv_fast_multdiv_i/n264 (net)
                                                1       0.0000     1.0151 f
  x_sub_system/x_core/ex_block_i/gen_multdiv_fast_multdiv_i/u1059/A (FA1D2BWP12T)
                                                        0.0000     1.0151 f
  x_sub_system/x_core/ex_block_i/gen_multdiv_fast_multdiv_i/u1059/CO (FA1D2BWP12T)
                                                        0.1108     1.1259 f
  x_sub_system/x_core/ex_block_i/gen_multdiv_fast_multdiv_i/n631 (net)
                                                1       0.0000     1.1259 f
  x_sub_system/x_core/ex_block_i/gen_multdiv_fast_multdiv_i/u722/A (FA1D1BWP12T)
                                                        0.0000     1.1259 f
  x_sub_system/x_core/ex_block_i/gen_multdiv_fast_multdiv_i/u722/CO (FA1D1BWP12T)
                                                        0.1086     1.2345 f
  x_sub_system/x_core/ex_block_i/gen_multdiv_fast_multdiv_i/n636 (net)
                                                1       0.0000     1.2345 f
  x_sub_system/x_core/ex_block_i/gen_multdiv_fast_multdiv_i/u411/B (FA1D1BWP12T)
                                                        0.0000     1.2345 f
  x_sub_system/x_core/ex_block_i/gen_multdiv_fast_multdiv_i/u411/CO (FA1D1BWP12T)
                                                        0.1052     1.3397 f
  x_sub_system/x_core/ex_block_i/gen_multdiv_fast_multdiv_i/n971 (net)
                                                3       0.0000     1.3397 f
  x_sub_system/x_core/ex_block_i/gen_multdiv_fast_multdiv_i/u325/A2 (ND2D1BWP12T)
                                                        0.0000     1.3397 f
  x_sub_system/x_core/ex_block_i/gen_multdiv_fast_multdiv_i/u325/ZN (ND2D1BWP12T)
                                                        0.0371     1.3768 r
  x_sub_system/x_core/ex_block_i/gen_multdiv_fast_multdiv_i/n973 (net)
                                                2       0.0000     1.3768 r
  x_sub_system/x_core/ex_block_i/gen_multdiv_fast_multdiv_i/u67/B (OAI21D4BWP12T)
                                                        0.0000     1.3768 r
  x_sub_system/x_core/ex_block_i/gen_multdiv_fast_multdiv_i/u67/ZN (OAI21D4BWP12T)
                                                        0.0377     1.4145 f
  x_sub_system/x_core/ex_block_i/gen_multdiv_fast_multdiv_i/n909 (net)
                                                3       0.0000     1.4145 f
  x_sub_system/x_core/ex_block_i/gen_multdiv_fast_multdiv_i/u303/A1 (AOI21D4BWP12T)
                                                        0.0000     1.4145 f
  x_sub_system/x_core/ex_block_i/gen_multdiv_fast_multdiv_i/u303/ZN (AOI21D4BWP12T)
                                                        0.0368     1.4513 r
  x_sub_system/x_core/ex_block_i/gen_multdiv_fast_multdiv_i/n958 (net)
                                                8       0.0000     1.4513 r
  x_sub_system/x_core/ex_block_i/gen_multdiv_fast_multdiv_i/u122/A1 (OAI21D1BWP12T)
                                                        0.0000     1.4513 r
  x_sub_system/x_core/ex_block_i/gen_multdiv_fast_multdiv_i/u122/ZN (OAI21D1BWP12T)
                                                        0.0278     1.4790 f
  x_sub_system/x_core/ex_block_i/gen_multdiv_fast_multdiv_i/n878 (net)
                                                1       0.0000     1.4790 f
  x_sub_system/x_core/ex_block_i/gen_multdiv_fast_multdiv_i/u356/B (AOI21D1BWP12T)
                                                        0.0000     1.4790 f
  x_sub_system/x_core/ex_block_i/gen_multdiv_fast_multdiv_i/u356/ZN (AOI21D1BWP12T)
                                                        0.0502     1.5293 r
  x_sub_system/x_core/ex_block_i/gen_multdiv_fast_multdiv_i/n882 (net)
                                                1       0.0000     1.5293 r
  x_sub_system/x_core/ex_block_i/gen_multdiv_fast_multdiv_i/u461/A1 (XOR2D1BWP12T)
                                                        0.0000     1.5293 r
  x_sub_system/x_core/ex_block_i/gen_multdiv_fast_multdiv_i/u461/Z (XOR2D1BWP12T)
                                                        0.0742     1.6035 f
  x_sub_system/x_core/ex_block_i/gen_multdiv_fast_multdiv_i/n890 (net)
                                                2       0.0000     1.6035 f
  x_sub_system/x_core/ex_block_i/gen_multdiv_fast_multdiv_i/u8/A1 (OAI21D1BWP12T)
                                                        0.0000     1.6035 f
  x_sub_system/x_core/ex_block_i/gen_multdiv_fast_multdiv_i/u8/ZN (OAI21D1BWP12T)
                                                        0.0322     1.6357 r
  x_sub_system/x_core/ex_block_i/gen_multdiv_fast_multdiv_i/n1789 (net)
                                                1       0.0000     1.6357 r
  x_sub_system/x_core/ex_block_i/gen_multdiv_fast_multdiv_i/u11/A1 (CKND2D2BWP12T)
                                                        0.0000     1.6357 r
  x_sub_system/x_core/ex_block_i/gen_multdiv_fast_multdiv_i/u11/ZN (CKND2D2BWP12T)
                                                        0.0310     1.6667 f
  x_sub_system/x_core/ex_block_i/gen_multdiv_fast_multdiv_i/multdiv_result_o[26] (net)
                                                2       0.0000     1.6667 f
  x_sub_system/x_core/ex_block_i/gen_multdiv_fast_multdiv_i/multdiv_result_o[26] (soc_ahblite_ibex_multdiv_fast_RV32M2_0)
                                                        0.0000     1.6667 f
  x_sub_system/x_core/ex_block_i/multdiv_result[26] (net)
                                                        0.0000     1.6667 f
  x_sub_system/x_core/ex_block_i/u61/A1 (ND2D2BWP12T)   0.0000     1.6667 f
  x_sub_system/x_core/ex_block_i/u61/ZN (ND2D2BWP12T)   0.0186     1.6853 r
  x_sub_system/x_core/ex_block_i/n88 (net)      1       0.0000     1.6853 r
  x_sub_system/x_core/ex_block_i/u13/B (IOA21D2BWP12T)
                                                        0.0000     1.6853 r
  x_sub_system/x_core/ex_block_i/u13/ZN (IOA21D2BWP12T)
                                                        0.0265     1.7119 f
  x_sub_system/x_core/ex_block_i/alu_operand_b_i_true[26] (net)
                                                4       0.0000     1.7119 f
  x_sub_system/x_core/ex_block_i/alu_i/operand_b_i[26] (soc_ahblite_ibex_alu_RV32B0_0)
                                                        0.0000     1.7119 f
  x_sub_system/x_core/ex_block_i/alu_i/operand_b_i[26] (net)
                                                        0.0000     1.7119 f
  x_sub_system/x_core/ex_block_i/alu_i/u476/S (MUX2ND0BWP12T)
                                                        0.0000     1.7119 f
  x_sub_system/x_core/ex_block_i/alu_i/u476/ZN (MUX2ND0BWP12T)
                                                        0.0602     1.7721 f
  x_sub_system/x_core/ex_block_i/alu_i/n170 (net)
                                                1       0.0000     1.7721 f
  x_sub_system/x_core/ex_block_i/alu_i/u153/A1 (ND2D2BWP12T)
                                                        0.0000     1.7721 f
  x_sub_system/x_core/ex_block_i/alu_i/u153/ZN (ND2D2BWP12T)
                                                        0.0338     1.8059 r
  x_sub_system/x_core/ex_block_i/alu_i/n180 (net)
                                                2       0.0000     1.8059 r
  x_sub_system/x_core/ex_block_i/alu_i/u150/A1 (NR2XD2BWP12T)
                                                        0.0000     1.8059 r
  x_sub_system/x_core/ex_block_i/alu_i/u150/ZN (NR2XD2BWP12T)
                                                        0.0265     1.8324 f
  x_sub_system/x_core/ex_block_i/alu_i/n236 (net)
                                                3       0.0000     1.8324 f
  x_sub_system/x_core/ex_block_i/alu_i/u24/A2 (NR2XD2BWP12T)
                                                        0.0000     1.8324 f
  x_sub_system/x_core/ex_block_i/alu_i/u24/ZN (NR2XD2BWP12T)
                                                        0.0369     1.8693 r
  x_sub_system/x_core/ex_block_i/alu_i/n182 (net)
                                                2       0.0000     1.8693 r
  x_sub_system/x_core/ex_block_i/alu_i/u25/A2 (ND2D2BWP12T)
                                                        0.0000     1.8693 r
  x_sub_system/x_core/ex_block_i/alu_i/u25/ZN (ND2D2BWP12T)
                                                        0.0265     1.8958 f
  x_sub_system/x_core/ex_block_i/alu_i/n248 (net)
                                                3       0.0000     1.8958 f
  x_sub_system/x_core/ex_block_i/alu_i/u136/A1 (NR2XD0BWP12T)
                                                        0.0000     1.8958 f
  x_sub_system/x_core/ex_block_i/alu_i/u136/ZN (NR2XD0BWP12T)
                                                        0.0255     1.9213 r
  x_sub_system/x_core/ex_block_i/alu_i/n195 (net)
                                                1       0.0000     1.9213 r
  x_sub_system/x_core/ex_block_i/alu_i/u50/A1 (AN2D2BWP12T)
                                                        0.0000     1.9213 r
  x_sub_system/x_core/ex_block_i/alu_i/u50/Z (AN2D2BWP12T)
                                                        0.0472     1.9684 r
  x_sub_system/x_core/ex_block_i/alu_i/n9 (net)
                                                1       0.0000     1.9684 r
  x_sub_system/x_core/ex_block_i/alu_i/u230/A1 (NR2D3BWP12T)
                                                        0.0000     1.9684 r
  x_sub_system/x_core/ex_block_i/alu_i/u230/ZN (NR2D3BWP12T)
                                                        0.0150     1.9835 f
  x_sub_system/x_core/ex_block_i/alu_i/n260 (net)
                                                2       0.0000     1.9835 f
  x_sub_system/x_core/ex_block_i/alu_i/u106/A1 (OAI21D4BWP12T)
                                                        0.0000     1.9835 f
  x_sub_system/x_core/ex_block_i/alu_i/u106/ZN (OAI21D4BWP12T)
                                                        0.0310     2.0144 r
  x_sub_system/x_core/ex_block_i/alu_i/n210 (net)
                                                2       0.0000     2.0144 r
  x_sub_system/x_core/ex_block_i/alu_i/u77/B (IOA21D2BWP12T)
                                                        0.0000     2.0144 r
  x_sub_system/x_core/ex_block_i/alu_i/u77/ZN (IOA21D2BWP12T)
                                                        0.0212     2.0356 f
  x_sub_system/x_core/ex_block_i/alu_i/n213 (net)
                                                1       0.0000     2.0356 f
  x_sub_system/x_core/ex_block_i/alu_i/u125/B (IOA21D2BWP12T)
                                                        0.0000     2.0356 f
  x_sub_system/x_core/ex_block_i/alu_i/u125/ZN (IOA21D2BWP12T)
                                                        0.0146     2.0502 r
  x_sub_system/x_core/ex_block_i/alu_i/n224 (net)
                                                1       0.0000     2.0502 r
  x_sub_system/x_core/ex_block_i/alu_i/u123/A1 (XOR2D2BWP12T)
                                                        0.0000     2.0502 r
  x_sub_system/x_core/ex_block_i/alu_i/u123/Z (XOR2D2BWP12T)
                                                        0.0817     2.1319 f
  x_sub_system/x_core/ex_block_i/alu_i/adder_result_o[31] (net)
                                                5       0.0000     2.1319 f
  x_sub_system/x_core/ex_block_i/alu_i/u122/A1 (ND2D1BWP12T)
                                                        0.0000     2.1319 f
  x_sub_system/x_core/ex_block_i/alu_i/u122/ZN (ND2D1BWP12T)
                                                        0.0264     2.1582 r
  x_sub_system/x_core/ex_block_i/alu_i/n425 (net)
                                                1       0.0000     2.1582 r
  x_sub_system/x_core/ex_block_i/alu_i/u102/A1 (ND3D2BWP12T)
                                                        0.0000     2.1582 r
  x_sub_system/x_core/ex_block_i/alu_i/u102/ZN (ND3D2BWP12T)
                                                        0.0251     2.1834 f
  x_sub_system/x_core/ex_block_i/alu_i/n426 (net)
                                                1       0.0000     2.1834 f
  x_sub_system/x_core/ex_block_i/alu_i/u105/A2 (NR2XD1BWP12T)
                                                        0.0000     2.1834 f
  x_sub_system/x_core/ex_block_i/alu_i/u105/ZN (NR2XD1BWP12T)
                                                        0.0284     2.2118 r
  x_sub_system/x_core/ex_block_i/alu_i/n427 (net)
                                                1       0.0000     2.2118 r
  x_sub_system/x_core/ex_block_i/alu_i/u12/A2 (CKND2D2BWP12T)
                                                        0.0000     2.2118 r
  x_sub_system/x_core/ex_block_i/alu_i/u12/ZN (CKND2D2BWP12T)
                                                        0.0237     2.2355 f
  x_sub_system/x_core/ex_block_i/alu_i/comparison_result_o (net)
                                                2       0.0000     2.2355 f
  x_sub_system/x_core/ex_block_i/alu_i/comparison_result_o (soc_ahblite_ibex_alu_RV32B0_0)
                                                        0.0000     2.2355 f
  x_sub_system/x_core/ex_block_i/branch_decision_o (net)
                                                        0.0000     2.2355 f
  x_sub_system/x_core/ex_block_i/branch_decision_o (soc_ahblite_ibex_ex_block_2_0_0_0)
                                                        0.0000     2.2355 f
  x_sub_system/x_core/branch_decision (net)             0.0000     2.2355 f
  x_sub_system/x_core/id_stage_i/branch_decision_i (soc_ahblite_ibex_id_stage_0_2_0_0_0_0_0_0_0)
                                                        0.0000     2.2355 f
  x_sub_system/x_core/id_stage_i/branch_decision_i (net)
                                                        0.0000     2.2355 f
  x_sub_system/x_core/id_stage_i/u60/A1 (ND2D2BWP12T)   0.0000     2.2355 f
  x_sub_system/x_core/id_stage_i/u60/ZN (ND2D2BWP12T)   0.0189     2.2545 r
  x_sub_system/x_core/id_stage_i/n167 (net)     3       0.0000     2.2545 r
  x_sub_system/x_core/id_stage_i/u67/A1 (ND2D2BWP12T)   0.0000     2.2545 r
  x_sub_system/x_core/id_stage_i/u67/ZN (ND2D2BWP12T)   0.0182     2.2726 f
  x_sub_system/x_core/id_stage_i/n118 (net)     1       0.0000     2.2726 f
  x_sub_system/x_core/id_stage_i/u21/I (INVD2BWP12T)    0.0000     2.2726 f
  x_sub_system/x_core/id_stage_i/u21/ZN (INVD2BWP12T)   0.0191     2.2918 r
  x_sub_system/x_core/id_stage_i/csr_op_en_o (net)
                                                3       0.0000     2.2918 r
  x_sub_system/x_core/id_stage_i/u19/A1 (CKAN2D2BWP12T)
                                                        0.0000     2.2918 r
  x_sub_system/x_core/id_stage_i/u19/Z (CKAN2D2BWP12T)
                                                        0.0428     2.3346 r
  x_sub_system/x_core/id_stage_i/n51 (net)      2       0.0000     2.3346 r
  x_sub_system/x_core/id_stage_i/controller_i/csr_pipe_flush_i (soc_ahblite_ibex_controller_0_0_0)
                                                        0.0000     2.3346 r
  x_sub_system/x_core/id_stage_i/controller_i/csr_pipe_flush_i (net)
                                                        0.0000     2.3346 r
  x_sub_system/x_core/id_stage_i/controller_i/u18/A1 (ND2D1BWP12T)
                                                        0.0000     2.3346 r
  x_sub_system/x_core/id_stage_i/controller_i/u18/ZN (ND2D1BWP12T)
                                                        0.0264     2.3610 f
  x_sub_system/x_core/id_stage_i/controller_i/n265 (net)
                                                1       0.0000     2.3610 f
  x_sub_system/x_core/id_stage_i/controller_i/u9/A1 (CKND2D4BWP12T)
                                                        0.0000     2.3610 f
  x_sub_system/x_core/id_stage_i/controller_i/u9/ZN (CKND2D4BWP12T)
                                                        0.0309     2.3919 r
  x_sub_system/x_core/id_stage_i/controller_i/n266 (net)
                                                1       0.0000     2.3919 r
  x_sub_system/x_core/id_stage_i/controller_i/u6/B (AOI211XD4BWP12T)
                                                        0.0000     2.3919 r
  x_sub_system/x_core/id_stage_i/controller_i/u6/ZN (AOI211XD4BWP12T)
                                                        0.0302     2.4221 f
  x_sub_system/x_core/id_stage_i/controller_i/id_in_ready_o (net)
                                                6       0.0000     2.4221 f
  x_sub_system/x_core/id_stage_i/controller_i/id_in_ready_o (soc_ahblite_ibex_controller_0_0_0)
                                                        0.0000     2.4221 f
  x_sub_system/x_core/id_stage_i/id_in_ready_o (net)    0.0000     2.4221 f
  x_sub_system/x_core/id_stage_i/id_in_ready_o (soc_ahblite_ibex_id_stage_0_2_0_0_0_0_0_0_0)
                                                        0.0000     2.4221 f
  x_sub_system/x_core/id_in_ready (net)                 0.0000     2.4221 f
  x_sub_system/x_core/if_stage_i/id_in_ready_i (soc_ahblite_ibex_if_stage_00000000_00000000_0_0_0_0_0_0)
                                                        0.0000     2.4221 f
  x_sub_system/x_core/if_stage_i/id_in_ready_i (net)    0.0000     2.4221 f
  x_sub_system/x_core/if_stage_i/gen_prefetch_buffer_prefetch_buffer_i/ready_i (soc_ahblite_ibex_prefetch_buffer_0_0)
                                                        0.0000     2.4221 f
  x_sub_system/x_core/if_stage_i/gen_prefetch_buffer_prefetch_buffer_i/ready_i (net)
                                                        0.0000     2.4221 f
  x_sub_system/x_core/if_stage_i/gen_prefetch_buffer_prefetch_buffer_i/fifo_i/out_ready_i (soc_ahblite_ibex_fetch_fifo_00000002_0)
                                                        0.0000     2.4221 f
  x_sub_system/x_core/if_stage_i/gen_prefetch_buffer_prefetch_buffer_i/fifo_i/out_ready_i (net)
                                                        0.0000     2.4221 f
  x_sub_system/x_core/if_stage_i/gen_prefetch_buffer_prefetch_buffer_i/fifo_i/u51/A1 (AO21D1BWP12T)
                                                        0.0000     2.4221 f
  x_sub_system/x_core/if_stage_i/gen_prefetch_buffer_prefetch_buffer_i/fifo_i/u51/Z (AO21D1BWP12T)
                                                        0.0645     2.4866 f
  x_sub_system/x_core/if_stage_i/gen_prefetch_buffer_prefetch_buffer_i/fifo_i/n274 (net)
                                                3       0.0000     2.4866 f
  x_sub_system/x_core/if_stage_i/gen_prefetch_buffer_prefetch_buffer_i/fifo_i/u46/I (CKND1BWP12T)
                                                        0.0000     2.4866 f
  x_sub_system/x_core/if_stage_i/gen_prefetch_buffer_prefetch_buffer_i/fifo_i/u46/ZN (CKND1BWP12T)
                                                        0.0208     2.5074 r
  x_sub_system/x_core/if_stage_i/gen_prefetch_buffer_prefetch_buffer_i/fifo_i/n362 (net)
                                                1       0.0000     2.5074 r
  x_sub_system/x_core/if_stage_i/gen_prefetch_buffer_prefetch_buffer_i/fifo_i/u74/A1 (NR2D2BWP12T)
                                                        0.0000     2.5074 r
  x_sub_system/x_core/if_stage_i/gen_prefetch_buffer_prefetch_buffer_i/fifo_i/u74/ZN (NR2D2BWP12T)
                                                        0.0303     2.5377 f
  x_sub_system/x_core/if_stage_i/gen_prefetch_buffer_prefetch_buffer_i/fifo_i/n313 (net)
                                               21       0.0000     2.5377 f
  x_sub_system/x_core/if_stage_i/gen_prefetch_buffer_prefetch_buffer_i/fifo_i/u281/C2 (AO222D0BWP12T)
                                                        0.0000     2.5377 f
  x_sub_system/x_core/if_stage_i/gen_prefetch_buffer_prefetch_buffer_i/fifo_i/u281/Z (AO222D0BWP12T)
                                                        0.1754     2.7131 f
  x_sub_system/x_core/if_stage_i/gen_prefetch_buffer_prefetch_buffer_i/fifo_i/n242 (net)
                                                1       0.0000     2.7131 f
  x_sub_system/x_core/if_stage_i/gen_prefetch_buffer_prefetch_buffer_i/fifo_i/instr_addr_q_reg_9_/D (DFQD1BWP12T)
                                                        0.0000     2.7131 f
  data arrival time                                                2.7131

  clock clk1 (rise edge)                                3.0000     3.0000
  clock network delay (ideal)                           0.0000     3.0000
  clock uncertainty                                    -0.3000     2.7000
  x_sub_system/x_core/if_stage_i/gen_prefetch_buffer_prefetch_buffer_i/fifo_i/instr_addr_q_reg_9_/CP (DFQD1BWP12T)
                                                        0.0000     2.7000 r
  library setup time                                    0.0133     2.7133
  data required time                                               2.7133
  --------------------------------------------------------------------------
  data required time                                               2.7133
  data arrival time                                               -2.7131
  --------------------------------------------------------------------------
  slack (MET)                                                      0.0002


  Startpoint: x_sub_system/x_core/if_stage_i/instr_rdata_alu_id_o_reg_2_
              (rising edge-triggered flip-flop clocked by clk1)
  Endpoint: x_sub_system/x_core/if_stage_i/gen_prefetch_buffer_prefetch_buffer_i/fifo_i/instr_addr_q_reg_8_
            (rising edge-triggered flip-flop clocked by clk1)
  Path Group: clk1
  Path Type: max

  Des/Clust/Port     Wire Load Model       Library
  ------------------------------------------------
  soc_ahblite_ibex_csr_32_0_0_5
                     ZeroWireload          tcbn65gplusbwp12twc
  soc_ahblite_ibex_fetch_fifo_00000002_0
                     ZeroWireload          tcbn65gplusbwp12twc
  soc_ahblite_ibex_counter_CounterWidth64_1
                     ZeroWireload          tcbn65gplusbwp12twc
  soc_ahblite_ibex_counter_CounterWidth64_0
                     ZeroWireload          tcbn65gplusbwp12twc
  soc_ahblite_ibex_csr_32_0_0_1
                     ZeroWireload          tcbn65gplusbwp12twc
  soc_ahblite_ibex_csr_32_0_0_2
                     ZeroWireload          tcbn65gplusbwp12twc
  soc_ahblite_ibex_csr_32_0_0_3
                     ZeroWireload          tcbn65gplusbwp12twc
  soc_ahblite_ibex_csr_32_0_40000003_0
                     ZeroWireload          tcbn65gplusbwp12twc
  soc_ahblite_ibex_csr_32_0_00000001_0
                     ZeroWireload          tcbn65gplusbwp12twc
  soc_ahblite_ibex_csr_6_0_0_0
                     ZeroWireload          tcbn65gplusbwp12twc
  soc_ahblite_ibex_csr_32_0_0_4
                     ZeroWireload          tcbn65gplusbwp12twc
  soc_ahblite_ibex_csr_18_0_0_0
                     ZeroWireload          tcbn65gplusbwp12twc
  soc_ahblite_ibex_csr_32_0_0_0
                     ZeroWireload          tcbn65gplusbwp12twc
  soc_ahblite_ibex_csr_6_0_10_0
                     ZeroWireload          tcbn65gplusbwp12twc
  soc_ahblite_ibex_multdiv_fast_RV32M2_0
                     ZeroWireload          tcbn65gplusbwp12twc
  soc_ahblite_ibex_controller_0_0_0
                     ZeroWireload          tcbn65gplusbwp12twc
  soc_ahblite_ibex_prefetch_buffer_0_0
                     ZeroWireload          tcbn65gplusbwp12twc
  soc_ahblite_ibex_cs_registers_0_00000001_0_0_0_0_00000000_00000028_0_00000000_00000004_0_2_0_0
                     ZeroWireload          tcbn65gplusbwp12twc
  soc_ahblite_ibex_load_store_unit_0
                     ZeroWireload          tcbn65gplusbwp12twc
  soc_ahblite_ibex_ex_block_2_0_0_0
                     ZeroWireload          tcbn65gplusbwp12twc
  soc_ahblite_ibex_id_stage_0_2_0_0_0_0_0_0_0
                     ZeroWireload          tcbn65gplusbwp12twc
  soc_ahblite_ibex_if_stage_00000000_00000000_0_0_0_0_0_0
                     ZeroWireload          tcbn65gplusbwp12twc
  soc_ahblite_prim_clock_gating_0
                     ZeroWireload          tcbn65gplusbwp12twc
  soc_ahblite_ibex_core_00000000_00000000_0
                     ZeroWireload          tcbn65gplusbwp12twc
  soc_ahblite_ibex_decoder_0_2_0_0_0
                     ZeroWireload          tcbn65gplusbwp12twc
  soc_ahblite_ibex_register_file_ff_0_00000020_0_0
                     ZeroWireload          tcbn65gplusbwp12twc
  soc_ahblite_ibex_alu_RV32B0_0
                     ZeroWireload          tcbn65gplusbwp12twc

  Point                                       Fanout      Incr       Path
  --------------------------------------------------------------------------
  clock clk1 (rise edge)                                0.0000     0.0000
  clock network delay (ideal)                           0.0000     0.0000
  x_sub_system/x_core/if_stage_i/instr_rdata_alu_id_o_reg_2_/CP (EDFCNQD1BWP12T)
                                                        0.0000     0.0000 r
  x_sub_system/x_core/if_stage_i/instr_rdata_alu_id_o_reg_2_/Q (EDFCNQD1BWP12T)
                                                        0.1396     0.1396 f
  x_sub_system/x_core/if_stage_i/instr_rdata_alu_id_o[2] (net)
                                                6       0.0000     0.1396 f
  x_sub_system/x_core/if_stage_i/instr_rdata_alu_id_o[2] (soc_ahblite_ibex_if_stage_00000000_00000000_0_0_0_0_0_0)
                                                        0.0000     0.1396 f
  x_sub_system/x_core/instr_rdata_alu_id[2] (net)       0.0000     0.1396 f
  x_sub_system/x_core/id_stage_i/instr_rdata_alu_i[2] (soc_ahblite_ibex_id_stage_0_2_0_0_0_0_0_0_0)
                                                        0.0000     0.1396 f
  x_sub_system/x_core/id_stage_i/instr_rdata_alu_i[2] (net)
                                                        0.0000     0.1396 f
  x_sub_system/x_core/id_stage_i/decoder_i/instr_rdata_alu_i[2] (soc_ahblite_ibex_decoder_0_2_0_0_0)
                                                        0.0000     0.1396 f
  x_sub_system/x_core/id_stage_i/decoder_i/instr_rdata_alu_i[2] (net)
                                                        0.0000     0.1396 f
  x_sub_system/x_core/id_stage_i/decoder_i/u46/I (CKND2BWP12T)
                                                        0.0000     0.1396 f
  x_sub_system/x_core/id_stage_i/decoder_i/u46/ZN (CKND2BWP12T)
                                                        0.0174     0.1570 r
  x_sub_system/x_core/id_stage_i/decoder_i/n137 (net)
                                                3       0.0000     0.1570 r
  x_sub_system/x_core/id_stage_i/decoder_i/u4/A1 (CKAN2D2BWP12T)
                                                        0.0000     0.1570 r
  x_sub_system/x_core/id_stage_i/decoder_i/u4/Z (CKAN2D2BWP12T)
                                                        0.0483     0.2053 r
  x_sub_system/x_core/id_stage_i/decoder_i/n274 (net)
                                                1       0.0000     0.2053 r
  x_sub_system/x_core/id_stage_i/decoder_i/u8/A2 (CKND2D8BWP12T)
                                                        0.0000     0.2053 r
  x_sub_system/x_core/id_stage_i/decoder_i/u8/ZN (CKND2D8BWP12T)
                                                        0.0241     0.2294 f
  x_sub_system/x_core/id_stage_i/decoder_i/n243 (net)
                                                4       0.0000     0.2294 f
  x_sub_system/x_core/id_stage_i/decoder_i/u24/A1 (NR2XD4BWP12T)
                                                        0.0000     0.2294 f
  x_sub_system/x_core/id_stage_i/decoder_i/u24/ZN (NR2XD4BWP12T)
                                                        0.0228     0.2522 r
  x_sub_system/x_core/id_stage_i/decoder_i/n252 (net)
                                                5       0.0000     0.2522 r
  x_sub_system/x_core/id_stage_i/decoder_i/u312/S (MUX2ND4BWP12T)
                                                        0.0000     0.2522 r
  x_sub_system/x_core/id_stage_i/decoder_i/u312/ZN (MUX2ND4BWP12T)
                                                        0.0899     0.3422 r
  x_sub_system/x_core/id_stage_i/decoder_i/rf_raddr_a_o[4] (net)
                                                6       0.0000     0.3422 r
  x_sub_system/x_core/id_stage_i/decoder_i/rf_raddr_a_o[4] (soc_ahblite_ibex_decoder_0_2_0_0_0)
                                                        0.0000     0.3422 r
  x_sub_system/x_core/id_stage_i/rf_raddr_a_o[4] (net)
                                                        0.0000     0.3422 r
  x_sub_system/x_core/id_stage_i/rf_raddr_a_o[4] (soc_ahblite_ibex_id_stage_0_2_0_0_0_0_0_0_0)
                                                        0.0000     0.3422 r
  x_sub_system/x_core/rf_raddr_a[4] (net)               0.0000     0.3422 r
  x_sub_system/x_core/gen_regfile_ff_register_file_i/raddr_a_i[4] (soc_ahblite_ibex_register_file_ff_0_00000020_0_0)
                                                        0.0000     0.3422 r
  x_sub_system/x_core/gen_regfile_ff_register_file_i/raddr_a_i[4] (net)
                                                        0.0000     0.3422 r
  x_sub_system/x_core/gen_regfile_ff_register_file_i/u272/I (INVD2BWP12T)
                                                        0.0000     0.3422 r
  x_sub_system/x_core/gen_regfile_ff_register_file_i/u272/ZN (INVD2BWP12T)
                                                        0.0204     0.3626 f
  x_sub_system/x_core/gen_regfile_ff_register_file_i/n129 (net)
                                                1       0.0000     0.3626 f
  x_sub_system/x_core/gen_regfile_ff_register_file_i/u224/A2 (ND3D4BWP12T)
                                                        0.0000     0.3626 f
  x_sub_system/x_core/gen_regfile_ff_register_file_i/u224/ZN (ND3D4BWP12T)
                                                        0.0269     0.3895 r
  x_sub_system/x_core/gen_regfile_ff_register_file_i/n154 (net)
                                                4       0.0000     0.3895 r
  x_sub_system/x_core/gen_regfile_ff_register_file_i/u190/A1 (NR2D4BWP12T)
                                                        0.0000     0.3895 r
  x_sub_system/x_core/gen_regfile_ff_register_file_i/u190/ZN (NR2D4BWP12T)
                                                        0.0162     0.4057 f
  x_sub_system/x_core/gen_regfile_ff_register_file_i/n145 (net)
                                                1       0.0000     0.4057 f
  x_sub_system/x_core/gen_regfile_ff_register_file_i/u205/I (BUFFD12BWP12T)
                                                        0.0000     0.4057 f
  x_sub_system/x_core/gen_regfile_ff_register_file_i/u205/Z (BUFFD12BWP12T)
                                                        0.0411     0.4468 f
  x_sub_system/x_core/gen_regfile_ff_register_file_i/n2620 (net)
                                               32       0.0000     0.4468 f
  x_sub_system/x_core/gen_regfile_ff_register_file_i/u1233/B1 (AOI22D0BWP12T)
                                                        0.0000     0.4468 f
  x_sub_system/x_core/gen_regfile_ff_register_file_i/u1233/ZN (AOI22D0BWP12T)
                                                        0.0645     0.5114 r
  x_sub_system/x_core/gen_regfile_ff_register_file_i/n238 (net)
                                                1       0.0000     0.5114 r
  x_sub_system/x_core/gen_regfile_ff_register_file_i/u1292/A3 (ND4D1BWP12T)
                                                        0.0000     0.5114 r
  x_sub_system/x_core/gen_regfile_ff_register_file_i/u1292/ZN (ND4D1BWP12T)
                                                        0.0560     0.5674 f
  x_sub_system/x_core/gen_regfile_ff_register_file_i/n251 (net)
                                                1       0.0000     0.5674 f
  x_sub_system/x_core/gen_regfile_ff_register_file_i/u1297/A2 (OR4D1BWP12T)
                                                        0.0000     0.5674 f
  x_sub_system/x_core/gen_regfile_ff_register_file_i/u1297/Z (OR4D1BWP12T)
                                                        0.1137     0.6810 f
  x_sub_system/x_core/gen_regfile_ff_register_file_i/rdata_a_o[5] (net)
                                                2       0.0000     0.6810 f
  x_sub_system/x_core/gen_regfile_ff_register_file_i/rdata_a_o[5] (soc_ahblite_ibex_register_file_ff_0_00000020_0_0)
                                                        0.0000     0.6810 f
  x_sub_system/x_core/rf_rdata_a[5] (net)               0.0000     0.6810 f
  x_sub_system/x_core/id_stage_i/rf_rdata_a_i[5] (soc_ahblite_ibex_id_stage_0_2_0_0_0_0_0_0_0)
                                                        0.0000     0.6810 f
  x_sub_system/x_core/id_stage_i/rf_rdata_a_i[5] (net)
                                                        0.0000     0.6810 f
  x_sub_system/x_core/id_stage_i/u8/I (CKBD4BWP12T)     0.0000     0.6810 f
  x_sub_system/x_core/id_stage_i/u8/Z (CKBD4BWP12T)     0.0379     0.7190 f
  x_sub_system/x_core/id_stage_i/multdiv_operand_a_ex_o[5] (net)
                                                4       0.0000     0.7190 f
  x_sub_system/x_core/id_stage_i/multdiv_operand_a_ex_o[5] (soc_ahblite_ibex_id_stage_0_2_0_0_0_0_0_0_0)
                                                        0.0000     0.7190 f
  x_sub_system/x_core/multdiv_operand_a_ex[5] (net)     0.0000     0.7190 f
  x_sub_system/x_core/ex_block_i/multdiv_operand_a_i[5] (soc_ahblite_ibex_ex_block_2_0_0_0)
                                                        0.0000     0.7190 f
  x_sub_system/x_core/ex_block_i/multdiv_operand_a_i[5] (net)
                                                        0.0000     0.7190 f
  x_sub_system/x_core/ex_block_i/gen_multdiv_fast_multdiv_i/op_a_i[5] (soc_ahblite_ibex_multdiv_fast_RV32M2_0)
                                                        0.0000     0.7190 f
  x_sub_system/x_core/ex_block_i/gen_multdiv_fast_multdiv_i/op_a_i[5] (net)
                                                        0.0000     0.7190 f
  x_sub_system/x_core/ex_block_i/gen_multdiv_fast_multdiv_i/u218/I0 (MUX2D4BWP12T)
                                                        0.0000     0.7190 f
  x_sub_system/x_core/ex_block_i/gen_multdiv_fast_multdiv_i/u218/Z (MUX2D4BWP12T)
                                                        0.0698     0.7888 f
  x_sub_system/x_core/ex_block_i/gen_multdiv_fast_multdiv_i/n92 (net)
                                                9       0.0000     0.7888 f
  x_sub_system/x_core/ex_block_i/gen_multdiv_fast_multdiv_i/u191/A1 (XNR2D0BWP12T)
                                                        0.0000     0.7888 f
  x_sub_system/x_core/ex_block_i/gen_multdiv_fast_multdiv_i/u191/ZN (XNR2D0BWP12T)
                                                        0.0885     0.8773 r
  x_sub_system/x_core/ex_block_i/gen_multdiv_fast_multdiv_i/n240 (net)
                                                2       0.0000     0.8773 r
  x_sub_system/x_core/ex_block_i/gen_multdiv_fast_multdiv_i/u24/B1 (OAI22D2BWP12T)
                                                        0.0000     0.8773 r
  x_sub_system/x_core/ex_block_i/gen_multdiv_fast_multdiv_i/u24/ZN (OAI22D2BWP12T)
                                                        0.0356     0.9129 f
  x_sub_system/x_core/ex_block_i/gen_multdiv_fast_multdiv_i/n233 (net)
                                                1       0.0000     0.9129 f
  x_sub_system/x_core/ex_block_i/gen_multdiv_fast_multdiv_i/u572/B (FA1D1BWP12T)
                                                        0.0000     0.9129 f
  x_sub_system/x_core/ex_block_i/gen_multdiv_fast_multdiv_i/u572/CO (FA1D1BWP12T)
                                                        0.1022     1.0151 f
  x_sub_system/x_core/ex_block_i/gen_multdiv_fast_multdiv_i/n264 (net)
                                                1       0.0000     1.0151 f
  x_sub_system/x_core/ex_block_i/gen_multdiv_fast_multdiv_i/u1059/A (FA1D2BWP12T)
                                                        0.0000     1.0151 f
  x_sub_system/x_core/ex_block_i/gen_multdiv_fast_multdiv_i/u1059/CO (FA1D2BWP12T)
                                                        0.1108     1.1259 f
  x_sub_system/x_core/ex_block_i/gen_multdiv_fast_multdiv_i/n631 (net)
                                                1       0.0000     1.1259 f
  x_sub_system/x_core/ex_block_i/gen_multdiv_fast_multdiv_i/u722/A (FA1D1BWP12T)
                                                        0.0000     1.1259 f
  x_sub_system/x_core/ex_block_i/gen_multdiv_fast_multdiv_i/u722/CO (FA1D1BWP12T)
                                                        0.1086     1.2345 f
  x_sub_system/x_core/ex_block_i/gen_multdiv_fast_multdiv_i/n636 (net)
                                                1       0.0000     1.2345 f
  x_sub_system/x_core/ex_block_i/gen_multdiv_fast_multdiv_i/u411/B (FA1D1BWP12T)
                                                        0.0000     1.2345 f
  x_sub_system/x_core/ex_block_i/gen_multdiv_fast_multdiv_i/u411/CO (FA1D1BWP12T)
                                                        0.1052     1.3397 f
  x_sub_system/x_core/ex_block_i/gen_multdiv_fast_multdiv_i/n971 (net)
                                                3       0.0000     1.3397 f
  x_sub_system/x_core/ex_block_i/gen_multdiv_fast_multdiv_i/u325/A2 (ND2D1BWP12T)
                                                        0.0000     1.3397 f
  x_sub_system/x_core/ex_block_i/gen_multdiv_fast_multdiv_i/u325/ZN (ND2D1BWP12T)
                                                        0.0371     1.3768 r
  x_sub_system/x_core/ex_block_i/gen_multdiv_fast_multdiv_i/n973 (net)
                                                2       0.0000     1.3768 r
  x_sub_system/x_core/ex_block_i/gen_multdiv_fast_multdiv_i/u67/B (OAI21D4BWP12T)
                                                        0.0000     1.3768 r
  x_sub_system/x_core/ex_block_i/gen_multdiv_fast_multdiv_i/u67/ZN (OAI21D4BWP12T)
                                                        0.0377     1.4145 f
  x_sub_system/x_core/ex_block_i/gen_multdiv_fast_multdiv_i/n909 (net)
                                                3       0.0000     1.4145 f
  x_sub_system/x_core/ex_block_i/gen_multdiv_fast_multdiv_i/u303/A1 (AOI21D4BWP12T)
                                                        0.0000     1.4145 f
  x_sub_system/x_core/ex_block_i/gen_multdiv_fast_multdiv_i/u303/ZN (AOI21D4BWP12T)
                                                        0.0368     1.4513 r
  x_sub_system/x_core/ex_block_i/gen_multdiv_fast_multdiv_i/n958 (net)
                                                8       0.0000     1.4513 r
  x_sub_system/x_core/ex_block_i/gen_multdiv_fast_multdiv_i/u122/A1 (OAI21D1BWP12T)
                                                        0.0000     1.4513 r
  x_sub_system/x_core/ex_block_i/gen_multdiv_fast_multdiv_i/u122/ZN (OAI21D1BWP12T)
                                                        0.0278     1.4790 f
  x_sub_system/x_core/ex_block_i/gen_multdiv_fast_multdiv_i/n878 (net)
                                                1       0.0000     1.4790 f
  x_sub_system/x_core/ex_block_i/gen_multdiv_fast_multdiv_i/u356/B (AOI21D1BWP12T)
                                                        0.0000     1.4790 f
  x_sub_system/x_core/ex_block_i/gen_multdiv_fast_multdiv_i/u356/ZN (AOI21D1BWP12T)
                                                        0.0502     1.5293 r
  x_sub_system/x_core/ex_block_i/gen_multdiv_fast_multdiv_i/n882 (net)
                                                1       0.0000     1.5293 r
  x_sub_system/x_core/ex_block_i/gen_multdiv_fast_multdiv_i/u461/A1 (XOR2D1BWP12T)
                                                        0.0000     1.5293 r
  x_sub_system/x_core/ex_block_i/gen_multdiv_fast_multdiv_i/u461/Z (XOR2D1BWP12T)
                                                        0.0742     1.6035 f
  x_sub_system/x_core/ex_block_i/gen_multdiv_fast_multdiv_i/n890 (net)
                                                2       0.0000     1.6035 f
  x_sub_system/x_core/ex_block_i/gen_multdiv_fast_multdiv_i/u8/A1 (OAI21D1BWP12T)
                                                        0.0000     1.6035 f
  x_sub_system/x_core/ex_block_i/gen_multdiv_fast_multdiv_i/u8/ZN (OAI21D1BWP12T)
                                                        0.0322     1.6357 r
  x_sub_system/x_core/ex_block_i/gen_multdiv_fast_multdiv_i/n1789 (net)
                                                1       0.0000     1.6357 r
  x_sub_system/x_core/ex_block_i/gen_multdiv_fast_multdiv_i/u11/A1 (CKND2D2BWP12T)
                                                        0.0000     1.6357 r
  x_sub_system/x_core/ex_block_i/gen_multdiv_fast_multdiv_i/u11/ZN (CKND2D2BWP12T)
                                                        0.0310     1.6667 f
  x_sub_system/x_core/ex_block_i/gen_multdiv_fast_multdiv_i/multdiv_result_o[26] (net)
                                                2       0.0000     1.6667 f
  x_sub_system/x_core/ex_block_i/gen_multdiv_fast_multdiv_i/multdiv_result_o[26] (soc_ahblite_ibex_multdiv_fast_RV32M2_0)
                                                        0.0000     1.6667 f
  x_sub_system/x_core/ex_block_i/multdiv_result[26] (net)
                                                        0.0000     1.6667 f
  x_sub_system/x_core/ex_block_i/u61/A1 (ND2D2BWP12T)   0.0000     1.6667 f
  x_sub_system/x_core/ex_block_i/u61/ZN (ND2D2BWP12T)   0.0186     1.6853 r
  x_sub_system/x_core/ex_block_i/n88 (net)      1       0.0000     1.6853 r
  x_sub_system/x_core/ex_block_i/u13/B (IOA21D2BWP12T)
                                                        0.0000     1.6853 r
  x_sub_system/x_core/ex_block_i/u13/ZN (IOA21D2BWP12T)
                                                        0.0265     1.7119 f
  x_sub_system/x_core/ex_block_i/alu_operand_b_i_true[26] (net)
                                                4       0.0000     1.7119 f
  x_sub_system/x_core/ex_block_i/alu_i/operand_b_i[26] (soc_ahblite_ibex_alu_RV32B0_0)
                                                        0.0000     1.7119 f
  x_sub_system/x_core/ex_block_i/alu_i/operand_b_i[26] (net)
                                                        0.0000     1.7119 f
  x_sub_system/x_core/ex_block_i/alu_i/u476/S (MUX2ND0BWP12T)
                                                        0.0000     1.7119 f
  x_sub_system/x_core/ex_block_i/alu_i/u476/ZN (MUX2ND0BWP12T)
                                                        0.0602     1.7721 f
  x_sub_system/x_core/ex_block_i/alu_i/n170 (net)
                                                1       0.0000     1.7721 f
  x_sub_system/x_core/ex_block_i/alu_i/u153/A1 (ND2D2BWP12T)
                                                        0.0000     1.7721 f
  x_sub_system/x_core/ex_block_i/alu_i/u153/ZN (ND2D2BWP12T)
                                                        0.0338     1.8059 r
  x_sub_system/x_core/ex_block_i/alu_i/n180 (net)
                                                2       0.0000     1.8059 r
  x_sub_system/x_core/ex_block_i/alu_i/u150/A1 (NR2XD2BWP12T)
                                                        0.0000     1.8059 r
  x_sub_system/x_core/ex_block_i/alu_i/u150/ZN (NR2XD2BWP12T)
                                                        0.0265     1.8324 f
  x_sub_system/x_core/ex_block_i/alu_i/n236 (net)
                                                3       0.0000     1.8324 f
  x_sub_system/x_core/ex_block_i/alu_i/u24/A2 (NR2XD2BWP12T)
                                                        0.0000     1.8324 f
  x_sub_system/x_core/ex_block_i/alu_i/u24/ZN (NR2XD2BWP12T)
                                                        0.0369     1.8693 r
  x_sub_system/x_core/ex_block_i/alu_i/n182 (net)
                                                2       0.0000     1.8693 r
  x_sub_system/x_core/ex_block_i/alu_i/u25/A2 (ND2D2BWP12T)
                                                        0.0000     1.8693 r
  x_sub_system/x_core/ex_block_i/alu_i/u25/ZN (ND2D2BWP12T)
                                                        0.0265     1.8958 f
  x_sub_system/x_core/ex_block_i/alu_i/n248 (net)
                                                3       0.0000     1.8958 f
  x_sub_system/x_core/ex_block_i/alu_i/u136/A1 (NR2XD0BWP12T)
                                                        0.0000     1.8958 f
  x_sub_system/x_core/ex_block_i/alu_i/u136/ZN (NR2XD0BWP12T)
                                                        0.0255     1.9213 r
  x_sub_system/x_core/ex_block_i/alu_i/n195 (net)
                                                1       0.0000     1.9213 r
  x_sub_system/x_core/ex_block_i/alu_i/u50/A1 (AN2D2BWP12T)
                                                        0.0000     1.9213 r
  x_sub_system/x_core/ex_block_i/alu_i/u50/Z (AN2D2BWP12T)
                                                        0.0472     1.9684 r
  x_sub_system/x_core/ex_block_i/alu_i/n9 (net)
                                                1       0.0000     1.9684 r
  x_sub_system/x_core/ex_block_i/alu_i/u230/A1 (NR2D3BWP12T)
                                                        0.0000     1.9684 r
  x_sub_system/x_core/ex_block_i/alu_i/u230/ZN (NR2D3BWP12T)
                                                        0.0150     1.9835 f
  x_sub_system/x_core/ex_block_i/alu_i/n260 (net)
                                                2       0.0000     1.9835 f
  x_sub_system/x_core/ex_block_i/alu_i/u106/A1 (OAI21D4BWP12T)
                                                        0.0000     1.9835 f
  x_sub_system/x_core/ex_block_i/alu_i/u106/ZN (OAI21D4BWP12T)
                                                        0.0310     2.0144 r
  x_sub_system/x_core/ex_block_i/alu_i/n210 (net)
                                                2       0.0000     2.0144 r
  x_sub_system/x_core/ex_block_i/alu_i/u77/B (IOA21D2BWP12T)
                                                        0.0000     2.0144 r
  x_sub_system/x_core/ex_block_i/alu_i/u77/ZN (IOA21D2BWP12T)
                                                        0.0212     2.0356 f
  x_sub_system/x_core/ex_block_i/alu_i/n213 (net)
                                                1       0.0000     2.0356 f
  x_sub_system/x_core/ex_block_i/alu_i/u125/B (IOA21D2BWP12T)
                                                        0.0000     2.0356 f
  x_sub_system/x_core/ex_block_i/alu_i/u125/ZN (IOA21D2BWP12T)
                                                        0.0146     2.0502 r
  x_sub_system/x_core/ex_block_i/alu_i/n224 (net)
                                                1       0.0000     2.0502 r
  x_sub_system/x_core/ex_block_i/alu_i/u123/A1 (XOR2D2BWP12T)
                                                        0.0000     2.0502 r
  x_sub_system/x_core/ex_block_i/alu_i/u123/Z (XOR2D2BWP12T)
                                                        0.0817     2.1319 f
  x_sub_system/x_core/ex_block_i/alu_i/adder_result_o[31] (net)
                                                5       0.0000     2.1319 f
  x_sub_system/x_core/ex_block_i/alu_i/u122/A1 (ND2D1BWP12T)
                                                        0.0000     2.1319 f
  x_sub_system/x_core/ex_block_i/alu_i/u122/ZN (ND2D1BWP12T)
                                                        0.0264     2.1582 r
  x_sub_system/x_core/ex_block_i/alu_i/n425 (net)
                                                1       0.0000     2.1582 r
  x_sub_system/x_core/ex_block_i/alu_i/u102/A1 (ND3D2BWP12T)
                                                        0.0000     2.1582 r
  x_sub_system/x_core/ex_block_i/alu_i/u102/ZN (ND3D2BWP12T)
                                                        0.0251     2.1834 f
  x_sub_system/x_core/ex_block_i/alu_i/n426 (net)
                                                1       0.0000     2.1834 f
  x_sub_system/x_core/ex_block_i/alu_i/u105/A2 (NR2XD1BWP12T)
                                                        0.0000     2.1834 f
  x_sub_system/x_core/ex_block_i/alu_i/u105/ZN (NR2XD1BWP12T)
                                                        0.0284     2.2118 r
  x_sub_system/x_core/ex_block_i/alu_i/n427 (net)
                                                1       0.0000     2.2118 r
  x_sub_system/x_core/ex_block_i/alu_i/u12/A2 (CKND2D2BWP12T)
                                                        0.0000     2.2118 r
  x_sub_system/x_core/ex_block_i/alu_i/u12/ZN (CKND2D2BWP12T)
                                                        0.0237     2.2355 f
  x_sub_system/x_core/ex_block_i/alu_i/comparison_result_o (net)
                                                2       0.0000     2.2355 f
  x_sub_system/x_core/ex_block_i/alu_i/comparison_result_o (soc_ahblite_ibex_alu_RV32B0_0)
                                                        0.0000     2.2355 f
  x_sub_system/x_core/ex_block_i/branch_decision_o (net)
                                                        0.0000     2.2355 f
  x_sub_system/x_core/ex_block_i/branch_decision_o (soc_ahblite_ibex_ex_block_2_0_0_0)
                                                        0.0000     2.2355 f
  x_sub_system/x_core/branch_decision (net)             0.0000     2.2355 f
  x_sub_system/x_core/id_stage_i/branch_decision_i (soc_ahblite_ibex_id_stage_0_2_0_0_0_0_0_0_0)
                                                        0.0000     2.2355 f
  x_sub_system/x_core/id_stage_i/branch_decision_i (net)
                                                        0.0000     2.2355 f
  x_sub_system/x_core/id_stage_i/u60/A1 (ND2D2BWP12T)   0.0000     2.2355 f
  x_sub_system/x_core/id_stage_i/u60/ZN (ND2D2BWP12T)   0.0189     2.2545 r
  x_sub_system/x_core/id_stage_i/n167 (net)     3       0.0000     2.2545 r
  x_sub_system/x_core/id_stage_i/u67/A1 (ND2D2BWP12T)   0.0000     2.2545 r
  x_sub_system/x_core/id_stage_i/u67/ZN (ND2D2BWP12T)   0.0182     2.2726 f
  x_sub_system/x_core/id_stage_i/n118 (net)     1       0.0000     2.2726 f
  x_sub_system/x_core/id_stage_i/u21/I (INVD2BWP12T)    0.0000     2.2726 f
  x_sub_system/x_core/id_stage_i/u21/ZN (INVD2BWP12T)   0.0191     2.2918 r
  x_sub_system/x_core/id_stage_i/csr_op_en_o (net)
                                                3       0.0000     2.2918 r
  x_sub_system/x_core/id_stage_i/u19/A1 (CKAN2D2BWP12T)
                                                        0.0000     2.2918 r
  x_sub_system/x_core/id_stage_i/u19/Z (CKAN2D2BWP12T)
                                                        0.0428     2.3346 r
  x_sub_system/x_core/id_stage_i/n51 (net)      2       0.0000     2.3346 r
  x_sub_system/x_core/id_stage_i/controller_i/csr_pipe_flush_i (soc_ahblite_ibex_controller_0_0_0)
                                                        0.0000     2.3346 r
  x_sub_system/x_core/id_stage_i/controller_i/csr_pipe_flush_i (net)
                                                        0.0000     2.3346 r
  x_sub_system/x_core/id_stage_i/controller_i/u18/A1 (ND2D1BWP12T)
                                                        0.0000     2.3346 r
  x_sub_system/x_core/id_stage_i/controller_i/u18/ZN (ND2D1BWP12T)
                                                        0.0264     2.3610 f
  x_sub_system/x_core/id_stage_i/controller_i/n265 (net)
                                                1       0.0000     2.3610 f
  x_sub_system/x_core/id_stage_i/controller_i/u9/A1 (CKND2D4BWP12T)
                                                        0.0000     2.3610 f
  x_sub_system/x_core/id_stage_i/controller_i/u9/ZN (CKND2D4BWP12T)
                                                        0.0309     2.3919 r
  x_sub_system/x_core/id_stage_i/controller_i/n266 (net)
                                                1       0.0000     2.3919 r
  x_sub_system/x_core/id_stage_i/controller_i/u6/B (AOI211XD4BWP12T)
                                                        0.0000     2.3919 r
  x_sub_system/x_core/id_stage_i/controller_i/u6/ZN (AOI211XD4BWP12T)
                                                        0.0302     2.4221 f
  x_sub_system/x_core/id_stage_i/controller_i/id_in_ready_o (net)
                                                6       0.0000     2.4221 f
  x_sub_system/x_core/id_stage_i/controller_i/id_in_ready_o (soc_ahblite_ibex_controller_0_0_0)
                                                        0.0000     2.4221 f
  x_sub_system/x_core/id_stage_i/id_in_ready_o (net)    0.0000     2.4221 f
  x_sub_system/x_core/id_stage_i/id_in_ready_o (soc_ahblite_ibex_id_stage_0_2_0_0_0_0_0_0_0)
                                                        0.0000     2.4221 f
  x_sub_system/x_core/id_in_ready (net)                 0.0000     2.4221 f
  x_sub_system/x_core/if_stage_i/id_in_ready_i (soc_ahblite_ibex_if_stage_00000000_00000000_0_0_0_0_0_0)
                                                        0.0000     2.4221 f
  x_sub_system/x_core/if_stage_i/id_in_ready_i (net)    0.0000     2.4221 f
  x_sub_system/x_core/if_stage_i/gen_prefetch_buffer_prefetch_buffer_i/ready_i (soc_ahblite_ibex_prefetch_buffer_0_0)
                                                        0.0000     2.4221 f
  x_sub_system/x_core/if_stage_i/gen_prefetch_buffer_prefetch_buffer_i/ready_i (net)
                                                        0.0000     2.4221 f
  x_sub_system/x_core/if_stage_i/gen_prefetch_buffer_prefetch_buffer_i/fifo_i/out_ready_i (soc_ahblite_ibex_fetch_fifo_00000002_0)
                                                        0.0000     2.4221 f
  x_sub_system/x_core/if_stage_i/gen_prefetch_buffer_prefetch_buffer_i/fifo_i/out_ready_i (net)
                                                        0.0000     2.4221 f
  x_sub_system/x_core/if_stage_i/gen_prefetch_buffer_prefetch_buffer_i/fifo_i/u51/A1 (AO21D1BWP12T)
                                                        0.0000     2.4221 f
  x_sub_system/x_core/if_stage_i/gen_prefetch_buffer_prefetch_buffer_i/fifo_i/u51/Z (AO21D1BWP12T)
                                                        0.0645     2.4866 f
  x_sub_system/x_core/if_stage_i/gen_prefetch_buffer_prefetch_buffer_i/fifo_i/n274 (net)
                                                3       0.0000     2.4866 f
  x_sub_system/x_core/if_stage_i/gen_prefetch_buffer_prefetch_buffer_i/fifo_i/u46/I (CKND1BWP12T)
                                                        0.0000     2.4866 f
  x_sub_system/x_core/if_stage_i/gen_prefetch_buffer_prefetch_buffer_i/fifo_i/u46/ZN (CKND1BWP12T)
                                                        0.0208     2.5074 r
  x_sub_system/x_core/if_stage_i/gen_prefetch_buffer_prefetch_buffer_i/fifo_i/n362 (net)
                                                1       0.0000     2.5074 r
  x_sub_system/x_core/if_stage_i/gen_prefetch_buffer_prefetch_buffer_i/fifo_i/u74/A1 (NR2D2BWP12T)
                                                        0.0000     2.5074 r
  x_sub_system/x_core/if_stage_i/gen_prefetch_buffer_prefetch_buffer_i/fifo_i/u74/ZN (NR2D2BWP12T)
                                                        0.0303     2.5377 f
  x_sub_system/x_core/if_stage_i/gen_prefetch_buffer_prefetch_buffer_i/fifo_i/n313 (net)
                                               21       0.0000     2.5377 f
  x_sub_system/x_core/if_stage_i/gen_prefetch_buffer_prefetch_buffer_i/fifo_i/u280/C2 (AO222D0BWP12T)
                                                        0.0000     2.5377 f
  x_sub_system/x_core/if_stage_i/gen_prefetch_buffer_prefetch_buffer_i/fifo_i/u280/Z (AO222D0BWP12T)
                                                        0.1754     2.7131 f
  x_sub_system/x_core/if_stage_i/gen_prefetch_buffer_prefetch_buffer_i/fifo_i/n243 (net)
                                                1       0.0000     2.7131 f
  x_sub_system/x_core/if_stage_i/gen_prefetch_buffer_prefetch_buffer_i/fifo_i/instr_addr_q_reg_8_/D (DFQD1BWP12T)
                                                        0.0000     2.7131 f
  data arrival time                                                2.7131

  clock clk1 (rise edge)                                3.0000     3.0000
  clock network delay (ideal)                           0.0000     3.0000
  clock uncertainty                                    -0.3000     2.7000
  x_sub_system/x_core/if_stage_i/gen_prefetch_buffer_prefetch_buffer_i/fifo_i/instr_addr_q_reg_8_/CP (DFQD1BWP12T)
                                                        0.0000     2.7000 r
  library setup time                                    0.0133     2.7133
  data required time                                               2.7133
  --------------------------------------------------------------------------
  data required time                                               2.7133
  data arrival time                                               -2.7131
  --------------------------------------------------------------------------
  slack (MET)                                                      0.0002


  Startpoint: x_sub_system/x_core/if_stage_i/instr_rdata_alu_id_o_reg_2_
              (rising edge-triggered flip-flop clocked by clk1)
  Endpoint: x_sub_system/x_core/if_stage_i/gen_prefetch_buffer_prefetch_buffer_i/fifo_i/instr_addr_q_reg_7_
            (rising edge-triggered flip-flop clocked by clk1)
  Path Group: clk1
  Path Type: max

  Des/Clust/Port     Wire Load Model       Library
  ------------------------------------------------
  soc_ahblite_ibex_csr_32_0_0_5
                     ZeroWireload          tcbn65gplusbwp12twc
  soc_ahblite_ibex_fetch_fifo_00000002_0
                     ZeroWireload          tcbn65gplusbwp12twc
  soc_ahblite_ibex_counter_CounterWidth64_1
                     ZeroWireload          tcbn65gplusbwp12twc
  soc_ahblite_ibex_counter_CounterWidth64_0
                     ZeroWireload          tcbn65gplusbwp12twc
  soc_ahblite_ibex_csr_32_0_0_1
                     ZeroWireload          tcbn65gplusbwp12twc
  soc_ahblite_ibex_csr_32_0_0_2
                     ZeroWireload          tcbn65gplusbwp12twc
  soc_ahblite_ibex_csr_32_0_0_3
                     ZeroWireload          tcbn65gplusbwp12twc
  soc_ahblite_ibex_csr_32_0_40000003_0
                     ZeroWireload          tcbn65gplusbwp12twc
  soc_ahblite_ibex_csr_32_0_00000001_0
                     ZeroWireload          tcbn65gplusbwp12twc
  soc_ahblite_ibex_csr_6_0_0_0
                     ZeroWireload          tcbn65gplusbwp12twc
  soc_ahblite_ibex_csr_32_0_0_4
                     ZeroWireload          tcbn65gplusbwp12twc
  soc_ahblite_ibex_csr_18_0_0_0
                     ZeroWireload          tcbn65gplusbwp12twc
  soc_ahblite_ibex_csr_32_0_0_0
                     ZeroWireload          tcbn65gplusbwp12twc
  soc_ahblite_ibex_csr_6_0_10_0
                     ZeroWireload          tcbn65gplusbwp12twc
  soc_ahblite_ibex_multdiv_fast_RV32M2_0
                     ZeroWireload          tcbn65gplusbwp12twc
  soc_ahblite_ibex_controller_0_0_0
                     ZeroWireload          tcbn65gplusbwp12twc
  soc_ahblite_ibex_prefetch_buffer_0_0
                     ZeroWireload          tcbn65gplusbwp12twc
  soc_ahblite_ibex_cs_registers_0_00000001_0_0_0_0_00000000_00000028_0_00000000_00000004_0_2_0_0
                     ZeroWireload          tcbn65gplusbwp12twc
  soc_ahblite_ibex_load_store_unit_0
                     ZeroWireload          tcbn65gplusbwp12twc
  soc_ahblite_ibex_ex_block_2_0_0_0
                     ZeroWireload          tcbn65gplusbwp12twc
  soc_ahblite_ibex_id_stage_0_2_0_0_0_0_0_0_0
                     ZeroWireload          tcbn65gplusbwp12twc
  soc_ahblite_ibex_if_stage_00000000_00000000_0_0_0_0_0_0
                     ZeroWireload          tcbn65gplusbwp12twc
  soc_ahblite_prim_clock_gating_0
                     ZeroWireload          tcbn65gplusbwp12twc
  soc_ahblite_ibex_core_00000000_00000000_0
                     ZeroWireload          tcbn65gplusbwp12twc
  soc_ahblite_ibex_decoder_0_2_0_0_0
                     ZeroWireload          tcbn65gplusbwp12twc
  soc_ahblite_ibex_register_file_ff_0_00000020_0_0
                     ZeroWireload          tcbn65gplusbwp12twc
  soc_ahblite_ibex_alu_RV32B0_0
                     ZeroWireload          tcbn65gplusbwp12twc

  Point                                       Fanout      Incr       Path
  --------------------------------------------------------------------------
  clock clk1 (rise edge)                                0.0000     0.0000
  clock network delay (ideal)                           0.0000     0.0000
  x_sub_system/x_core/if_stage_i/instr_rdata_alu_id_o_reg_2_/CP (EDFCNQD1BWP12T)
                                                        0.0000     0.0000 r
  x_sub_system/x_core/if_stage_i/instr_rdata_alu_id_o_reg_2_/Q (EDFCNQD1BWP12T)
                                                        0.1396     0.1396 f
  x_sub_system/x_core/if_stage_i/instr_rdata_alu_id_o[2] (net)
                                                6       0.0000     0.1396 f
  x_sub_system/x_core/if_stage_i/instr_rdata_alu_id_o[2] (soc_ahblite_ibex_if_stage_00000000_00000000_0_0_0_0_0_0)
                                                        0.0000     0.1396 f
  x_sub_system/x_core/instr_rdata_alu_id[2] (net)       0.0000     0.1396 f
  x_sub_system/x_core/id_stage_i/instr_rdata_alu_i[2] (soc_ahblite_ibex_id_stage_0_2_0_0_0_0_0_0_0)
                                                        0.0000     0.1396 f
  x_sub_system/x_core/id_stage_i/instr_rdata_alu_i[2] (net)
                                                        0.0000     0.1396 f
  x_sub_system/x_core/id_stage_i/decoder_i/instr_rdata_alu_i[2] (soc_ahblite_ibex_decoder_0_2_0_0_0)
                                                        0.0000     0.1396 f
  x_sub_system/x_core/id_stage_i/decoder_i/instr_rdata_alu_i[2] (net)
                                                        0.0000     0.1396 f
  x_sub_system/x_core/id_stage_i/decoder_i/u46/I (CKND2BWP12T)
                                                        0.0000     0.1396 f
  x_sub_system/x_core/id_stage_i/decoder_i/u46/ZN (CKND2BWP12T)
                                                        0.0174     0.1570 r
  x_sub_system/x_core/id_stage_i/decoder_i/n137 (net)
                                                3       0.0000     0.1570 r
  x_sub_system/x_core/id_stage_i/decoder_i/u4/A1 (CKAN2D2BWP12T)
                                                        0.0000     0.1570 r
  x_sub_system/x_core/id_stage_i/decoder_i/u4/Z (CKAN2D2BWP12T)
                                                        0.0483     0.2053 r
  x_sub_system/x_core/id_stage_i/decoder_i/n274 (net)
                                                1       0.0000     0.2053 r
  x_sub_system/x_core/id_stage_i/decoder_i/u8/A2 (CKND2D8BWP12T)
                                                        0.0000     0.2053 r
  x_sub_system/x_core/id_stage_i/decoder_i/u8/ZN (CKND2D8BWP12T)
                                                        0.0241     0.2294 f
  x_sub_system/x_core/id_stage_i/decoder_i/n243 (net)
                                                4       0.0000     0.2294 f
  x_sub_system/x_core/id_stage_i/decoder_i/u24/A1 (NR2XD4BWP12T)
                                                        0.0000     0.2294 f
  x_sub_system/x_core/id_stage_i/decoder_i/u24/ZN (NR2XD4BWP12T)
                                                        0.0228     0.2522 r
  x_sub_system/x_core/id_stage_i/decoder_i/n252 (net)
                                                5       0.0000     0.2522 r
  x_sub_system/x_core/id_stage_i/decoder_i/u312/S (MUX2ND4BWP12T)
                                                        0.0000     0.2522 r
  x_sub_system/x_core/id_stage_i/decoder_i/u312/ZN (MUX2ND4BWP12T)
                                                        0.0899     0.3422 r
  x_sub_system/x_core/id_stage_i/decoder_i/rf_raddr_a_o[4] (net)
                                                6       0.0000     0.3422 r
  x_sub_system/x_core/id_stage_i/decoder_i/rf_raddr_a_o[4] (soc_ahblite_ibex_decoder_0_2_0_0_0)
                                                        0.0000     0.3422 r
  x_sub_system/x_core/id_stage_i/rf_raddr_a_o[4] (net)
                                                        0.0000     0.3422 r
  x_sub_system/x_core/id_stage_i/rf_raddr_a_o[4] (soc_ahblite_ibex_id_stage_0_2_0_0_0_0_0_0_0)
                                                        0.0000     0.3422 r
  x_sub_system/x_core/rf_raddr_a[4] (net)               0.0000     0.3422 r
  x_sub_system/x_core/gen_regfile_ff_register_file_i/raddr_a_i[4] (soc_ahblite_ibex_register_file_ff_0_00000020_0_0)
                                                        0.0000     0.3422 r
  x_sub_system/x_core/gen_regfile_ff_register_file_i/raddr_a_i[4] (net)
                                                        0.0000     0.3422 r
  x_sub_system/x_core/gen_regfile_ff_register_file_i/u272/I (INVD2BWP12T)
                                                        0.0000     0.3422 r
  x_sub_system/x_core/gen_regfile_ff_register_file_i/u272/ZN (INVD2BWP12T)
                                                        0.0204     0.3626 f
  x_sub_system/x_core/gen_regfile_ff_register_file_i/n129 (net)
                                                1       0.0000     0.3626 f
  x_sub_system/x_core/gen_regfile_ff_register_file_i/u224/A2 (ND3D4BWP12T)
                                                        0.0000     0.3626 f
  x_sub_system/x_core/gen_regfile_ff_register_file_i/u224/ZN (ND3D4BWP12T)
                                                        0.0269     0.3895 r
  x_sub_system/x_core/gen_regfile_ff_register_file_i/n154 (net)
                                                4       0.0000     0.3895 r
  x_sub_system/x_core/gen_regfile_ff_register_file_i/u190/A1 (NR2D4BWP12T)
                                                        0.0000     0.3895 r
  x_sub_system/x_core/gen_regfile_ff_register_file_i/u190/ZN (NR2D4BWP12T)
                                                        0.0162     0.4057 f
  x_sub_system/x_core/gen_regfile_ff_register_file_i/n145 (net)
                                                1       0.0000     0.4057 f
  x_sub_system/x_core/gen_regfile_ff_register_file_i/u205/I (BUFFD12BWP12T)
                                                        0.0000     0.4057 f
  x_sub_system/x_core/gen_regfile_ff_register_file_i/u205/Z (BUFFD12BWP12T)
                                                        0.0411     0.4468 f
  x_sub_system/x_core/gen_regfile_ff_register_file_i/n2620 (net)
                                               32       0.0000     0.4468 f
  x_sub_system/x_core/gen_regfile_ff_register_file_i/u1233/B1 (AOI22D0BWP12T)
                                                        0.0000     0.4468 f
  x_sub_system/x_core/gen_regfile_ff_register_file_i/u1233/ZN (AOI22D0BWP12T)
                                                        0.0645     0.5114 r
  x_sub_system/x_core/gen_regfile_ff_register_file_i/n238 (net)
                                                1       0.0000     0.5114 r
  x_sub_system/x_core/gen_regfile_ff_register_file_i/u1292/A3 (ND4D1BWP12T)
                                                        0.0000     0.5114 r
  x_sub_system/x_core/gen_regfile_ff_register_file_i/u1292/ZN (ND4D1BWP12T)
                                                        0.0560     0.5674 f
  x_sub_system/x_core/gen_regfile_ff_register_file_i/n251 (net)
                                                1       0.0000     0.5674 f
  x_sub_system/x_core/gen_regfile_ff_register_file_i/u1297/A2 (OR4D1BWP12T)
                                                        0.0000     0.5674 f
  x_sub_system/x_core/gen_regfile_ff_register_file_i/u1297/Z (OR4D1BWP12T)
                                                        0.1137     0.6810 f
  x_sub_system/x_core/gen_regfile_ff_register_file_i/rdata_a_o[5] (net)
                                                2       0.0000     0.6810 f
  x_sub_system/x_core/gen_regfile_ff_register_file_i/rdata_a_o[5] (soc_ahblite_ibex_register_file_ff_0_00000020_0_0)
                                                        0.0000     0.6810 f
  x_sub_system/x_core/rf_rdata_a[5] (net)               0.0000     0.6810 f
  x_sub_system/x_core/id_stage_i/rf_rdata_a_i[5] (soc_ahblite_ibex_id_stage_0_2_0_0_0_0_0_0_0)
                                                        0.0000     0.6810 f
  x_sub_system/x_core/id_stage_i/rf_rdata_a_i[5] (net)
                                                        0.0000     0.6810 f
  x_sub_system/x_core/id_stage_i/u8/I (CKBD4BWP12T)     0.0000     0.6810 f
  x_sub_system/x_core/id_stage_i/u8/Z (CKBD4BWP12T)     0.0379     0.7190 f
  x_sub_system/x_core/id_stage_i/multdiv_operand_a_ex_o[5] (net)
                                                4       0.0000     0.7190 f
  x_sub_system/x_core/id_stage_i/multdiv_operand_a_ex_o[5] (soc_ahblite_ibex_id_stage_0_2_0_0_0_0_0_0_0)
                                                        0.0000     0.7190 f
  x_sub_system/x_core/multdiv_operand_a_ex[5] (net)     0.0000     0.7190 f
  x_sub_system/x_core/ex_block_i/multdiv_operand_a_i[5] (soc_ahblite_ibex_ex_block_2_0_0_0)
                                                        0.0000     0.7190 f
  x_sub_system/x_core/ex_block_i/multdiv_operand_a_i[5] (net)
                                                        0.0000     0.7190 f
  x_sub_system/x_core/ex_block_i/gen_multdiv_fast_multdiv_i/op_a_i[5] (soc_ahblite_ibex_multdiv_fast_RV32M2_0)
                                                        0.0000     0.7190 f
  x_sub_system/x_core/ex_block_i/gen_multdiv_fast_multdiv_i/op_a_i[5] (net)
                                                        0.0000     0.7190 f
  x_sub_system/x_core/ex_block_i/gen_multdiv_fast_multdiv_i/u218/I0 (MUX2D4BWP12T)
                                                        0.0000     0.7190 f
  x_sub_system/x_core/ex_block_i/gen_multdiv_fast_multdiv_i/u218/Z (MUX2D4BWP12T)
                                                        0.0698     0.7888 f
  x_sub_system/x_core/ex_block_i/gen_multdiv_fast_multdiv_i/n92 (net)
                                                9       0.0000     0.7888 f
  x_sub_system/x_core/ex_block_i/gen_multdiv_fast_multdiv_i/u191/A1 (XNR2D0BWP12T)
                                                        0.0000     0.7888 f
  x_sub_system/x_core/ex_block_i/gen_multdiv_fast_multdiv_i/u191/ZN (XNR2D0BWP12T)
                                                        0.0885     0.8773 r
  x_sub_system/x_core/ex_block_i/gen_multdiv_fast_multdiv_i/n240 (net)
                                                2       0.0000     0.8773 r
  x_sub_system/x_core/ex_block_i/gen_multdiv_fast_multdiv_i/u24/B1 (OAI22D2BWP12T)
                                                        0.0000     0.8773 r
  x_sub_system/x_core/ex_block_i/gen_multdiv_fast_multdiv_i/u24/ZN (OAI22D2BWP12T)
                                                        0.0356     0.9129 f
  x_sub_system/x_core/ex_block_i/gen_multdiv_fast_multdiv_i/n233 (net)
                                                1       0.0000     0.9129 f
  x_sub_system/x_core/ex_block_i/gen_multdiv_fast_multdiv_i/u572/B (FA1D1BWP12T)
                                                        0.0000     0.9129 f
  x_sub_system/x_core/ex_block_i/gen_multdiv_fast_multdiv_i/u572/CO (FA1D1BWP12T)
                                                        0.1022     1.0151 f
  x_sub_system/x_core/ex_block_i/gen_multdiv_fast_multdiv_i/n264 (net)
                                                1       0.0000     1.0151 f
  x_sub_system/x_core/ex_block_i/gen_multdiv_fast_multdiv_i/u1059/A (FA1D2BWP12T)
                                                        0.0000     1.0151 f
  x_sub_system/x_core/ex_block_i/gen_multdiv_fast_multdiv_i/u1059/CO (FA1D2BWP12T)
                                                        0.1108     1.1259 f
  x_sub_system/x_core/ex_block_i/gen_multdiv_fast_multdiv_i/n631 (net)
                                                1       0.0000     1.1259 f
  x_sub_system/x_core/ex_block_i/gen_multdiv_fast_multdiv_i/u722/A (FA1D1BWP12T)
                                                        0.0000     1.1259 f
  x_sub_system/x_core/ex_block_i/gen_multdiv_fast_multdiv_i/u722/CO (FA1D1BWP12T)
                                                        0.1086     1.2345 f
  x_sub_system/x_core/ex_block_i/gen_multdiv_fast_multdiv_i/n636 (net)
                                                1       0.0000     1.2345 f
  x_sub_system/x_core/ex_block_i/gen_multdiv_fast_multdiv_i/u411/B (FA1D1BWP12T)
                                                        0.0000     1.2345 f
  x_sub_system/x_core/ex_block_i/gen_multdiv_fast_multdiv_i/u411/CO (FA1D1BWP12T)
                                                        0.1052     1.3397 f
  x_sub_system/x_core/ex_block_i/gen_multdiv_fast_multdiv_i/n971 (net)
                                                3       0.0000     1.3397 f
  x_sub_system/x_core/ex_block_i/gen_multdiv_fast_multdiv_i/u325/A2 (ND2D1BWP12T)
                                                        0.0000     1.3397 f
  x_sub_system/x_core/ex_block_i/gen_multdiv_fast_multdiv_i/u325/ZN (ND2D1BWP12T)
                                                        0.0371     1.3768 r
  x_sub_system/x_core/ex_block_i/gen_multdiv_fast_multdiv_i/n973 (net)
                                                2       0.0000     1.3768 r
  x_sub_system/x_core/ex_block_i/gen_multdiv_fast_multdiv_i/u67/B (OAI21D4BWP12T)
                                                        0.0000     1.3768 r
  x_sub_system/x_core/ex_block_i/gen_multdiv_fast_multdiv_i/u67/ZN (OAI21D4BWP12T)
                                                        0.0377     1.4145 f
  x_sub_system/x_core/ex_block_i/gen_multdiv_fast_multdiv_i/n909 (net)
                                                3       0.0000     1.4145 f
  x_sub_system/x_core/ex_block_i/gen_multdiv_fast_multdiv_i/u303/A1 (AOI21D4BWP12T)
                                                        0.0000     1.4145 f
  x_sub_system/x_core/ex_block_i/gen_multdiv_fast_multdiv_i/u303/ZN (AOI21D4BWP12T)
                                                        0.0368     1.4513 r
  x_sub_system/x_core/ex_block_i/gen_multdiv_fast_multdiv_i/n958 (net)
                                                8       0.0000     1.4513 r
  x_sub_system/x_core/ex_block_i/gen_multdiv_fast_multdiv_i/u122/A1 (OAI21D1BWP12T)
                                                        0.0000     1.4513 r
  x_sub_system/x_core/ex_block_i/gen_multdiv_fast_multdiv_i/u122/ZN (OAI21D1BWP12T)
                                                        0.0278     1.4790 f
  x_sub_system/x_core/ex_block_i/gen_multdiv_fast_multdiv_i/n878 (net)
                                                1       0.0000     1.4790 f
  x_sub_system/x_core/ex_block_i/gen_multdiv_fast_multdiv_i/u356/B (AOI21D1BWP12T)
                                                        0.0000     1.4790 f
  x_sub_system/x_core/ex_block_i/gen_multdiv_fast_multdiv_i/u356/ZN (AOI21D1BWP12T)
                                                        0.0502     1.5293 r
  x_sub_system/x_core/ex_block_i/gen_multdiv_fast_multdiv_i/n882 (net)
                                                1       0.0000     1.5293 r
  x_sub_system/x_core/ex_block_i/gen_multdiv_fast_multdiv_i/u461/A1 (XOR2D1BWP12T)
                                                        0.0000     1.5293 r
  x_sub_system/x_core/ex_block_i/gen_multdiv_fast_multdiv_i/u461/Z (XOR2D1BWP12T)
                                                        0.0742     1.6035 f
  x_sub_system/x_core/ex_block_i/gen_multdiv_fast_multdiv_i/n890 (net)
                                                2       0.0000     1.6035 f
  x_sub_system/x_core/ex_block_i/gen_multdiv_fast_multdiv_i/u8/A1 (OAI21D1BWP12T)
                                                        0.0000     1.6035 f
  x_sub_system/x_core/ex_block_i/gen_multdiv_fast_multdiv_i/u8/ZN (OAI21D1BWP12T)
                                                        0.0322     1.6357 r
  x_sub_system/x_core/ex_block_i/gen_multdiv_fast_multdiv_i/n1789 (net)
                                                1       0.0000     1.6357 r
  x_sub_system/x_core/ex_block_i/gen_multdiv_fast_multdiv_i/u11/A1 (CKND2D2BWP12T)
                                                        0.0000     1.6357 r
  x_sub_system/x_core/ex_block_i/gen_multdiv_fast_multdiv_i/u11/ZN (CKND2D2BWP12T)
                                                        0.0310     1.6667 f
  x_sub_system/x_core/ex_block_i/gen_multdiv_fast_multdiv_i/multdiv_result_o[26] (net)
                                                2       0.0000     1.6667 f
  x_sub_system/x_core/ex_block_i/gen_multdiv_fast_multdiv_i/multdiv_result_o[26] (soc_ahblite_ibex_multdiv_fast_RV32M2_0)
                                                        0.0000     1.6667 f
  x_sub_system/x_core/ex_block_i/multdiv_result[26] (net)
                                                        0.0000     1.6667 f
  x_sub_system/x_core/ex_block_i/u61/A1 (ND2D2BWP12T)   0.0000     1.6667 f
  x_sub_system/x_core/ex_block_i/u61/ZN (ND2D2BWP12T)   0.0186     1.6853 r
  x_sub_system/x_core/ex_block_i/n88 (net)      1       0.0000     1.6853 r
  x_sub_system/x_core/ex_block_i/u13/B (IOA21D2BWP12T)
                                                        0.0000     1.6853 r
  x_sub_system/x_core/ex_block_i/u13/ZN (IOA21D2BWP12T)
                                                        0.0265     1.7119 f
  x_sub_system/x_core/ex_block_i/alu_operand_b_i_true[26] (net)
                                                4       0.0000     1.7119 f
  x_sub_system/x_core/ex_block_i/alu_i/operand_b_i[26] (soc_ahblite_ibex_alu_RV32B0_0)
                                                        0.0000     1.7119 f
  x_sub_system/x_core/ex_block_i/alu_i/operand_b_i[26] (net)
                                                        0.0000     1.7119 f
  x_sub_system/x_core/ex_block_i/alu_i/u476/S (MUX2ND0BWP12T)
                                                        0.0000     1.7119 f
  x_sub_system/x_core/ex_block_i/alu_i/u476/ZN (MUX2ND0BWP12T)
                                                        0.0602     1.7721 f
  x_sub_system/x_core/ex_block_i/alu_i/n170 (net)
                                                1       0.0000     1.7721 f
  x_sub_system/x_core/ex_block_i/alu_i/u153/A1 (ND2D2BWP12T)
                                                        0.0000     1.7721 f
  x_sub_system/x_core/ex_block_i/alu_i/u153/ZN (ND2D2BWP12T)
                                                        0.0338     1.8059 r
  x_sub_system/x_core/ex_block_i/alu_i/n180 (net)
                                                2       0.0000     1.8059 r
  x_sub_system/x_core/ex_block_i/alu_i/u150/A1 (NR2XD2BWP12T)
                                                        0.0000     1.8059 r
  x_sub_system/x_core/ex_block_i/alu_i/u150/ZN (NR2XD2BWP12T)
                                                        0.0265     1.8324 f
  x_sub_system/x_core/ex_block_i/alu_i/n236 (net)
                                                3       0.0000     1.8324 f
  x_sub_system/x_core/ex_block_i/alu_i/u24/A2 (NR2XD2BWP12T)
                                                        0.0000     1.8324 f
  x_sub_system/x_core/ex_block_i/alu_i/u24/ZN (NR2XD2BWP12T)
                                                        0.0369     1.8693 r
  x_sub_system/x_core/ex_block_i/alu_i/n182 (net)
                                                2       0.0000     1.8693 r
  x_sub_system/x_core/ex_block_i/alu_i/u25/A2 (ND2D2BWP12T)
                                                        0.0000     1.8693 r
  x_sub_system/x_core/ex_block_i/alu_i/u25/ZN (ND2D2BWP12T)
                                                        0.0265     1.8958 f
  x_sub_system/x_core/ex_block_i/alu_i/n248 (net)
                                                3       0.0000     1.8958 f
  x_sub_system/x_core/ex_block_i/alu_i/u136/A1 (NR2XD0BWP12T)
                                                        0.0000     1.8958 f
  x_sub_system/x_core/ex_block_i/alu_i/u136/ZN (NR2XD0BWP12T)
                                                        0.0255     1.9213 r
  x_sub_system/x_core/ex_block_i/alu_i/n195 (net)
                                                1       0.0000     1.9213 r
  x_sub_system/x_core/ex_block_i/alu_i/u50/A1 (AN2D2BWP12T)
                                                        0.0000     1.9213 r
  x_sub_system/x_core/ex_block_i/alu_i/u50/Z (AN2D2BWP12T)
                                                        0.0472     1.9684 r
  x_sub_system/x_core/ex_block_i/alu_i/n9 (net)
                                                1       0.0000     1.9684 r
  x_sub_system/x_core/ex_block_i/alu_i/u230/A1 (NR2D3BWP12T)
                                                        0.0000     1.9684 r
  x_sub_system/x_core/ex_block_i/alu_i/u230/ZN (NR2D3BWP12T)
                                                        0.0150     1.9835 f
  x_sub_system/x_core/ex_block_i/alu_i/n260 (net)
                                                2       0.0000     1.9835 f
  x_sub_system/x_core/ex_block_i/alu_i/u106/A1 (OAI21D4BWP12T)
                                                        0.0000     1.9835 f
  x_sub_system/x_core/ex_block_i/alu_i/u106/ZN (OAI21D4BWP12T)
                                                        0.0310     2.0144 r
  x_sub_system/x_core/ex_block_i/alu_i/n210 (net)
                                                2       0.0000     2.0144 r
  x_sub_system/x_core/ex_block_i/alu_i/u77/B (IOA21D2BWP12T)
                                                        0.0000     2.0144 r
  x_sub_system/x_core/ex_block_i/alu_i/u77/ZN (IOA21D2BWP12T)
                                                        0.0212     2.0356 f
  x_sub_system/x_core/ex_block_i/alu_i/n213 (net)
                                                1       0.0000     2.0356 f
  x_sub_system/x_core/ex_block_i/alu_i/u125/B (IOA21D2BWP12T)
                                                        0.0000     2.0356 f
  x_sub_system/x_core/ex_block_i/alu_i/u125/ZN (IOA21D2BWP12T)
                                                        0.0146     2.0502 r
  x_sub_system/x_core/ex_block_i/alu_i/n224 (net)
                                                1       0.0000     2.0502 r
  x_sub_system/x_core/ex_block_i/alu_i/u123/A1 (XOR2D2BWP12T)
                                                        0.0000     2.0502 r
  x_sub_system/x_core/ex_block_i/alu_i/u123/Z (XOR2D2BWP12T)
                                                        0.0817     2.1319 f
  x_sub_system/x_core/ex_block_i/alu_i/adder_result_o[31] (net)
                                                5       0.0000     2.1319 f
  x_sub_system/x_core/ex_block_i/alu_i/u122/A1 (ND2D1BWP12T)
                                                        0.0000     2.1319 f
  x_sub_system/x_core/ex_block_i/alu_i/u122/ZN (ND2D1BWP12T)
                                                        0.0264     2.1582 r
  x_sub_system/x_core/ex_block_i/alu_i/n425 (net)
                                                1       0.0000     2.1582 r
  x_sub_system/x_core/ex_block_i/alu_i/u102/A1 (ND3D2BWP12T)
                                                        0.0000     2.1582 r
  x_sub_system/x_core/ex_block_i/alu_i/u102/ZN (ND3D2BWP12T)
                                                        0.0251     2.1834 f
  x_sub_system/x_core/ex_block_i/alu_i/n426 (net)
                                                1       0.0000     2.1834 f
  x_sub_system/x_core/ex_block_i/alu_i/u105/A2 (NR2XD1BWP12T)
                                                        0.0000     2.1834 f
  x_sub_system/x_core/ex_block_i/alu_i/u105/ZN (NR2XD1BWP12T)
                                                        0.0284     2.2118 r
  x_sub_system/x_core/ex_block_i/alu_i/n427 (net)
                                                1       0.0000     2.2118 r
  x_sub_system/x_core/ex_block_i/alu_i/u12/A2 (CKND2D2BWP12T)
                                                        0.0000     2.2118 r
  x_sub_system/x_core/ex_block_i/alu_i/u12/ZN (CKND2D2BWP12T)
                                                        0.0237     2.2355 f
  x_sub_system/x_core/ex_block_i/alu_i/comparison_result_o (net)
                                                2       0.0000     2.2355 f
  x_sub_system/x_core/ex_block_i/alu_i/comparison_result_o (soc_ahblite_ibex_alu_RV32B0_0)
                                                        0.0000     2.2355 f
  x_sub_system/x_core/ex_block_i/branch_decision_o (net)
                                                        0.0000     2.2355 f
  x_sub_system/x_core/ex_block_i/branch_decision_o (soc_ahblite_ibex_ex_block_2_0_0_0)
                                                        0.0000     2.2355 f
  x_sub_system/x_core/branch_decision (net)             0.0000     2.2355 f
  x_sub_system/x_core/id_stage_i/branch_decision_i (soc_ahblite_ibex_id_stage_0_2_0_0_0_0_0_0_0)
                                                        0.0000     2.2355 f
  x_sub_system/x_core/id_stage_i/branch_decision_i (net)
                                                        0.0000     2.2355 f
  x_sub_system/x_core/id_stage_i/u60/A1 (ND2D2BWP12T)   0.0000     2.2355 f
  x_sub_system/x_core/id_stage_i/u60/ZN (ND2D2BWP12T)   0.0189     2.2545 r
  x_sub_system/x_core/id_stage_i/n167 (net)     3       0.0000     2.2545 r
  x_sub_system/x_core/id_stage_i/u67/A1 (ND2D2BWP12T)   0.0000     2.2545 r
  x_sub_system/x_core/id_stage_i/u67/ZN (ND2D2BWP12T)   0.0182     2.2726 f
  x_sub_system/x_core/id_stage_i/n118 (net)     1       0.0000     2.2726 f
  x_sub_system/x_core/id_stage_i/u21/I (INVD2BWP12T)    0.0000     2.2726 f
  x_sub_system/x_core/id_stage_i/u21/ZN (INVD2BWP12T)   0.0191     2.2918 r
  x_sub_system/x_core/id_stage_i/csr_op_en_o (net)
                                                3       0.0000     2.2918 r
  x_sub_system/x_core/id_stage_i/u19/A1 (CKAN2D2BWP12T)
                                                        0.0000     2.2918 r
  x_sub_system/x_core/id_stage_i/u19/Z (CKAN2D2BWP12T)
                                                        0.0428     2.3346 r
  x_sub_system/x_core/id_stage_i/n51 (net)      2       0.0000     2.3346 r
  x_sub_system/x_core/id_stage_i/controller_i/csr_pipe_flush_i (soc_ahblite_ibex_controller_0_0_0)
                                                        0.0000     2.3346 r
  x_sub_system/x_core/id_stage_i/controller_i/csr_pipe_flush_i (net)
                                                        0.0000     2.3346 r
  x_sub_system/x_core/id_stage_i/controller_i/u18/A1 (ND2D1BWP12T)
                                                        0.0000     2.3346 r
  x_sub_system/x_core/id_stage_i/controller_i/u18/ZN (ND2D1BWP12T)
                                                        0.0264     2.3610 f
  x_sub_system/x_core/id_stage_i/controller_i/n265 (net)
                                                1       0.0000     2.3610 f
  x_sub_system/x_core/id_stage_i/controller_i/u9/A1 (CKND2D4BWP12T)
                                                        0.0000     2.3610 f
  x_sub_system/x_core/id_stage_i/controller_i/u9/ZN (CKND2D4BWP12T)
                                                        0.0309     2.3919 r
  x_sub_system/x_core/id_stage_i/controller_i/n266 (net)
                                                1       0.0000     2.3919 r
  x_sub_system/x_core/id_stage_i/controller_i/u6/B (AOI211XD4BWP12T)
                                                        0.0000     2.3919 r
  x_sub_system/x_core/id_stage_i/controller_i/u6/ZN (AOI211XD4BWP12T)
                                                        0.0302     2.4221 f
  x_sub_system/x_core/id_stage_i/controller_i/id_in_ready_o (net)
                                                6       0.0000     2.4221 f
  x_sub_system/x_core/id_stage_i/controller_i/id_in_ready_o (soc_ahblite_ibex_controller_0_0_0)
                                                        0.0000     2.4221 f
  x_sub_system/x_core/id_stage_i/id_in_ready_o (net)    0.0000     2.4221 f
  x_sub_system/x_core/id_stage_i/id_in_ready_o (soc_ahblite_ibex_id_stage_0_2_0_0_0_0_0_0_0)
                                                        0.0000     2.4221 f
  x_sub_system/x_core/id_in_ready (net)                 0.0000     2.4221 f
  x_sub_system/x_core/if_stage_i/id_in_ready_i (soc_ahblite_ibex_if_stage_00000000_00000000_0_0_0_0_0_0)
                                                        0.0000     2.4221 f
  x_sub_system/x_core/if_stage_i/id_in_ready_i (net)    0.0000     2.4221 f
  x_sub_system/x_core/if_stage_i/gen_prefetch_buffer_prefetch_buffer_i/ready_i (soc_ahblite_ibex_prefetch_buffer_0_0)
                                                        0.0000     2.4221 f
  x_sub_system/x_core/if_stage_i/gen_prefetch_buffer_prefetch_buffer_i/ready_i (net)
                                                        0.0000     2.4221 f
  x_sub_system/x_core/if_stage_i/gen_prefetch_buffer_prefetch_buffer_i/fifo_i/out_ready_i (soc_ahblite_ibex_fetch_fifo_00000002_0)
                                                        0.0000     2.4221 f
  x_sub_system/x_core/if_stage_i/gen_prefetch_buffer_prefetch_buffer_i/fifo_i/out_ready_i (net)
                                                        0.0000     2.4221 f
  x_sub_system/x_core/if_stage_i/gen_prefetch_buffer_prefetch_buffer_i/fifo_i/u51/A1 (AO21D1BWP12T)
                                                        0.0000     2.4221 f
  x_sub_system/x_core/if_stage_i/gen_prefetch_buffer_prefetch_buffer_i/fifo_i/u51/Z (AO21D1BWP12T)
                                                        0.0645     2.4866 f
  x_sub_system/x_core/if_stage_i/gen_prefetch_buffer_prefetch_buffer_i/fifo_i/n274 (net)
                                                3       0.0000     2.4866 f
  x_sub_system/x_core/if_stage_i/gen_prefetch_buffer_prefetch_buffer_i/fifo_i/u46/I (CKND1BWP12T)
                                                        0.0000     2.4866 f
  x_sub_system/x_core/if_stage_i/gen_prefetch_buffer_prefetch_buffer_i/fifo_i/u46/ZN (CKND1BWP12T)
                                                        0.0208     2.5074 r
  x_sub_system/x_core/if_stage_i/gen_prefetch_buffer_prefetch_buffer_i/fifo_i/n362 (net)
                                                1       0.0000     2.5074 r
  x_sub_system/x_core/if_stage_i/gen_prefetch_buffer_prefetch_buffer_i/fifo_i/u74/A1 (NR2D2BWP12T)
                                                        0.0000     2.5074 r
  x_sub_system/x_core/if_stage_i/gen_prefetch_buffer_prefetch_buffer_i/fifo_i/u74/ZN (NR2D2BWP12T)
                                                        0.0303     2.5377 f
  x_sub_system/x_core/if_stage_i/gen_prefetch_buffer_prefetch_buffer_i/fifo_i/n313 (net)
                                               21       0.0000     2.5377 f
  x_sub_system/x_core/if_stage_i/gen_prefetch_buffer_prefetch_buffer_i/fifo_i/u279/C2 (AO222D0BWP12T)
                                                        0.0000     2.5377 f
  x_sub_system/x_core/if_stage_i/gen_prefetch_buffer_prefetch_buffer_i/fifo_i/u279/Z (AO222D0BWP12T)
                                                        0.1754     2.7131 f
  x_sub_system/x_core/if_stage_i/gen_prefetch_buffer_prefetch_buffer_i/fifo_i/n244 (net)
                                                1       0.0000     2.7131 f
  x_sub_system/x_core/if_stage_i/gen_prefetch_buffer_prefetch_buffer_i/fifo_i/instr_addr_q_reg_7_/D (DFQD1BWP12T)
                                                        0.0000     2.7131 f
  data arrival time                                                2.7131

  clock clk1 (rise edge)                                3.0000     3.0000
  clock network delay (ideal)                           0.0000     3.0000
  clock uncertainty                                    -0.3000     2.7000
  x_sub_system/x_core/if_stage_i/gen_prefetch_buffer_prefetch_buffer_i/fifo_i/instr_addr_q_reg_7_/CP (DFQD1BWP12T)
                                                        0.0000     2.7000 r
  library setup time                                    0.0133     2.7133
  data required time                                               2.7133
  --------------------------------------------------------------------------
  data required time                                               2.7133
  data arrival time                                               -2.7131
  --------------------------------------------------------------------------
  slack (MET)                                                      0.0002


  Startpoint: x_sub_system/x_core/if_stage_i/instr_rdata_alu_id_o_reg_2_
              (rising edge-triggered flip-flop clocked by clk1)
  Endpoint: x_sub_system/x_core/if_stage_i/gen_prefetch_buffer_prefetch_buffer_i/fifo_i/instr_addr_q_reg_6_
            (rising edge-triggered flip-flop clocked by clk1)
  Path Group: clk1
  Path Type: max

  Des/Clust/Port     Wire Load Model       Library
  ------------------------------------------------
  soc_ahblite_ibex_csr_32_0_0_5
                     ZeroWireload          tcbn65gplusbwp12twc
  soc_ahblite_ibex_fetch_fifo_00000002_0
                     ZeroWireload          tcbn65gplusbwp12twc
  soc_ahblite_ibex_counter_CounterWidth64_1
                     ZeroWireload          tcbn65gplusbwp12twc
  soc_ahblite_ibex_counter_CounterWidth64_0
                     ZeroWireload          tcbn65gplusbwp12twc
  soc_ahblite_ibex_csr_32_0_0_1
                     ZeroWireload          tcbn65gplusbwp12twc
  soc_ahblite_ibex_csr_32_0_0_2
                     ZeroWireload          tcbn65gplusbwp12twc
  soc_ahblite_ibex_csr_32_0_0_3
                     ZeroWireload          tcbn65gplusbwp12twc
  soc_ahblite_ibex_csr_32_0_40000003_0
                     ZeroWireload          tcbn65gplusbwp12twc
  soc_ahblite_ibex_csr_32_0_00000001_0
                     ZeroWireload          tcbn65gplusbwp12twc
  soc_ahblite_ibex_csr_6_0_0_0
                     ZeroWireload          tcbn65gplusbwp12twc
  soc_ahblite_ibex_csr_32_0_0_4
                     ZeroWireload          tcbn65gplusbwp12twc
  soc_ahblite_ibex_csr_18_0_0_0
                     ZeroWireload          tcbn65gplusbwp12twc
  soc_ahblite_ibex_csr_32_0_0_0
                     ZeroWireload          tcbn65gplusbwp12twc
  soc_ahblite_ibex_csr_6_0_10_0
                     ZeroWireload          tcbn65gplusbwp12twc
  soc_ahblite_ibex_multdiv_fast_RV32M2_0
                     ZeroWireload          tcbn65gplusbwp12twc
  soc_ahblite_ibex_controller_0_0_0
                     ZeroWireload          tcbn65gplusbwp12twc
  soc_ahblite_ibex_prefetch_buffer_0_0
                     ZeroWireload          tcbn65gplusbwp12twc
  soc_ahblite_ibex_cs_registers_0_00000001_0_0_0_0_00000000_00000028_0_00000000_00000004_0_2_0_0
                     ZeroWireload          tcbn65gplusbwp12twc
  soc_ahblite_ibex_load_store_unit_0
                     ZeroWireload          tcbn65gplusbwp12twc
  soc_ahblite_ibex_ex_block_2_0_0_0
                     ZeroWireload          tcbn65gplusbwp12twc
  soc_ahblite_ibex_id_stage_0_2_0_0_0_0_0_0_0
                     ZeroWireload          tcbn65gplusbwp12twc
  soc_ahblite_ibex_if_stage_00000000_00000000_0_0_0_0_0_0
                     ZeroWireload          tcbn65gplusbwp12twc
  soc_ahblite_prim_clock_gating_0
                     ZeroWireload          tcbn65gplusbwp12twc
  soc_ahblite_ibex_core_00000000_00000000_0
                     ZeroWireload          tcbn65gplusbwp12twc
  soc_ahblite_ibex_decoder_0_2_0_0_0
                     ZeroWireload          tcbn65gplusbwp12twc
  soc_ahblite_ibex_register_file_ff_0_00000020_0_0
                     ZeroWireload          tcbn65gplusbwp12twc
  soc_ahblite_ibex_alu_RV32B0_0
                     ZeroWireload          tcbn65gplusbwp12twc

  Point                                       Fanout      Incr       Path
  --------------------------------------------------------------------------
  clock clk1 (rise edge)                                0.0000     0.0000
  clock network delay (ideal)                           0.0000     0.0000
  x_sub_system/x_core/if_stage_i/instr_rdata_alu_id_o_reg_2_/CP (EDFCNQD1BWP12T)
                                                        0.0000     0.0000 r
  x_sub_system/x_core/if_stage_i/instr_rdata_alu_id_o_reg_2_/Q (EDFCNQD1BWP12T)
                                                        0.1396     0.1396 f
  x_sub_system/x_core/if_stage_i/instr_rdata_alu_id_o[2] (net)
                                                6       0.0000     0.1396 f
  x_sub_system/x_core/if_stage_i/instr_rdata_alu_id_o[2] (soc_ahblite_ibex_if_stage_00000000_00000000_0_0_0_0_0_0)
                                                        0.0000     0.1396 f
  x_sub_system/x_core/instr_rdata_alu_id[2] (net)       0.0000     0.1396 f
  x_sub_system/x_core/id_stage_i/instr_rdata_alu_i[2] (soc_ahblite_ibex_id_stage_0_2_0_0_0_0_0_0_0)
                                                        0.0000     0.1396 f
  x_sub_system/x_core/id_stage_i/instr_rdata_alu_i[2] (net)
                                                        0.0000     0.1396 f
  x_sub_system/x_core/id_stage_i/decoder_i/instr_rdata_alu_i[2] (soc_ahblite_ibex_decoder_0_2_0_0_0)
                                                        0.0000     0.1396 f
  x_sub_system/x_core/id_stage_i/decoder_i/instr_rdata_alu_i[2] (net)
                                                        0.0000     0.1396 f
  x_sub_system/x_core/id_stage_i/decoder_i/u46/I (CKND2BWP12T)
                                                        0.0000     0.1396 f
  x_sub_system/x_core/id_stage_i/decoder_i/u46/ZN (CKND2BWP12T)
                                                        0.0174     0.1570 r
  x_sub_system/x_core/id_stage_i/decoder_i/n137 (net)
                                                3       0.0000     0.1570 r
  x_sub_system/x_core/id_stage_i/decoder_i/u4/A1 (CKAN2D2BWP12T)
                                                        0.0000     0.1570 r
  x_sub_system/x_core/id_stage_i/decoder_i/u4/Z (CKAN2D2BWP12T)
                                                        0.0483     0.2053 r
  x_sub_system/x_core/id_stage_i/decoder_i/n274 (net)
                                                1       0.0000     0.2053 r
  x_sub_system/x_core/id_stage_i/decoder_i/u8/A2 (CKND2D8BWP12T)
                                                        0.0000     0.2053 r
  x_sub_system/x_core/id_stage_i/decoder_i/u8/ZN (CKND2D8BWP12T)
                                                        0.0241     0.2294 f
  x_sub_system/x_core/id_stage_i/decoder_i/n243 (net)
                                                4       0.0000     0.2294 f
  x_sub_system/x_core/id_stage_i/decoder_i/u24/A1 (NR2XD4BWP12T)
                                                        0.0000     0.2294 f
  x_sub_system/x_core/id_stage_i/decoder_i/u24/ZN (NR2XD4BWP12T)
                                                        0.0228     0.2522 r
  x_sub_system/x_core/id_stage_i/decoder_i/n252 (net)
                                                5       0.0000     0.2522 r
  x_sub_system/x_core/id_stage_i/decoder_i/u312/S (MUX2ND4BWP12T)
                                                        0.0000     0.2522 r
  x_sub_system/x_core/id_stage_i/decoder_i/u312/ZN (MUX2ND4BWP12T)
                                                        0.0899     0.3422 r
  x_sub_system/x_core/id_stage_i/decoder_i/rf_raddr_a_o[4] (net)
                                                6       0.0000     0.3422 r
  x_sub_system/x_core/id_stage_i/decoder_i/rf_raddr_a_o[4] (soc_ahblite_ibex_decoder_0_2_0_0_0)
                                                        0.0000     0.3422 r
  x_sub_system/x_core/id_stage_i/rf_raddr_a_o[4] (net)
                                                        0.0000     0.3422 r
  x_sub_system/x_core/id_stage_i/rf_raddr_a_o[4] (soc_ahblite_ibex_id_stage_0_2_0_0_0_0_0_0_0)
                                                        0.0000     0.3422 r
  x_sub_system/x_core/rf_raddr_a[4] (net)               0.0000     0.3422 r
  x_sub_system/x_core/gen_regfile_ff_register_file_i/raddr_a_i[4] (soc_ahblite_ibex_register_file_ff_0_00000020_0_0)
                                                        0.0000     0.3422 r
  x_sub_system/x_core/gen_regfile_ff_register_file_i/raddr_a_i[4] (net)
                                                        0.0000     0.3422 r
  x_sub_system/x_core/gen_regfile_ff_register_file_i/u272/I (INVD2BWP12T)
                                                        0.0000     0.3422 r
  x_sub_system/x_core/gen_regfile_ff_register_file_i/u272/ZN (INVD2BWP12T)
                                                        0.0204     0.3626 f
  x_sub_system/x_core/gen_regfile_ff_register_file_i/n129 (net)
                                                1       0.0000     0.3626 f
  x_sub_system/x_core/gen_regfile_ff_register_file_i/u224/A2 (ND3D4BWP12T)
                                                        0.0000     0.3626 f
  x_sub_system/x_core/gen_regfile_ff_register_file_i/u224/ZN (ND3D4BWP12T)
                                                        0.0269     0.3895 r
  x_sub_system/x_core/gen_regfile_ff_register_file_i/n154 (net)
                                                4       0.0000     0.3895 r
  x_sub_system/x_core/gen_regfile_ff_register_file_i/u190/A1 (NR2D4BWP12T)
                                                        0.0000     0.3895 r
  x_sub_system/x_core/gen_regfile_ff_register_file_i/u190/ZN (NR2D4BWP12T)
                                                        0.0162     0.4057 f
  x_sub_system/x_core/gen_regfile_ff_register_file_i/n145 (net)
                                                1       0.0000     0.4057 f
  x_sub_system/x_core/gen_regfile_ff_register_file_i/u205/I (BUFFD12BWP12T)
                                                        0.0000     0.4057 f
  x_sub_system/x_core/gen_regfile_ff_register_file_i/u205/Z (BUFFD12BWP12T)
                                                        0.0411     0.4468 f
  x_sub_system/x_core/gen_regfile_ff_register_file_i/n2620 (net)
                                               32       0.0000     0.4468 f
  x_sub_system/x_core/gen_regfile_ff_register_file_i/u1233/B1 (AOI22D0BWP12T)
                                                        0.0000     0.4468 f
  x_sub_system/x_core/gen_regfile_ff_register_file_i/u1233/ZN (AOI22D0BWP12T)
                                                        0.0645     0.5114 r
  x_sub_system/x_core/gen_regfile_ff_register_file_i/n238 (net)
                                                1       0.0000     0.5114 r
  x_sub_system/x_core/gen_regfile_ff_register_file_i/u1292/A3 (ND4D1BWP12T)
                                                        0.0000     0.5114 r
  x_sub_system/x_core/gen_regfile_ff_register_file_i/u1292/ZN (ND4D1BWP12T)
                                                        0.0560     0.5674 f
  x_sub_system/x_core/gen_regfile_ff_register_file_i/n251 (net)
                                                1       0.0000     0.5674 f
  x_sub_system/x_core/gen_regfile_ff_register_file_i/u1297/A2 (OR4D1BWP12T)
                                                        0.0000     0.5674 f
  x_sub_system/x_core/gen_regfile_ff_register_file_i/u1297/Z (OR4D1BWP12T)
                                                        0.1137     0.6810 f
  x_sub_system/x_core/gen_regfile_ff_register_file_i/rdata_a_o[5] (net)
                                                2       0.0000     0.6810 f
  x_sub_system/x_core/gen_regfile_ff_register_file_i/rdata_a_o[5] (soc_ahblite_ibex_register_file_ff_0_00000020_0_0)
                                                        0.0000     0.6810 f
  x_sub_system/x_core/rf_rdata_a[5] (net)               0.0000     0.6810 f
  x_sub_system/x_core/id_stage_i/rf_rdata_a_i[5] (soc_ahblite_ibex_id_stage_0_2_0_0_0_0_0_0_0)
                                                        0.0000     0.6810 f
  x_sub_system/x_core/id_stage_i/rf_rdata_a_i[5] (net)
                                                        0.0000     0.6810 f
  x_sub_system/x_core/id_stage_i/u8/I (CKBD4BWP12T)     0.0000     0.6810 f
  x_sub_system/x_core/id_stage_i/u8/Z (CKBD4BWP12T)     0.0379     0.7190 f
  x_sub_system/x_core/id_stage_i/multdiv_operand_a_ex_o[5] (net)
                                                4       0.0000     0.7190 f
  x_sub_system/x_core/id_stage_i/multdiv_operand_a_ex_o[5] (soc_ahblite_ibex_id_stage_0_2_0_0_0_0_0_0_0)
                                                        0.0000     0.7190 f
  x_sub_system/x_core/multdiv_operand_a_ex[5] (net)     0.0000     0.7190 f
  x_sub_system/x_core/ex_block_i/multdiv_operand_a_i[5] (soc_ahblite_ibex_ex_block_2_0_0_0)
                                                        0.0000     0.7190 f
  x_sub_system/x_core/ex_block_i/multdiv_operand_a_i[5] (net)
                                                        0.0000     0.7190 f
  x_sub_system/x_core/ex_block_i/gen_multdiv_fast_multdiv_i/op_a_i[5] (soc_ahblite_ibex_multdiv_fast_RV32M2_0)
                                                        0.0000     0.7190 f
  x_sub_system/x_core/ex_block_i/gen_multdiv_fast_multdiv_i/op_a_i[5] (net)
                                                        0.0000     0.7190 f
  x_sub_system/x_core/ex_block_i/gen_multdiv_fast_multdiv_i/u218/I0 (MUX2D4BWP12T)
                                                        0.0000     0.7190 f
  x_sub_system/x_core/ex_block_i/gen_multdiv_fast_multdiv_i/u218/Z (MUX2D4BWP12T)
                                                        0.0698     0.7888 f
  x_sub_system/x_core/ex_block_i/gen_multdiv_fast_multdiv_i/n92 (net)
                                                9       0.0000     0.7888 f
  x_sub_system/x_core/ex_block_i/gen_multdiv_fast_multdiv_i/u191/A1 (XNR2D0BWP12T)
                                                        0.0000     0.7888 f
  x_sub_system/x_core/ex_block_i/gen_multdiv_fast_multdiv_i/u191/ZN (XNR2D0BWP12T)
                                                        0.0885     0.8773 r
  x_sub_system/x_core/ex_block_i/gen_multdiv_fast_multdiv_i/n240 (net)
                                                2       0.0000     0.8773 r
  x_sub_system/x_core/ex_block_i/gen_multdiv_fast_multdiv_i/u24/B1 (OAI22D2BWP12T)
                                                        0.0000     0.8773 r
  x_sub_system/x_core/ex_block_i/gen_multdiv_fast_multdiv_i/u24/ZN (OAI22D2BWP12T)
                                                        0.0356     0.9129 f
  x_sub_system/x_core/ex_block_i/gen_multdiv_fast_multdiv_i/n233 (net)
                                                1       0.0000     0.9129 f
  x_sub_system/x_core/ex_block_i/gen_multdiv_fast_multdiv_i/u572/B (FA1D1BWP12T)
                                                        0.0000     0.9129 f
  x_sub_system/x_core/ex_block_i/gen_multdiv_fast_multdiv_i/u572/CO (FA1D1BWP12T)
                                                        0.1022     1.0151 f
  x_sub_system/x_core/ex_block_i/gen_multdiv_fast_multdiv_i/n264 (net)
                                                1       0.0000     1.0151 f
  x_sub_system/x_core/ex_block_i/gen_multdiv_fast_multdiv_i/u1059/A (FA1D2BWP12T)
                                                        0.0000     1.0151 f
  x_sub_system/x_core/ex_block_i/gen_multdiv_fast_multdiv_i/u1059/CO (FA1D2BWP12T)
                                                        0.1108     1.1259 f
  x_sub_system/x_core/ex_block_i/gen_multdiv_fast_multdiv_i/n631 (net)
                                                1       0.0000     1.1259 f
  x_sub_system/x_core/ex_block_i/gen_multdiv_fast_multdiv_i/u722/A (FA1D1BWP12T)
                                                        0.0000     1.1259 f
  x_sub_system/x_core/ex_block_i/gen_multdiv_fast_multdiv_i/u722/CO (FA1D1BWP12T)
                                                        0.1086     1.2345 f
  x_sub_system/x_core/ex_block_i/gen_multdiv_fast_multdiv_i/n636 (net)
                                                1       0.0000     1.2345 f
  x_sub_system/x_core/ex_block_i/gen_multdiv_fast_multdiv_i/u411/B (FA1D1BWP12T)
                                                        0.0000     1.2345 f
  x_sub_system/x_core/ex_block_i/gen_multdiv_fast_multdiv_i/u411/CO (FA1D1BWP12T)
                                                        0.1052     1.3397 f
  x_sub_system/x_core/ex_block_i/gen_multdiv_fast_multdiv_i/n971 (net)
                                                3       0.0000     1.3397 f
  x_sub_system/x_core/ex_block_i/gen_multdiv_fast_multdiv_i/u325/A2 (ND2D1BWP12T)
                                                        0.0000     1.3397 f
  x_sub_system/x_core/ex_block_i/gen_multdiv_fast_multdiv_i/u325/ZN (ND2D1BWP12T)
                                                        0.0371     1.3768 r
  x_sub_system/x_core/ex_block_i/gen_multdiv_fast_multdiv_i/n973 (net)
                                                2       0.0000     1.3768 r
  x_sub_system/x_core/ex_block_i/gen_multdiv_fast_multdiv_i/u67/B (OAI21D4BWP12T)
                                                        0.0000     1.3768 r
  x_sub_system/x_core/ex_block_i/gen_multdiv_fast_multdiv_i/u67/ZN (OAI21D4BWP12T)
                                                        0.0377     1.4145 f
  x_sub_system/x_core/ex_block_i/gen_multdiv_fast_multdiv_i/n909 (net)
                                                3       0.0000     1.4145 f
  x_sub_system/x_core/ex_block_i/gen_multdiv_fast_multdiv_i/u303/A1 (AOI21D4BWP12T)
                                                        0.0000     1.4145 f
  x_sub_system/x_core/ex_block_i/gen_multdiv_fast_multdiv_i/u303/ZN (AOI21D4BWP12T)
                                                        0.0368     1.4513 r
  x_sub_system/x_core/ex_block_i/gen_multdiv_fast_multdiv_i/n958 (net)
                                                8       0.0000     1.4513 r
  x_sub_system/x_core/ex_block_i/gen_multdiv_fast_multdiv_i/u122/A1 (OAI21D1BWP12T)
                                                        0.0000     1.4513 r
  x_sub_system/x_core/ex_block_i/gen_multdiv_fast_multdiv_i/u122/ZN (OAI21D1BWP12T)
                                                        0.0278     1.4790 f
  x_sub_system/x_core/ex_block_i/gen_multdiv_fast_multdiv_i/n878 (net)
                                                1       0.0000     1.4790 f
  x_sub_system/x_core/ex_block_i/gen_multdiv_fast_multdiv_i/u356/B (AOI21D1BWP12T)
                                                        0.0000     1.4790 f
  x_sub_system/x_core/ex_block_i/gen_multdiv_fast_multdiv_i/u356/ZN (AOI21D1BWP12T)
                                                        0.0502     1.5293 r
  x_sub_system/x_core/ex_block_i/gen_multdiv_fast_multdiv_i/n882 (net)
                                                1       0.0000     1.5293 r
  x_sub_system/x_core/ex_block_i/gen_multdiv_fast_multdiv_i/u461/A1 (XOR2D1BWP12T)
                                                        0.0000     1.5293 r
  x_sub_system/x_core/ex_block_i/gen_multdiv_fast_multdiv_i/u461/Z (XOR2D1BWP12T)
                                                        0.0742     1.6035 f
  x_sub_system/x_core/ex_block_i/gen_multdiv_fast_multdiv_i/n890 (net)
                                                2       0.0000     1.6035 f
  x_sub_system/x_core/ex_block_i/gen_multdiv_fast_multdiv_i/u8/A1 (OAI21D1BWP12T)
                                                        0.0000     1.6035 f
  x_sub_system/x_core/ex_block_i/gen_multdiv_fast_multdiv_i/u8/ZN (OAI21D1BWP12T)
                                                        0.0322     1.6357 r
  x_sub_system/x_core/ex_block_i/gen_multdiv_fast_multdiv_i/n1789 (net)
                                                1       0.0000     1.6357 r
  x_sub_system/x_core/ex_block_i/gen_multdiv_fast_multdiv_i/u11/A1 (CKND2D2BWP12T)
                                                        0.0000     1.6357 r
  x_sub_system/x_core/ex_block_i/gen_multdiv_fast_multdiv_i/u11/ZN (CKND2D2BWP12T)
                                                        0.0310     1.6667 f
  x_sub_system/x_core/ex_block_i/gen_multdiv_fast_multdiv_i/multdiv_result_o[26] (net)
                                                2       0.0000     1.6667 f
  x_sub_system/x_core/ex_block_i/gen_multdiv_fast_multdiv_i/multdiv_result_o[26] (soc_ahblite_ibex_multdiv_fast_RV32M2_0)
                                                        0.0000     1.6667 f
  x_sub_system/x_core/ex_block_i/multdiv_result[26] (net)
                                                        0.0000     1.6667 f
  x_sub_system/x_core/ex_block_i/u61/A1 (ND2D2BWP12T)   0.0000     1.6667 f
  x_sub_system/x_core/ex_block_i/u61/ZN (ND2D2BWP12T)   0.0186     1.6853 r
  x_sub_system/x_core/ex_block_i/n88 (net)      1       0.0000     1.6853 r
  x_sub_system/x_core/ex_block_i/u13/B (IOA21D2BWP12T)
                                                        0.0000     1.6853 r
  x_sub_system/x_core/ex_block_i/u13/ZN (IOA21D2BWP12T)
                                                        0.0265     1.7119 f
  x_sub_system/x_core/ex_block_i/alu_operand_b_i_true[26] (net)
                                                4       0.0000     1.7119 f
  x_sub_system/x_core/ex_block_i/alu_i/operand_b_i[26] (soc_ahblite_ibex_alu_RV32B0_0)
                                                        0.0000     1.7119 f
  x_sub_system/x_core/ex_block_i/alu_i/operand_b_i[26] (net)
                                                        0.0000     1.7119 f
  x_sub_system/x_core/ex_block_i/alu_i/u476/S (MUX2ND0BWP12T)
                                                        0.0000     1.7119 f
  x_sub_system/x_core/ex_block_i/alu_i/u476/ZN (MUX2ND0BWP12T)
                                                        0.0602     1.7721 f
  x_sub_system/x_core/ex_block_i/alu_i/n170 (net)
                                                1       0.0000     1.7721 f
  x_sub_system/x_core/ex_block_i/alu_i/u153/A1 (ND2D2BWP12T)
                                                        0.0000     1.7721 f
  x_sub_system/x_core/ex_block_i/alu_i/u153/ZN (ND2D2BWP12T)
                                                        0.0338     1.8059 r
  x_sub_system/x_core/ex_block_i/alu_i/n180 (net)
                                                2       0.0000     1.8059 r
  x_sub_system/x_core/ex_block_i/alu_i/u150/A1 (NR2XD2BWP12T)
                                                        0.0000     1.8059 r
  x_sub_system/x_core/ex_block_i/alu_i/u150/ZN (NR2XD2BWP12T)
                                                        0.0265     1.8324 f
  x_sub_system/x_core/ex_block_i/alu_i/n236 (net)
                                                3       0.0000     1.8324 f
  x_sub_system/x_core/ex_block_i/alu_i/u24/A2 (NR2XD2BWP12T)
                                                        0.0000     1.8324 f
  x_sub_system/x_core/ex_block_i/alu_i/u24/ZN (NR2XD2BWP12T)
                                                        0.0369     1.8693 r
  x_sub_system/x_core/ex_block_i/alu_i/n182 (net)
                                                2       0.0000     1.8693 r
  x_sub_system/x_core/ex_block_i/alu_i/u25/A2 (ND2D2BWP12T)
                                                        0.0000     1.8693 r
  x_sub_system/x_core/ex_block_i/alu_i/u25/ZN (ND2D2BWP12T)
                                                        0.0265     1.8958 f
  x_sub_system/x_core/ex_block_i/alu_i/n248 (net)
                                                3       0.0000     1.8958 f
  x_sub_system/x_core/ex_block_i/alu_i/u136/A1 (NR2XD0BWP12T)
                                                        0.0000     1.8958 f
  x_sub_system/x_core/ex_block_i/alu_i/u136/ZN (NR2XD0BWP12T)
                                                        0.0255     1.9213 r
  x_sub_system/x_core/ex_block_i/alu_i/n195 (net)
                                                1       0.0000     1.9213 r
  x_sub_system/x_core/ex_block_i/alu_i/u50/A1 (AN2D2BWP12T)
                                                        0.0000     1.9213 r
  x_sub_system/x_core/ex_block_i/alu_i/u50/Z (AN2D2BWP12T)
                                                        0.0472     1.9684 r
  x_sub_system/x_core/ex_block_i/alu_i/n9 (net)
                                                1       0.0000     1.9684 r
  x_sub_system/x_core/ex_block_i/alu_i/u230/A1 (NR2D3BWP12T)
                                                        0.0000     1.9684 r
  x_sub_system/x_core/ex_block_i/alu_i/u230/ZN (NR2D3BWP12T)
                                                        0.0150     1.9835 f
  x_sub_system/x_core/ex_block_i/alu_i/n260 (net)
                                                2       0.0000     1.9835 f
  x_sub_system/x_core/ex_block_i/alu_i/u106/A1 (OAI21D4BWP12T)
                                                        0.0000     1.9835 f
  x_sub_system/x_core/ex_block_i/alu_i/u106/ZN (OAI21D4BWP12T)
                                                        0.0310     2.0144 r
  x_sub_system/x_core/ex_block_i/alu_i/n210 (net)
                                                2       0.0000     2.0144 r
  x_sub_system/x_core/ex_block_i/alu_i/u77/B (IOA21D2BWP12T)
                                                        0.0000     2.0144 r
  x_sub_system/x_core/ex_block_i/alu_i/u77/ZN (IOA21D2BWP12T)
                                                        0.0212     2.0356 f
  x_sub_system/x_core/ex_block_i/alu_i/n213 (net)
                                                1       0.0000     2.0356 f
  x_sub_system/x_core/ex_block_i/alu_i/u125/B (IOA21D2BWP12T)
                                                        0.0000     2.0356 f
  x_sub_system/x_core/ex_block_i/alu_i/u125/ZN (IOA21D2BWP12T)
                                                        0.0146     2.0502 r
  x_sub_system/x_core/ex_block_i/alu_i/n224 (net)
                                                1       0.0000     2.0502 r
  x_sub_system/x_core/ex_block_i/alu_i/u123/A1 (XOR2D2BWP12T)
                                                        0.0000     2.0502 r
  x_sub_system/x_core/ex_block_i/alu_i/u123/Z (XOR2D2BWP12T)
                                                        0.0817     2.1319 f
  x_sub_system/x_core/ex_block_i/alu_i/adder_result_o[31] (net)
                                                5       0.0000     2.1319 f
  x_sub_system/x_core/ex_block_i/alu_i/u122/A1 (ND2D1BWP12T)
                                                        0.0000     2.1319 f
  x_sub_system/x_core/ex_block_i/alu_i/u122/ZN (ND2D1BWP12T)
                                                        0.0264     2.1582 r
  x_sub_system/x_core/ex_block_i/alu_i/n425 (net)
                                                1       0.0000     2.1582 r
  x_sub_system/x_core/ex_block_i/alu_i/u102/A1 (ND3D2BWP12T)
                                                        0.0000     2.1582 r
  x_sub_system/x_core/ex_block_i/alu_i/u102/ZN (ND3D2BWP12T)
                                                        0.0251     2.1834 f
  x_sub_system/x_core/ex_block_i/alu_i/n426 (net)
                                                1       0.0000     2.1834 f
  x_sub_system/x_core/ex_block_i/alu_i/u105/A2 (NR2XD1BWP12T)
                                                        0.0000     2.1834 f
  x_sub_system/x_core/ex_block_i/alu_i/u105/ZN (NR2XD1BWP12T)
                                                        0.0284     2.2118 r
  x_sub_system/x_core/ex_block_i/alu_i/n427 (net)
                                                1       0.0000     2.2118 r
  x_sub_system/x_core/ex_block_i/alu_i/u12/A2 (CKND2D2BWP12T)
                                                        0.0000     2.2118 r
  x_sub_system/x_core/ex_block_i/alu_i/u12/ZN (CKND2D2BWP12T)
                                                        0.0237     2.2355 f
  x_sub_system/x_core/ex_block_i/alu_i/comparison_result_o (net)
                                                2       0.0000     2.2355 f
  x_sub_system/x_core/ex_block_i/alu_i/comparison_result_o (soc_ahblite_ibex_alu_RV32B0_0)
                                                        0.0000     2.2355 f
  x_sub_system/x_core/ex_block_i/branch_decision_o (net)
                                                        0.0000     2.2355 f
  x_sub_system/x_core/ex_block_i/branch_decision_o (soc_ahblite_ibex_ex_block_2_0_0_0)
                                                        0.0000     2.2355 f
  x_sub_system/x_core/branch_decision (net)             0.0000     2.2355 f
  x_sub_system/x_core/id_stage_i/branch_decision_i (soc_ahblite_ibex_id_stage_0_2_0_0_0_0_0_0_0)
                                                        0.0000     2.2355 f
  x_sub_system/x_core/id_stage_i/branch_decision_i (net)
                                                        0.0000     2.2355 f
  x_sub_system/x_core/id_stage_i/u60/A1 (ND2D2BWP12T)   0.0000     2.2355 f
  x_sub_system/x_core/id_stage_i/u60/ZN (ND2D2BWP12T)   0.0189     2.2545 r
  x_sub_system/x_core/id_stage_i/n167 (net)     3       0.0000     2.2545 r
  x_sub_system/x_core/id_stage_i/u67/A1 (ND2D2BWP12T)   0.0000     2.2545 r
  x_sub_system/x_core/id_stage_i/u67/ZN (ND2D2BWP12T)   0.0182     2.2726 f
  x_sub_system/x_core/id_stage_i/n118 (net)     1       0.0000     2.2726 f
  x_sub_system/x_core/id_stage_i/u21/I (INVD2BWP12T)    0.0000     2.2726 f
  x_sub_system/x_core/id_stage_i/u21/ZN (INVD2BWP12T)   0.0191     2.2918 r
  x_sub_system/x_core/id_stage_i/csr_op_en_o (net)
                                                3       0.0000     2.2918 r
  x_sub_system/x_core/id_stage_i/u19/A1 (CKAN2D2BWP12T)
                                                        0.0000     2.2918 r
  x_sub_system/x_core/id_stage_i/u19/Z (CKAN2D2BWP12T)
                                                        0.0428     2.3346 r
  x_sub_system/x_core/id_stage_i/n51 (net)      2       0.0000     2.3346 r
  x_sub_system/x_core/id_stage_i/controller_i/csr_pipe_flush_i (soc_ahblite_ibex_controller_0_0_0)
                                                        0.0000     2.3346 r
  x_sub_system/x_core/id_stage_i/controller_i/csr_pipe_flush_i (net)
                                                        0.0000     2.3346 r
  x_sub_system/x_core/id_stage_i/controller_i/u18/A1 (ND2D1BWP12T)
                                                        0.0000     2.3346 r
  x_sub_system/x_core/id_stage_i/controller_i/u18/ZN (ND2D1BWP12T)
                                                        0.0264     2.3610 f
  x_sub_system/x_core/id_stage_i/controller_i/n265 (net)
                                                1       0.0000     2.3610 f
  x_sub_system/x_core/id_stage_i/controller_i/u9/A1 (CKND2D4BWP12T)
                                                        0.0000     2.3610 f
  x_sub_system/x_core/id_stage_i/controller_i/u9/ZN (CKND2D4BWP12T)
                                                        0.0309     2.3919 r
  x_sub_system/x_core/id_stage_i/controller_i/n266 (net)
                                                1       0.0000     2.3919 r
  x_sub_system/x_core/id_stage_i/controller_i/u6/B (AOI211XD4BWP12T)
                                                        0.0000     2.3919 r
  x_sub_system/x_core/id_stage_i/controller_i/u6/ZN (AOI211XD4BWP12T)
                                                        0.0302     2.4221 f
  x_sub_system/x_core/id_stage_i/controller_i/id_in_ready_o (net)
                                                6       0.0000     2.4221 f
  x_sub_system/x_core/id_stage_i/controller_i/id_in_ready_o (soc_ahblite_ibex_controller_0_0_0)
                                                        0.0000     2.4221 f
  x_sub_system/x_core/id_stage_i/id_in_ready_o (net)    0.0000     2.4221 f
  x_sub_system/x_core/id_stage_i/id_in_ready_o (soc_ahblite_ibex_id_stage_0_2_0_0_0_0_0_0_0)
                                                        0.0000     2.4221 f
  x_sub_system/x_core/id_in_ready (net)                 0.0000     2.4221 f
  x_sub_system/x_core/if_stage_i/id_in_ready_i (soc_ahblite_ibex_if_stage_00000000_00000000_0_0_0_0_0_0)
                                                        0.0000     2.4221 f
  x_sub_system/x_core/if_stage_i/id_in_ready_i (net)    0.0000     2.4221 f
  x_sub_system/x_core/if_stage_i/gen_prefetch_buffer_prefetch_buffer_i/ready_i (soc_ahblite_ibex_prefetch_buffer_0_0)
                                                        0.0000     2.4221 f
  x_sub_system/x_core/if_stage_i/gen_prefetch_buffer_prefetch_buffer_i/ready_i (net)
                                                        0.0000     2.4221 f
  x_sub_system/x_core/if_stage_i/gen_prefetch_buffer_prefetch_buffer_i/fifo_i/out_ready_i (soc_ahblite_ibex_fetch_fifo_00000002_0)
                                                        0.0000     2.4221 f
  x_sub_system/x_core/if_stage_i/gen_prefetch_buffer_prefetch_buffer_i/fifo_i/out_ready_i (net)
                                                        0.0000     2.4221 f
  x_sub_system/x_core/if_stage_i/gen_prefetch_buffer_prefetch_buffer_i/fifo_i/u51/A1 (AO21D1BWP12T)
                                                        0.0000     2.4221 f
  x_sub_system/x_core/if_stage_i/gen_prefetch_buffer_prefetch_buffer_i/fifo_i/u51/Z (AO21D1BWP12T)
                                                        0.0645     2.4866 f
  x_sub_system/x_core/if_stage_i/gen_prefetch_buffer_prefetch_buffer_i/fifo_i/n274 (net)
                                                3       0.0000     2.4866 f
  x_sub_system/x_core/if_stage_i/gen_prefetch_buffer_prefetch_buffer_i/fifo_i/u46/I (CKND1BWP12T)
                                                        0.0000     2.4866 f
  x_sub_system/x_core/if_stage_i/gen_prefetch_buffer_prefetch_buffer_i/fifo_i/u46/ZN (CKND1BWP12T)
                                                        0.0208     2.5074 r
  x_sub_system/x_core/if_stage_i/gen_prefetch_buffer_prefetch_buffer_i/fifo_i/n362 (net)
                                                1       0.0000     2.5074 r
  x_sub_system/x_core/if_stage_i/gen_prefetch_buffer_prefetch_buffer_i/fifo_i/u74/A1 (NR2D2BWP12T)
                                                        0.0000     2.5074 r
  x_sub_system/x_core/if_stage_i/gen_prefetch_buffer_prefetch_buffer_i/fifo_i/u74/ZN (NR2D2BWP12T)
                                                        0.0303     2.5377 f
  x_sub_system/x_core/if_stage_i/gen_prefetch_buffer_prefetch_buffer_i/fifo_i/n313 (net)
                                               21       0.0000     2.5377 f
  x_sub_system/x_core/if_stage_i/gen_prefetch_buffer_prefetch_buffer_i/fifo_i/u277/C2 (AO222D0BWP12T)
                                                        0.0000     2.5377 f
  x_sub_system/x_core/if_stage_i/gen_prefetch_buffer_prefetch_buffer_i/fifo_i/u277/Z (AO222D0BWP12T)
                                                        0.1754     2.7131 f
  x_sub_system/x_core/if_stage_i/gen_prefetch_buffer_prefetch_buffer_i/fifo_i/n245 (net)
                                                1       0.0000     2.7131 f
  x_sub_system/x_core/if_stage_i/gen_prefetch_buffer_prefetch_buffer_i/fifo_i/instr_addr_q_reg_6_/D (DFQD1BWP12T)
                                                        0.0000     2.7131 f
  data arrival time                                                2.7131

  clock clk1 (rise edge)                                3.0000     3.0000
  clock network delay (ideal)                           0.0000     3.0000
  clock uncertainty                                    -0.3000     2.7000
  x_sub_system/x_core/if_stage_i/gen_prefetch_buffer_prefetch_buffer_i/fifo_i/instr_addr_q_reg_6_/CP (DFQD1BWP12T)
                                                        0.0000     2.7000 r
  library setup time                                    0.0133     2.7133
  data required time                                               2.7133
  --------------------------------------------------------------------------
  data required time                                               2.7133
  data arrival time                                               -2.7131
  --------------------------------------------------------------------------
  slack (MET)                                                      0.0002


  Startpoint: x_sub_system/x_core/if_stage_i/instr_rdata_alu_id_o_reg_2_
              (rising edge-triggered flip-flop clocked by clk1)
  Endpoint: x_sub_system/x_core/if_stage_i/gen_prefetch_buffer_prefetch_buffer_i/fifo_i/instr_addr_q_reg_5_
            (rising edge-triggered flip-flop clocked by clk1)
  Path Group: clk1
  Path Type: max

  Des/Clust/Port     Wire Load Model       Library
  ------------------------------------------------
  soc_ahblite_ibex_csr_32_0_0_5
                     ZeroWireload          tcbn65gplusbwp12twc
  soc_ahblite_ibex_fetch_fifo_00000002_0
                     ZeroWireload          tcbn65gplusbwp12twc
  soc_ahblite_ibex_counter_CounterWidth64_1
                     ZeroWireload          tcbn65gplusbwp12twc
  soc_ahblite_ibex_counter_CounterWidth64_0
                     ZeroWireload          tcbn65gplusbwp12twc
  soc_ahblite_ibex_csr_32_0_0_1
                     ZeroWireload          tcbn65gplusbwp12twc
  soc_ahblite_ibex_csr_32_0_0_2
                     ZeroWireload          tcbn65gplusbwp12twc
  soc_ahblite_ibex_csr_32_0_0_3
                     ZeroWireload          tcbn65gplusbwp12twc
  soc_ahblite_ibex_csr_32_0_40000003_0
                     ZeroWireload          tcbn65gplusbwp12twc
  soc_ahblite_ibex_csr_32_0_00000001_0
                     ZeroWireload          tcbn65gplusbwp12twc
  soc_ahblite_ibex_csr_6_0_0_0
                     ZeroWireload          tcbn65gplusbwp12twc
  soc_ahblite_ibex_csr_32_0_0_4
                     ZeroWireload          tcbn65gplusbwp12twc
  soc_ahblite_ibex_csr_18_0_0_0
                     ZeroWireload          tcbn65gplusbwp12twc
  soc_ahblite_ibex_csr_32_0_0_0
                     ZeroWireload          tcbn65gplusbwp12twc
  soc_ahblite_ibex_csr_6_0_10_0
                     ZeroWireload          tcbn65gplusbwp12twc
  soc_ahblite_ibex_multdiv_fast_RV32M2_0
                     ZeroWireload          tcbn65gplusbwp12twc
  soc_ahblite_ibex_controller_0_0_0
                     ZeroWireload          tcbn65gplusbwp12twc
  soc_ahblite_ibex_prefetch_buffer_0_0
                     ZeroWireload          tcbn65gplusbwp12twc
  soc_ahblite_ibex_cs_registers_0_00000001_0_0_0_0_00000000_00000028_0_00000000_00000004_0_2_0_0
                     ZeroWireload          tcbn65gplusbwp12twc
  soc_ahblite_ibex_load_store_unit_0
                     ZeroWireload          tcbn65gplusbwp12twc
  soc_ahblite_ibex_ex_block_2_0_0_0
                     ZeroWireload          tcbn65gplusbwp12twc
  soc_ahblite_ibex_id_stage_0_2_0_0_0_0_0_0_0
                     ZeroWireload          tcbn65gplusbwp12twc
  soc_ahblite_ibex_if_stage_00000000_00000000_0_0_0_0_0_0
                     ZeroWireload          tcbn65gplusbwp12twc
  soc_ahblite_prim_clock_gating_0
                     ZeroWireload          tcbn65gplusbwp12twc
  soc_ahblite_ibex_core_00000000_00000000_0
                     ZeroWireload          tcbn65gplusbwp12twc
  soc_ahblite_ibex_decoder_0_2_0_0_0
                     ZeroWireload          tcbn65gplusbwp12twc
  soc_ahblite_ibex_register_file_ff_0_00000020_0_0
                     ZeroWireload          tcbn65gplusbwp12twc
  soc_ahblite_ibex_alu_RV32B0_0
                     ZeroWireload          tcbn65gplusbwp12twc

  Point                                       Fanout      Incr       Path
  --------------------------------------------------------------------------
  clock clk1 (rise edge)                                0.0000     0.0000
  clock network delay (ideal)                           0.0000     0.0000
  x_sub_system/x_core/if_stage_i/instr_rdata_alu_id_o_reg_2_/CP (EDFCNQD1BWP12T)
                                                        0.0000     0.0000 r
  x_sub_system/x_core/if_stage_i/instr_rdata_alu_id_o_reg_2_/Q (EDFCNQD1BWP12T)
                                                        0.1396     0.1396 f
  x_sub_system/x_core/if_stage_i/instr_rdata_alu_id_o[2] (net)
                                                6       0.0000     0.1396 f
  x_sub_system/x_core/if_stage_i/instr_rdata_alu_id_o[2] (soc_ahblite_ibex_if_stage_00000000_00000000_0_0_0_0_0_0)
                                                        0.0000     0.1396 f
  x_sub_system/x_core/instr_rdata_alu_id[2] (net)       0.0000     0.1396 f
  x_sub_system/x_core/id_stage_i/instr_rdata_alu_i[2] (soc_ahblite_ibex_id_stage_0_2_0_0_0_0_0_0_0)
                                                        0.0000     0.1396 f
  x_sub_system/x_core/id_stage_i/instr_rdata_alu_i[2] (net)
                                                        0.0000     0.1396 f
  x_sub_system/x_core/id_stage_i/decoder_i/instr_rdata_alu_i[2] (soc_ahblite_ibex_decoder_0_2_0_0_0)
                                                        0.0000     0.1396 f
  x_sub_system/x_core/id_stage_i/decoder_i/instr_rdata_alu_i[2] (net)
                                                        0.0000     0.1396 f
  x_sub_system/x_core/id_stage_i/decoder_i/u46/I (CKND2BWP12T)
                                                        0.0000     0.1396 f
  x_sub_system/x_core/id_stage_i/decoder_i/u46/ZN (CKND2BWP12T)
                                                        0.0174     0.1570 r
  x_sub_system/x_core/id_stage_i/decoder_i/n137 (net)
                                                3       0.0000     0.1570 r
  x_sub_system/x_core/id_stage_i/decoder_i/u4/A1 (CKAN2D2BWP12T)
                                                        0.0000     0.1570 r
  x_sub_system/x_core/id_stage_i/decoder_i/u4/Z (CKAN2D2BWP12T)
                                                        0.0483     0.2053 r
  x_sub_system/x_core/id_stage_i/decoder_i/n274 (net)
                                                1       0.0000     0.2053 r
  x_sub_system/x_core/id_stage_i/decoder_i/u8/A2 (CKND2D8BWP12T)
                                                        0.0000     0.2053 r
  x_sub_system/x_core/id_stage_i/decoder_i/u8/ZN (CKND2D8BWP12T)
                                                        0.0241     0.2294 f
  x_sub_system/x_core/id_stage_i/decoder_i/n243 (net)
                                                4       0.0000     0.2294 f
  x_sub_system/x_core/id_stage_i/decoder_i/u24/A1 (NR2XD4BWP12T)
                                                        0.0000     0.2294 f
  x_sub_system/x_core/id_stage_i/decoder_i/u24/ZN (NR2XD4BWP12T)
                                                        0.0228     0.2522 r
  x_sub_system/x_core/id_stage_i/decoder_i/n252 (net)
                                                5       0.0000     0.2522 r
  x_sub_system/x_core/id_stage_i/decoder_i/u312/S (MUX2ND4BWP12T)
                                                        0.0000     0.2522 r
  x_sub_system/x_core/id_stage_i/decoder_i/u312/ZN (MUX2ND4BWP12T)
                                                        0.0899     0.3422 r
  x_sub_system/x_core/id_stage_i/decoder_i/rf_raddr_a_o[4] (net)
                                                6       0.0000     0.3422 r
  x_sub_system/x_core/id_stage_i/decoder_i/rf_raddr_a_o[4] (soc_ahblite_ibex_decoder_0_2_0_0_0)
                                                        0.0000     0.3422 r
  x_sub_system/x_core/id_stage_i/rf_raddr_a_o[4] (net)
                                                        0.0000     0.3422 r
  x_sub_system/x_core/id_stage_i/rf_raddr_a_o[4] (soc_ahblite_ibex_id_stage_0_2_0_0_0_0_0_0_0)
                                                        0.0000     0.3422 r
  x_sub_system/x_core/rf_raddr_a[4] (net)               0.0000     0.3422 r
  x_sub_system/x_core/gen_regfile_ff_register_file_i/raddr_a_i[4] (soc_ahblite_ibex_register_file_ff_0_00000020_0_0)
                                                        0.0000     0.3422 r
  x_sub_system/x_core/gen_regfile_ff_register_file_i/raddr_a_i[4] (net)
                                                        0.0000     0.3422 r
  x_sub_system/x_core/gen_regfile_ff_register_file_i/u272/I (INVD2BWP12T)
                                                        0.0000     0.3422 r
  x_sub_system/x_core/gen_regfile_ff_register_file_i/u272/ZN (INVD2BWP12T)
                                                        0.0204     0.3626 f
  x_sub_system/x_core/gen_regfile_ff_register_file_i/n129 (net)
                                                1       0.0000     0.3626 f
  x_sub_system/x_core/gen_regfile_ff_register_file_i/u224/A2 (ND3D4BWP12T)
                                                        0.0000     0.3626 f
  x_sub_system/x_core/gen_regfile_ff_register_file_i/u224/ZN (ND3D4BWP12T)
                                                        0.0269     0.3895 r
  x_sub_system/x_core/gen_regfile_ff_register_file_i/n154 (net)
                                                4       0.0000     0.3895 r
  x_sub_system/x_core/gen_regfile_ff_register_file_i/u190/A1 (NR2D4BWP12T)
                                                        0.0000     0.3895 r
  x_sub_system/x_core/gen_regfile_ff_register_file_i/u190/ZN (NR2D4BWP12T)
                                                        0.0162     0.4057 f
  x_sub_system/x_core/gen_regfile_ff_register_file_i/n145 (net)
                                                1       0.0000     0.4057 f
  x_sub_system/x_core/gen_regfile_ff_register_file_i/u205/I (BUFFD12BWP12T)
                                                        0.0000     0.4057 f
  x_sub_system/x_core/gen_regfile_ff_register_file_i/u205/Z (BUFFD12BWP12T)
                                                        0.0411     0.4468 f
  x_sub_system/x_core/gen_regfile_ff_register_file_i/n2620 (net)
                                               32       0.0000     0.4468 f
  x_sub_system/x_core/gen_regfile_ff_register_file_i/u1233/B1 (AOI22D0BWP12T)
                                                        0.0000     0.4468 f
  x_sub_system/x_core/gen_regfile_ff_register_file_i/u1233/ZN (AOI22D0BWP12T)
                                                        0.0645     0.5114 r
  x_sub_system/x_core/gen_regfile_ff_register_file_i/n238 (net)
                                                1       0.0000     0.5114 r
  x_sub_system/x_core/gen_regfile_ff_register_file_i/u1292/A3 (ND4D1BWP12T)
                                                        0.0000     0.5114 r
  x_sub_system/x_core/gen_regfile_ff_register_file_i/u1292/ZN (ND4D1BWP12T)
                                                        0.0560     0.5674 f
  x_sub_system/x_core/gen_regfile_ff_register_file_i/n251 (net)
                                                1       0.0000     0.5674 f
  x_sub_system/x_core/gen_regfile_ff_register_file_i/u1297/A2 (OR4D1BWP12T)
                                                        0.0000     0.5674 f
  x_sub_system/x_core/gen_regfile_ff_register_file_i/u1297/Z (OR4D1BWP12T)
                                                        0.1137     0.6810 f
  x_sub_system/x_core/gen_regfile_ff_register_file_i/rdata_a_o[5] (net)
                                                2       0.0000     0.6810 f
  x_sub_system/x_core/gen_regfile_ff_register_file_i/rdata_a_o[5] (soc_ahblite_ibex_register_file_ff_0_00000020_0_0)
                                                        0.0000     0.6810 f
  x_sub_system/x_core/rf_rdata_a[5] (net)               0.0000     0.6810 f
  x_sub_system/x_core/id_stage_i/rf_rdata_a_i[5] (soc_ahblite_ibex_id_stage_0_2_0_0_0_0_0_0_0)
                                                        0.0000     0.6810 f
  x_sub_system/x_core/id_stage_i/rf_rdata_a_i[5] (net)
                                                        0.0000     0.6810 f
  x_sub_system/x_core/id_stage_i/u8/I (CKBD4BWP12T)     0.0000     0.6810 f
  x_sub_system/x_core/id_stage_i/u8/Z (CKBD4BWP12T)     0.0379     0.7190 f
  x_sub_system/x_core/id_stage_i/multdiv_operand_a_ex_o[5] (net)
                                                4       0.0000     0.7190 f
  x_sub_system/x_core/id_stage_i/multdiv_operand_a_ex_o[5] (soc_ahblite_ibex_id_stage_0_2_0_0_0_0_0_0_0)
                                                        0.0000     0.7190 f
  x_sub_system/x_core/multdiv_operand_a_ex[5] (net)     0.0000     0.7190 f
  x_sub_system/x_core/ex_block_i/multdiv_operand_a_i[5] (soc_ahblite_ibex_ex_block_2_0_0_0)
                                                        0.0000     0.7190 f
  x_sub_system/x_core/ex_block_i/multdiv_operand_a_i[5] (net)
                                                        0.0000     0.7190 f
  x_sub_system/x_core/ex_block_i/gen_multdiv_fast_multdiv_i/op_a_i[5] (soc_ahblite_ibex_multdiv_fast_RV32M2_0)
                                                        0.0000     0.7190 f
  x_sub_system/x_core/ex_block_i/gen_multdiv_fast_multdiv_i/op_a_i[5] (net)
                                                        0.0000     0.7190 f
  x_sub_system/x_core/ex_block_i/gen_multdiv_fast_multdiv_i/u218/I0 (MUX2D4BWP12T)
                                                        0.0000     0.7190 f
  x_sub_system/x_core/ex_block_i/gen_multdiv_fast_multdiv_i/u218/Z (MUX2D4BWP12T)
                                                        0.0698     0.7888 f
  x_sub_system/x_core/ex_block_i/gen_multdiv_fast_multdiv_i/n92 (net)
                                                9       0.0000     0.7888 f
  x_sub_system/x_core/ex_block_i/gen_multdiv_fast_multdiv_i/u191/A1 (XNR2D0BWP12T)
                                                        0.0000     0.7888 f
  x_sub_system/x_core/ex_block_i/gen_multdiv_fast_multdiv_i/u191/ZN (XNR2D0BWP12T)
                                                        0.0885     0.8773 r
  x_sub_system/x_core/ex_block_i/gen_multdiv_fast_multdiv_i/n240 (net)
                                                2       0.0000     0.8773 r
  x_sub_system/x_core/ex_block_i/gen_multdiv_fast_multdiv_i/u24/B1 (OAI22D2BWP12T)
                                                        0.0000     0.8773 r
  x_sub_system/x_core/ex_block_i/gen_multdiv_fast_multdiv_i/u24/ZN (OAI22D2BWP12T)
                                                        0.0356     0.9129 f
  x_sub_system/x_core/ex_block_i/gen_multdiv_fast_multdiv_i/n233 (net)
                                                1       0.0000     0.9129 f
  x_sub_system/x_core/ex_block_i/gen_multdiv_fast_multdiv_i/u572/B (FA1D1BWP12T)
                                                        0.0000     0.9129 f
  x_sub_system/x_core/ex_block_i/gen_multdiv_fast_multdiv_i/u572/CO (FA1D1BWP12T)
                                                        0.1022     1.0151 f
  x_sub_system/x_core/ex_block_i/gen_multdiv_fast_multdiv_i/n264 (net)
                                                1       0.0000     1.0151 f
  x_sub_system/x_core/ex_block_i/gen_multdiv_fast_multdiv_i/u1059/A (FA1D2BWP12T)
                                                        0.0000     1.0151 f
  x_sub_system/x_core/ex_block_i/gen_multdiv_fast_multdiv_i/u1059/CO (FA1D2BWP12T)
                                                        0.1108     1.1259 f
  x_sub_system/x_core/ex_block_i/gen_multdiv_fast_multdiv_i/n631 (net)
                                                1       0.0000     1.1259 f
  x_sub_system/x_core/ex_block_i/gen_multdiv_fast_multdiv_i/u722/A (FA1D1BWP12T)
                                                        0.0000     1.1259 f
  x_sub_system/x_core/ex_block_i/gen_multdiv_fast_multdiv_i/u722/CO (FA1D1BWP12T)
                                                        0.1086     1.2345 f
  x_sub_system/x_core/ex_block_i/gen_multdiv_fast_multdiv_i/n636 (net)
                                                1       0.0000     1.2345 f
  x_sub_system/x_core/ex_block_i/gen_multdiv_fast_multdiv_i/u411/B (FA1D1BWP12T)
                                                        0.0000     1.2345 f
  x_sub_system/x_core/ex_block_i/gen_multdiv_fast_multdiv_i/u411/CO (FA1D1BWP12T)
                                                        0.1052     1.3397 f
  x_sub_system/x_core/ex_block_i/gen_multdiv_fast_multdiv_i/n971 (net)
                                                3       0.0000     1.3397 f
  x_sub_system/x_core/ex_block_i/gen_multdiv_fast_multdiv_i/u325/A2 (ND2D1BWP12T)
                                                        0.0000     1.3397 f
  x_sub_system/x_core/ex_block_i/gen_multdiv_fast_multdiv_i/u325/ZN (ND2D1BWP12T)
                                                        0.0371     1.3768 r
  x_sub_system/x_core/ex_block_i/gen_multdiv_fast_multdiv_i/n973 (net)
                                                2       0.0000     1.3768 r
  x_sub_system/x_core/ex_block_i/gen_multdiv_fast_multdiv_i/u67/B (OAI21D4BWP12T)
                                                        0.0000     1.3768 r
  x_sub_system/x_core/ex_block_i/gen_multdiv_fast_multdiv_i/u67/ZN (OAI21D4BWP12T)
                                                        0.0377     1.4145 f
  x_sub_system/x_core/ex_block_i/gen_multdiv_fast_multdiv_i/n909 (net)
                                                3       0.0000     1.4145 f
  x_sub_system/x_core/ex_block_i/gen_multdiv_fast_multdiv_i/u303/A1 (AOI21D4BWP12T)
                                                        0.0000     1.4145 f
  x_sub_system/x_core/ex_block_i/gen_multdiv_fast_multdiv_i/u303/ZN (AOI21D4BWP12T)
                                                        0.0368     1.4513 r
  x_sub_system/x_core/ex_block_i/gen_multdiv_fast_multdiv_i/n958 (net)
                                                8       0.0000     1.4513 r
  x_sub_system/x_core/ex_block_i/gen_multdiv_fast_multdiv_i/u122/A1 (OAI21D1BWP12T)
                                                        0.0000     1.4513 r
  x_sub_system/x_core/ex_block_i/gen_multdiv_fast_multdiv_i/u122/ZN (OAI21D1BWP12T)
                                                        0.0278     1.4790 f
  x_sub_system/x_core/ex_block_i/gen_multdiv_fast_multdiv_i/n878 (net)
                                                1       0.0000     1.4790 f
  x_sub_system/x_core/ex_block_i/gen_multdiv_fast_multdiv_i/u356/B (AOI21D1BWP12T)
                                                        0.0000     1.4790 f
  x_sub_system/x_core/ex_block_i/gen_multdiv_fast_multdiv_i/u356/ZN (AOI21D1BWP12T)
                                                        0.0502     1.5293 r
  x_sub_system/x_core/ex_block_i/gen_multdiv_fast_multdiv_i/n882 (net)
                                                1       0.0000     1.5293 r
  x_sub_system/x_core/ex_block_i/gen_multdiv_fast_multdiv_i/u461/A1 (XOR2D1BWP12T)
                                                        0.0000     1.5293 r
  x_sub_system/x_core/ex_block_i/gen_multdiv_fast_multdiv_i/u461/Z (XOR2D1BWP12T)
                                                        0.0742     1.6035 f
  x_sub_system/x_core/ex_block_i/gen_multdiv_fast_multdiv_i/n890 (net)
                                                2       0.0000     1.6035 f
  x_sub_system/x_core/ex_block_i/gen_multdiv_fast_multdiv_i/u8/A1 (OAI21D1BWP12T)
                                                        0.0000     1.6035 f
  x_sub_system/x_core/ex_block_i/gen_multdiv_fast_multdiv_i/u8/ZN (OAI21D1BWP12T)
                                                        0.0322     1.6357 r
  x_sub_system/x_core/ex_block_i/gen_multdiv_fast_multdiv_i/n1789 (net)
                                                1       0.0000     1.6357 r
  x_sub_system/x_core/ex_block_i/gen_multdiv_fast_multdiv_i/u11/A1 (CKND2D2BWP12T)
                                                        0.0000     1.6357 r
  x_sub_system/x_core/ex_block_i/gen_multdiv_fast_multdiv_i/u11/ZN (CKND2D2BWP12T)
                                                        0.0310     1.6667 f
  x_sub_system/x_core/ex_block_i/gen_multdiv_fast_multdiv_i/multdiv_result_o[26] (net)
                                                2       0.0000     1.6667 f
  x_sub_system/x_core/ex_block_i/gen_multdiv_fast_multdiv_i/multdiv_result_o[26] (soc_ahblite_ibex_multdiv_fast_RV32M2_0)
                                                        0.0000     1.6667 f
  x_sub_system/x_core/ex_block_i/multdiv_result[26] (net)
                                                        0.0000     1.6667 f
  x_sub_system/x_core/ex_block_i/u61/A1 (ND2D2BWP12T)   0.0000     1.6667 f
  x_sub_system/x_core/ex_block_i/u61/ZN (ND2D2BWP12T)   0.0186     1.6853 r
  x_sub_system/x_core/ex_block_i/n88 (net)      1       0.0000     1.6853 r
  x_sub_system/x_core/ex_block_i/u13/B (IOA21D2BWP12T)
                                                        0.0000     1.6853 r
  x_sub_system/x_core/ex_block_i/u13/ZN (IOA21D2BWP12T)
                                                        0.0265     1.7119 f
  x_sub_system/x_core/ex_block_i/alu_operand_b_i_true[26] (net)
                                                4       0.0000     1.7119 f
  x_sub_system/x_core/ex_block_i/alu_i/operand_b_i[26] (soc_ahblite_ibex_alu_RV32B0_0)
                                                        0.0000     1.7119 f
  x_sub_system/x_core/ex_block_i/alu_i/operand_b_i[26] (net)
                                                        0.0000     1.7119 f
  x_sub_system/x_core/ex_block_i/alu_i/u476/S (MUX2ND0BWP12T)
                                                        0.0000     1.7119 f
  x_sub_system/x_core/ex_block_i/alu_i/u476/ZN (MUX2ND0BWP12T)
                                                        0.0602     1.7721 f
  x_sub_system/x_core/ex_block_i/alu_i/n170 (net)
                                                1       0.0000     1.7721 f
  x_sub_system/x_core/ex_block_i/alu_i/u153/A1 (ND2D2BWP12T)
                                                        0.0000     1.7721 f
  x_sub_system/x_core/ex_block_i/alu_i/u153/ZN (ND2D2BWP12T)
                                                        0.0338     1.8059 r
  x_sub_system/x_core/ex_block_i/alu_i/n180 (net)
                                                2       0.0000     1.8059 r
  x_sub_system/x_core/ex_block_i/alu_i/u150/A1 (NR2XD2BWP12T)
                                                        0.0000     1.8059 r
  x_sub_system/x_core/ex_block_i/alu_i/u150/ZN (NR2XD2BWP12T)
                                                        0.0265     1.8324 f
  x_sub_system/x_core/ex_block_i/alu_i/n236 (net)
                                                3       0.0000     1.8324 f
  x_sub_system/x_core/ex_block_i/alu_i/u24/A2 (NR2XD2BWP12T)
                                                        0.0000     1.8324 f
  x_sub_system/x_core/ex_block_i/alu_i/u24/ZN (NR2XD2BWP12T)
                                                        0.0369     1.8693 r
  x_sub_system/x_core/ex_block_i/alu_i/n182 (net)
                                                2       0.0000     1.8693 r
  x_sub_system/x_core/ex_block_i/alu_i/u25/A2 (ND2D2BWP12T)
                                                        0.0000     1.8693 r
  x_sub_system/x_core/ex_block_i/alu_i/u25/ZN (ND2D2BWP12T)
                                                        0.0265     1.8958 f
  x_sub_system/x_core/ex_block_i/alu_i/n248 (net)
                                                3       0.0000     1.8958 f
  x_sub_system/x_core/ex_block_i/alu_i/u136/A1 (NR2XD0BWP12T)
                                                        0.0000     1.8958 f
  x_sub_system/x_core/ex_block_i/alu_i/u136/ZN (NR2XD0BWP12T)
                                                        0.0255     1.9213 r
  x_sub_system/x_core/ex_block_i/alu_i/n195 (net)
                                                1       0.0000     1.9213 r
  x_sub_system/x_core/ex_block_i/alu_i/u50/A1 (AN2D2BWP12T)
                                                        0.0000     1.9213 r
  x_sub_system/x_core/ex_block_i/alu_i/u50/Z (AN2D2BWP12T)
                                                        0.0472     1.9684 r
  x_sub_system/x_core/ex_block_i/alu_i/n9 (net)
                                                1       0.0000     1.9684 r
  x_sub_system/x_core/ex_block_i/alu_i/u230/A1 (NR2D3BWP12T)
                                                        0.0000     1.9684 r
  x_sub_system/x_core/ex_block_i/alu_i/u230/ZN (NR2D3BWP12T)
                                                        0.0150     1.9835 f
  x_sub_system/x_core/ex_block_i/alu_i/n260 (net)
                                                2       0.0000     1.9835 f
  x_sub_system/x_core/ex_block_i/alu_i/u106/A1 (OAI21D4BWP12T)
                                                        0.0000     1.9835 f
  x_sub_system/x_core/ex_block_i/alu_i/u106/ZN (OAI21D4BWP12T)
                                                        0.0310     2.0144 r
  x_sub_system/x_core/ex_block_i/alu_i/n210 (net)
                                                2       0.0000     2.0144 r
  x_sub_system/x_core/ex_block_i/alu_i/u77/B (IOA21D2BWP12T)
                                                        0.0000     2.0144 r
  x_sub_system/x_core/ex_block_i/alu_i/u77/ZN (IOA21D2BWP12T)
                                                        0.0212     2.0356 f
  x_sub_system/x_core/ex_block_i/alu_i/n213 (net)
                                                1       0.0000     2.0356 f
  x_sub_system/x_core/ex_block_i/alu_i/u125/B (IOA21D2BWP12T)
                                                        0.0000     2.0356 f
  x_sub_system/x_core/ex_block_i/alu_i/u125/ZN (IOA21D2BWP12T)
                                                        0.0146     2.0502 r
  x_sub_system/x_core/ex_block_i/alu_i/n224 (net)
                                                1       0.0000     2.0502 r
  x_sub_system/x_core/ex_block_i/alu_i/u123/A1 (XOR2D2BWP12T)
                                                        0.0000     2.0502 r
  x_sub_system/x_core/ex_block_i/alu_i/u123/Z (XOR2D2BWP12T)
                                                        0.0817     2.1319 f
  x_sub_system/x_core/ex_block_i/alu_i/adder_result_o[31] (net)
                                                5       0.0000     2.1319 f
  x_sub_system/x_core/ex_block_i/alu_i/u122/A1 (ND2D1BWP12T)
                                                        0.0000     2.1319 f
  x_sub_system/x_core/ex_block_i/alu_i/u122/ZN (ND2D1BWP12T)
                                                        0.0264     2.1582 r
  x_sub_system/x_core/ex_block_i/alu_i/n425 (net)
                                                1       0.0000     2.1582 r
  x_sub_system/x_core/ex_block_i/alu_i/u102/A1 (ND3D2BWP12T)
                                                        0.0000     2.1582 r
  x_sub_system/x_core/ex_block_i/alu_i/u102/ZN (ND3D2BWP12T)
                                                        0.0251     2.1834 f
  x_sub_system/x_core/ex_block_i/alu_i/n426 (net)
                                                1       0.0000     2.1834 f
  x_sub_system/x_core/ex_block_i/alu_i/u105/A2 (NR2XD1BWP12T)
                                                        0.0000     2.1834 f
  x_sub_system/x_core/ex_block_i/alu_i/u105/ZN (NR2XD1BWP12T)
                                                        0.0284     2.2118 r
  x_sub_system/x_core/ex_block_i/alu_i/n427 (net)
                                                1       0.0000     2.2118 r
  x_sub_system/x_core/ex_block_i/alu_i/u12/A2 (CKND2D2BWP12T)
                                                        0.0000     2.2118 r
  x_sub_system/x_core/ex_block_i/alu_i/u12/ZN (CKND2D2BWP12T)
                                                        0.0237     2.2355 f
  x_sub_system/x_core/ex_block_i/alu_i/comparison_result_o (net)
                                                2       0.0000     2.2355 f
  x_sub_system/x_core/ex_block_i/alu_i/comparison_result_o (soc_ahblite_ibex_alu_RV32B0_0)
                                                        0.0000     2.2355 f
  x_sub_system/x_core/ex_block_i/branch_decision_o (net)
                                                        0.0000     2.2355 f
  x_sub_system/x_core/ex_block_i/branch_decision_o (soc_ahblite_ibex_ex_block_2_0_0_0)
                                                        0.0000     2.2355 f
  x_sub_system/x_core/branch_decision (net)             0.0000     2.2355 f
  x_sub_system/x_core/id_stage_i/branch_decision_i (soc_ahblite_ibex_id_stage_0_2_0_0_0_0_0_0_0)
                                                        0.0000     2.2355 f
  x_sub_system/x_core/id_stage_i/branch_decision_i (net)
                                                        0.0000     2.2355 f
  x_sub_system/x_core/id_stage_i/u60/A1 (ND2D2BWP12T)   0.0000     2.2355 f
  x_sub_system/x_core/id_stage_i/u60/ZN (ND2D2BWP12T)   0.0189     2.2545 r
  x_sub_system/x_core/id_stage_i/n167 (net)     3       0.0000     2.2545 r
  x_sub_system/x_core/id_stage_i/u67/A1 (ND2D2BWP12T)   0.0000     2.2545 r
  x_sub_system/x_core/id_stage_i/u67/ZN (ND2D2BWP12T)   0.0182     2.2726 f
  x_sub_system/x_core/id_stage_i/n118 (net)     1       0.0000     2.2726 f
  x_sub_system/x_core/id_stage_i/u21/I (INVD2BWP12T)    0.0000     2.2726 f
  x_sub_system/x_core/id_stage_i/u21/ZN (INVD2BWP12T)   0.0191     2.2918 r
  x_sub_system/x_core/id_stage_i/csr_op_en_o (net)
                                                3       0.0000     2.2918 r
  x_sub_system/x_core/id_stage_i/u19/A1 (CKAN2D2BWP12T)
                                                        0.0000     2.2918 r
  x_sub_system/x_core/id_stage_i/u19/Z (CKAN2D2BWP12T)
                                                        0.0428     2.3346 r
  x_sub_system/x_core/id_stage_i/n51 (net)      2       0.0000     2.3346 r
  x_sub_system/x_core/id_stage_i/controller_i/csr_pipe_flush_i (soc_ahblite_ibex_controller_0_0_0)
                                                        0.0000     2.3346 r
  x_sub_system/x_core/id_stage_i/controller_i/csr_pipe_flush_i (net)
                                                        0.0000     2.3346 r
  x_sub_system/x_core/id_stage_i/controller_i/u18/A1 (ND2D1BWP12T)
                                                        0.0000     2.3346 r
  x_sub_system/x_core/id_stage_i/controller_i/u18/ZN (ND2D1BWP12T)
                                                        0.0264     2.3610 f
  x_sub_system/x_core/id_stage_i/controller_i/n265 (net)
                                                1       0.0000     2.3610 f
  x_sub_system/x_core/id_stage_i/controller_i/u9/A1 (CKND2D4BWP12T)
                                                        0.0000     2.3610 f
  x_sub_system/x_core/id_stage_i/controller_i/u9/ZN (CKND2D4BWP12T)
                                                        0.0309     2.3919 r
  x_sub_system/x_core/id_stage_i/controller_i/n266 (net)
                                                1       0.0000     2.3919 r
  x_sub_system/x_core/id_stage_i/controller_i/u6/B (AOI211XD4BWP12T)
                                                        0.0000     2.3919 r
  x_sub_system/x_core/id_stage_i/controller_i/u6/ZN (AOI211XD4BWP12T)
                                                        0.0302     2.4221 f
  x_sub_system/x_core/id_stage_i/controller_i/id_in_ready_o (net)
                                                6       0.0000     2.4221 f
  x_sub_system/x_core/id_stage_i/controller_i/id_in_ready_o (soc_ahblite_ibex_controller_0_0_0)
                                                        0.0000     2.4221 f
  x_sub_system/x_core/id_stage_i/id_in_ready_o (net)    0.0000     2.4221 f
  x_sub_system/x_core/id_stage_i/id_in_ready_o (soc_ahblite_ibex_id_stage_0_2_0_0_0_0_0_0_0)
                                                        0.0000     2.4221 f
  x_sub_system/x_core/id_in_ready (net)                 0.0000     2.4221 f
  x_sub_system/x_core/if_stage_i/id_in_ready_i (soc_ahblite_ibex_if_stage_00000000_00000000_0_0_0_0_0_0)
                                                        0.0000     2.4221 f
  x_sub_system/x_core/if_stage_i/id_in_ready_i (net)    0.0000     2.4221 f
  x_sub_system/x_core/if_stage_i/gen_prefetch_buffer_prefetch_buffer_i/ready_i (soc_ahblite_ibex_prefetch_buffer_0_0)
                                                        0.0000     2.4221 f
  x_sub_system/x_core/if_stage_i/gen_prefetch_buffer_prefetch_buffer_i/ready_i (net)
                                                        0.0000     2.4221 f
  x_sub_system/x_core/if_stage_i/gen_prefetch_buffer_prefetch_buffer_i/fifo_i/out_ready_i (soc_ahblite_ibex_fetch_fifo_00000002_0)
                                                        0.0000     2.4221 f
  x_sub_system/x_core/if_stage_i/gen_prefetch_buffer_prefetch_buffer_i/fifo_i/out_ready_i (net)
                                                        0.0000     2.4221 f
  x_sub_system/x_core/if_stage_i/gen_prefetch_buffer_prefetch_buffer_i/fifo_i/u51/A1 (AO21D1BWP12T)
                                                        0.0000     2.4221 f
  x_sub_system/x_core/if_stage_i/gen_prefetch_buffer_prefetch_buffer_i/fifo_i/u51/Z (AO21D1BWP12T)
                                                        0.0645     2.4866 f
  x_sub_system/x_core/if_stage_i/gen_prefetch_buffer_prefetch_buffer_i/fifo_i/n274 (net)
                                                3       0.0000     2.4866 f
  x_sub_system/x_core/if_stage_i/gen_prefetch_buffer_prefetch_buffer_i/fifo_i/u46/I (CKND1BWP12T)
                                                        0.0000     2.4866 f
  x_sub_system/x_core/if_stage_i/gen_prefetch_buffer_prefetch_buffer_i/fifo_i/u46/ZN (CKND1BWP12T)
                                                        0.0208     2.5074 r
  x_sub_system/x_core/if_stage_i/gen_prefetch_buffer_prefetch_buffer_i/fifo_i/n362 (net)
                                                1       0.0000     2.5074 r
  x_sub_system/x_core/if_stage_i/gen_prefetch_buffer_prefetch_buffer_i/fifo_i/u74/A1 (NR2D2BWP12T)
                                                        0.0000     2.5074 r
  x_sub_system/x_core/if_stage_i/gen_prefetch_buffer_prefetch_buffer_i/fifo_i/u74/ZN (NR2D2BWP12T)
                                                        0.0303     2.5377 f
  x_sub_system/x_core/if_stage_i/gen_prefetch_buffer_prefetch_buffer_i/fifo_i/n313 (net)
                                               21       0.0000     2.5377 f
  x_sub_system/x_core/if_stage_i/gen_prefetch_buffer_prefetch_buffer_i/fifo_i/u276/C2 (AO222D0BWP12T)
                                                        0.0000     2.5377 f
  x_sub_system/x_core/if_stage_i/gen_prefetch_buffer_prefetch_buffer_i/fifo_i/u276/Z (AO222D0BWP12T)
                                                        0.1754     2.7131 f
  x_sub_system/x_core/if_stage_i/gen_prefetch_buffer_prefetch_buffer_i/fifo_i/n246 (net)
                                                1       0.0000     2.7131 f
  x_sub_system/x_core/if_stage_i/gen_prefetch_buffer_prefetch_buffer_i/fifo_i/instr_addr_q_reg_5_/D (DFQD1BWP12T)
                                                        0.0000     2.7131 f
  data arrival time                                                2.7131

  clock clk1 (rise edge)                                3.0000     3.0000
  clock network delay (ideal)                           0.0000     3.0000
  clock uncertainty                                    -0.3000     2.7000
  x_sub_system/x_core/if_stage_i/gen_prefetch_buffer_prefetch_buffer_i/fifo_i/instr_addr_q_reg_5_/CP (DFQD1BWP12T)
                                                        0.0000     2.7000 r
  library setup time                                    0.0133     2.7133
  data required time                                               2.7133
  --------------------------------------------------------------------------
  data required time                                               2.7133
  data arrival time                                               -2.7131
  --------------------------------------------------------------------------
  slack (MET)                                                      0.0002


  Startpoint: x_sub_system/x_core/if_stage_i/instr_rdata_alu_id_o_reg_2_
              (rising edge-triggered flip-flop clocked by clk1)
  Endpoint: x_sub_system/x_core/if_stage_i/gen_prefetch_buffer_prefetch_buffer_i/fifo_i/instr_addr_q_reg_3_
            (rising edge-triggered flip-flop clocked by clk1)
  Path Group: clk1
  Path Type: max

  Des/Clust/Port     Wire Load Model       Library
  ------------------------------------------------
  soc_ahblite_ibex_csr_32_0_0_5
                     ZeroWireload          tcbn65gplusbwp12twc
  soc_ahblite_ibex_fetch_fifo_00000002_0
                     ZeroWireload          tcbn65gplusbwp12twc
  soc_ahblite_ibex_counter_CounterWidth64_1
                     ZeroWireload          tcbn65gplusbwp12twc
  soc_ahblite_ibex_counter_CounterWidth64_0
                     ZeroWireload          tcbn65gplusbwp12twc
  soc_ahblite_ibex_csr_32_0_0_1
                     ZeroWireload          tcbn65gplusbwp12twc
  soc_ahblite_ibex_csr_32_0_0_2
                     ZeroWireload          tcbn65gplusbwp12twc
  soc_ahblite_ibex_csr_32_0_0_3
                     ZeroWireload          tcbn65gplusbwp12twc
  soc_ahblite_ibex_csr_32_0_40000003_0
                     ZeroWireload          tcbn65gplusbwp12twc
  soc_ahblite_ibex_csr_32_0_00000001_0
                     ZeroWireload          tcbn65gplusbwp12twc
  soc_ahblite_ibex_csr_6_0_0_0
                     ZeroWireload          tcbn65gplusbwp12twc
  soc_ahblite_ibex_csr_32_0_0_4
                     ZeroWireload          tcbn65gplusbwp12twc
  soc_ahblite_ibex_csr_18_0_0_0
                     ZeroWireload          tcbn65gplusbwp12twc
  soc_ahblite_ibex_csr_32_0_0_0
                     ZeroWireload          tcbn65gplusbwp12twc
  soc_ahblite_ibex_csr_6_0_10_0
                     ZeroWireload          tcbn65gplusbwp12twc
  soc_ahblite_ibex_multdiv_fast_RV32M2_0
                     ZeroWireload          tcbn65gplusbwp12twc
  soc_ahblite_ibex_controller_0_0_0
                     ZeroWireload          tcbn65gplusbwp12twc
  soc_ahblite_ibex_prefetch_buffer_0_0
                     ZeroWireload          tcbn65gplusbwp12twc
  soc_ahblite_ibex_cs_registers_0_00000001_0_0_0_0_00000000_00000028_0_00000000_00000004_0_2_0_0
                     ZeroWireload          tcbn65gplusbwp12twc
  soc_ahblite_ibex_load_store_unit_0
                     ZeroWireload          tcbn65gplusbwp12twc
  soc_ahblite_ibex_ex_block_2_0_0_0
                     ZeroWireload          tcbn65gplusbwp12twc
  soc_ahblite_ibex_id_stage_0_2_0_0_0_0_0_0_0
                     ZeroWireload          tcbn65gplusbwp12twc
  soc_ahblite_ibex_if_stage_00000000_00000000_0_0_0_0_0_0
                     ZeroWireload          tcbn65gplusbwp12twc
  soc_ahblite_prim_clock_gating_0
                     ZeroWireload          tcbn65gplusbwp12twc
  soc_ahblite_ibex_core_00000000_00000000_0
                     ZeroWireload          tcbn65gplusbwp12twc
  soc_ahblite_ibex_decoder_0_2_0_0_0
                     ZeroWireload          tcbn65gplusbwp12twc
  soc_ahblite_ibex_register_file_ff_0_00000020_0_0
                     ZeroWireload          tcbn65gplusbwp12twc
  soc_ahblite_ibex_alu_RV32B0_0
                     ZeroWireload          tcbn65gplusbwp12twc

  Point                                       Fanout      Incr       Path
  --------------------------------------------------------------------------
  clock clk1 (rise edge)                                0.0000     0.0000
  clock network delay (ideal)                           0.0000     0.0000
  x_sub_system/x_core/if_stage_i/instr_rdata_alu_id_o_reg_2_/CP (EDFCNQD1BWP12T)
                                                        0.0000     0.0000 r
  x_sub_system/x_core/if_stage_i/instr_rdata_alu_id_o_reg_2_/Q (EDFCNQD1BWP12T)
                                                        0.1396     0.1396 f
  x_sub_system/x_core/if_stage_i/instr_rdata_alu_id_o[2] (net)
                                                6       0.0000     0.1396 f
  x_sub_system/x_core/if_stage_i/instr_rdata_alu_id_o[2] (soc_ahblite_ibex_if_stage_00000000_00000000_0_0_0_0_0_0)
                                                        0.0000     0.1396 f
  x_sub_system/x_core/instr_rdata_alu_id[2] (net)       0.0000     0.1396 f
  x_sub_system/x_core/id_stage_i/instr_rdata_alu_i[2] (soc_ahblite_ibex_id_stage_0_2_0_0_0_0_0_0_0)
                                                        0.0000     0.1396 f
  x_sub_system/x_core/id_stage_i/instr_rdata_alu_i[2] (net)
                                                        0.0000     0.1396 f
  x_sub_system/x_core/id_stage_i/decoder_i/instr_rdata_alu_i[2] (soc_ahblite_ibex_decoder_0_2_0_0_0)
                                                        0.0000     0.1396 f
  x_sub_system/x_core/id_stage_i/decoder_i/instr_rdata_alu_i[2] (net)
                                                        0.0000     0.1396 f
  x_sub_system/x_core/id_stage_i/decoder_i/u46/I (CKND2BWP12T)
                                                        0.0000     0.1396 f
  x_sub_system/x_core/id_stage_i/decoder_i/u46/ZN (CKND2BWP12T)
                                                        0.0174     0.1570 r
  x_sub_system/x_core/id_stage_i/decoder_i/n137 (net)
                                                3       0.0000     0.1570 r
  x_sub_system/x_core/id_stage_i/decoder_i/u4/A1 (CKAN2D2BWP12T)
                                                        0.0000     0.1570 r
  x_sub_system/x_core/id_stage_i/decoder_i/u4/Z (CKAN2D2BWP12T)
                                                        0.0483     0.2053 r
  x_sub_system/x_core/id_stage_i/decoder_i/n274 (net)
                                                1       0.0000     0.2053 r
  x_sub_system/x_core/id_stage_i/decoder_i/u8/A2 (CKND2D8BWP12T)
                                                        0.0000     0.2053 r
  x_sub_system/x_core/id_stage_i/decoder_i/u8/ZN (CKND2D8BWP12T)
                                                        0.0241     0.2294 f
  x_sub_system/x_core/id_stage_i/decoder_i/n243 (net)
                                                4       0.0000     0.2294 f
  x_sub_system/x_core/id_stage_i/decoder_i/u24/A1 (NR2XD4BWP12T)
                                                        0.0000     0.2294 f
  x_sub_system/x_core/id_stage_i/decoder_i/u24/ZN (NR2XD4BWP12T)
                                                        0.0228     0.2522 r
  x_sub_system/x_core/id_stage_i/decoder_i/n252 (net)
                                                5       0.0000     0.2522 r
  x_sub_system/x_core/id_stage_i/decoder_i/u312/S (MUX2ND4BWP12T)
                                                        0.0000     0.2522 r
  x_sub_system/x_core/id_stage_i/decoder_i/u312/ZN (MUX2ND4BWP12T)
                                                        0.0899     0.3422 r
  x_sub_system/x_core/id_stage_i/decoder_i/rf_raddr_a_o[4] (net)
                                                6       0.0000     0.3422 r
  x_sub_system/x_core/id_stage_i/decoder_i/rf_raddr_a_o[4] (soc_ahblite_ibex_decoder_0_2_0_0_0)
                                                        0.0000     0.3422 r
  x_sub_system/x_core/id_stage_i/rf_raddr_a_o[4] (net)
                                                        0.0000     0.3422 r
  x_sub_system/x_core/id_stage_i/rf_raddr_a_o[4] (soc_ahblite_ibex_id_stage_0_2_0_0_0_0_0_0_0)
                                                        0.0000     0.3422 r
  x_sub_system/x_core/rf_raddr_a[4] (net)               0.0000     0.3422 r
  x_sub_system/x_core/gen_regfile_ff_register_file_i/raddr_a_i[4] (soc_ahblite_ibex_register_file_ff_0_00000020_0_0)
                                                        0.0000     0.3422 r
  x_sub_system/x_core/gen_regfile_ff_register_file_i/raddr_a_i[4] (net)
                                                        0.0000     0.3422 r
  x_sub_system/x_core/gen_regfile_ff_register_file_i/u272/I (INVD2BWP12T)
                                                        0.0000     0.3422 r
  x_sub_system/x_core/gen_regfile_ff_register_file_i/u272/ZN (INVD2BWP12T)
                                                        0.0204     0.3626 f
  x_sub_system/x_core/gen_regfile_ff_register_file_i/n129 (net)
                                                1       0.0000     0.3626 f
  x_sub_system/x_core/gen_regfile_ff_register_file_i/u224/A2 (ND3D4BWP12T)
                                                        0.0000     0.3626 f
  x_sub_system/x_core/gen_regfile_ff_register_file_i/u224/ZN (ND3D4BWP12T)
                                                        0.0269     0.3895 r
  x_sub_system/x_core/gen_regfile_ff_register_file_i/n154 (net)
                                                4       0.0000     0.3895 r
  x_sub_system/x_core/gen_regfile_ff_register_file_i/u190/A1 (NR2D4BWP12T)
                                                        0.0000     0.3895 r
  x_sub_system/x_core/gen_regfile_ff_register_file_i/u190/ZN (NR2D4BWP12T)
                                                        0.0162     0.4057 f
  x_sub_system/x_core/gen_regfile_ff_register_file_i/n145 (net)
                                                1       0.0000     0.4057 f
  x_sub_system/x_core/gen_regfile_ff_register_file_i/u205/I (BUFFD12BWP12T)
                                                        0.0000     0.4057 f
  x_sub_system/x_core/gen_regfile_ff_register_file_i/u205/Z (BUFFD12BWP12T)
                                                        0.0411     0.4468 f
  x_sub_system/x_core/gen_regfile_ff_register_file_i/n2620 (net)
                                               32       0.0000     0.4468 f
  x_sub_system/x_core/gen_regfile_ff_register_file_i/u1233/B1 (AOI22D0BWP12T)
                                                        0.0000     0.4468 f
  x_sub_system/x_core/gen_regfile_ff_register_file_i/u1233/ZN (AOI22D0BWP12T)
                                                        0.0645     0.5114 r
  x_sub_system/x_core/gen_regfile_ff_register_file_i/n238 (net)
                                                1       0.0000     0.5114 r
  x_sub_system/x_core/gen_regfile_ff_register_file_i/u1292/A3 (ND4D1BWP12T)
                                                        0.0000     0.5114 r
  x_sub_system/x_core/gen_regfile_ff_register_file_i/u1292/ZN (ND4D1BWP12T)
                                                        0.0560     0.5674 f
  x_sub_system/x_core/gen_regfile_ff_register_file_i/n251 (net)
                                                1       0.0000     0.5674 f
  x_sub_system/x_core/gen_regfile_ff_register_file_i/u1297/A2 (OR4D1BWP12T)
                                                        0.0000     0.5674 f
  x_sub_system/x_core/gen_regfile_ff_register_file_i/u1297/Z (OR4D1BWP12T)
                                                        0.1137     0.6810 f
  x_sub_system/x_core/gen_regfile_ff_register_file_i/rdata_a_o[5] (net)
                                                2       0.0000     0.6810 f
  x_sub_system/x_core/gen_regfile_ff_register_file_i/rdata_a_o[5] (soc_ahblite_ibex_register_file_ff_0_00000020_0_0)
                                                        0.0000     0.6810 f
  x_sub_system/x_core/rf_rdata_a[5] (net)               0.0000     0.6810 f
  x_sub_system/x_core/id_stage_i/rf_rdata_a_i[5] (soc_ahblite_ibex_id_stage_0_2_0_0_0_0_0_0_0)
                                                        0.0000     0.6810 f
  x_sub_system/x_core/id_stage_i/rf_rdata_a_i[5] (net)
                                                        0.0000     0.6810 f
  x_sub_system/x_core/id_stage_i/u8/I (CKBD4BWP12T)     0.0000     0.6810 f
  x_sub_system/x_core/id_stage_i/u8/Z (CKBD4BWP12T)     0.0379     0.7190 f
  x_sub_system/x_core/id_stage_i/multdiv_operand_a_ex_o[5] (net)
                                                4       0.0000     0.7190 f
  x_sub_system/x_core/id_stage_i/multdiv_operand_a_ex_o[5] (soc_ahblite_ibex_id_stage_0_2_0_0_0_0_0_0_0)
                                                        0.0000     0.7190 f
  x_sub_system/x_core/multdiv_operand_a_ex[5] (net)     0.0000     0.7190 f
  x_sub_system/x_core/ex_block_i/multdiv_operand_a_i[5] (soc_ahblite_ibex_ex_block_2_0_0_0)
                                                        0.0000     0.7190 f
  x_sub_system/x_core/ex_block_i/multdiv_operand_a_i[5] (net)
                                                        0.0000     0.7190 f
  x_sub_system/x_core/ex_block_i/gen_multdiv_fast_multdiv_i/op_a_i[5] (soc_ahblite_ibex_multdiv_fast_RV32M2_0)
                                                        0.0000     0.7190 f
  x_sub_system/x_core/ex_block_i/gen_multdiv_fast_multdiv_i/op_a_i[5] (net)
                                                        0.0000     0.7190 f
  x_sub_system/x_core/ex_block_i/gen_multdiv_fast_multdiv_i/u218/I0 (MUX2D4BWP12T)
                                                        0.0000     0.7190 f
  x_sub_system/x_core/ex_block_i/gen_multdiv_fast_multdiv_i/u218/Z (MUX2D4BWP12T)
                                                        0.0698     0.7888 f
  x_sub_system/x_core/ex_block_i/gen_multdiv_fast_multdiv_i/n92 (net)
                                                9       0.0000     0.7888 f
  x_sub_system/x_core/ex_block_i/gen_multdiv_fast_multdiv_i/u191/A1 (XNR2D0BWP12T)
                                                        0.0000     0.7888 f
  x_sub_system/x_core/ex_block_i/gen_multdiv_fast_multdiv_i/u191/ZN (XNR2D0BWP12T)
                                                        0.0885     0.8773 r
  x_sub_system/x_core/ex_block_i/gen_multdiv_fast_multdiv_i/n240 (net)
                                                2       0.0000     0.8773 r
  x_sub_system/x_core/ex_block_i/gen_multdiv_fast_multdiv_i/u24/B1 (OAI22D2BWP12T)
                                                        0.0000     0.8773 r
  x_sub_system/x_core/ex_block_i/gen_multdiv_fast_multdiv_i/u24/ZN (OAI22D2BWP12T)
                                                        0.0356     0.9129 f
  x_sub_system/x_core/ex_block_i/gen_multdiv_fast_multdiv_i/n233 (net)
                                                1       0.0000     0.9129 f
  x_sub_system/x_core/ex_block_i/gen_multdiv_fast_multdiv_i/u572/B (FA1D1BWP12T)
                                                        0.0000     0.9129 f
  x_sub_system/x_core/ex_block_i/gen_multdiv_fast_multdiv_i/u572/CO (FA1D1BWP12T)
                                                        0.1022     1.0151 f
  x_sub_system/x_core/ex_block_i/gen_multdiv_fast_multdiv_i/n264 (net)
                                                1       0.0000     1.0151 f
  x_sub_system/x_core/ex_block_i/gen_multdiv_fast_multdiv_i/u1059/A (FA1D2BWP12T)
                                                        0.0000     1.0151 f
  x_sub_system/x_core/ex_block_i/gen_multdiv_fast_multdiv_i/u1059/CO (FA1D2BWP12T)
                                                        0.1108     1.1259 f
  x_sub_system/x_core/ex_block_i/gen_multdiv_fast_multdiv_i/n631 (net)
                                                1       0.0000     1.1259 f
  x_sub_system/x_core/ex_block_i/gen_multdiv_fast_multdiv_i/u722/A (FA1D1BWP12T)
                                                        0.0000     1.1259 f
  x_sub_system/x_core/ex_block_i/gen_multdiv_fast_multdiv_i/u722/CO (FA1D1BWP12T)
                                                        0.1086     1.2345 f
  x_sub_system/x_core/ex_block_i/gen_multdiv_fast_multdiv_i/n636 (net)
                                                1       0.0000     1.2345 f
  x_sub_system/x_core/ex_block_i/gen_multdiv_fast_multdiv_i/u411/B (FA1D1BWP12T)
                                                        0.0000     1.2345 f
  x_sub_system/x_core/ex_block_i/gen_multdiv_fast_multdiv_i/u411/CO (FA1D1BWP12T)
                                                        0.1052     1.3397 f
  x_sub_system/x_core/ex_block_i/gen_multdiv_fast_multdiv_i/n971 (net)
                                                3       0.0000     1.3397 f
  x_sub_system/x_core/ex_block_i/gen_multdiv_fast_multdiv_i/u325/A2 (ND2D1BWP12T)
                                                        0.0000     1.3397 f
  x_sub_system/x_core/ex_block_i/gen_multdiv_fast_multdiv_i/u325/ZN (ND2D1BWP12T)
                                                        0.0371     1.3768 r
  x_sub_system/x_core/ex_block_i/gen_multdiv_fast_multdiv_i/n973 (net)
                                                2       0.0000     1.3768 r
  x_sub_system/x_core/ex_block_i/gen_multdiv_fast_multdiv_i/u67/B (OAI21D4BWP12T)
                                                        0.0000     1.3768 r
  x_sub_system/x_core/ex_block_i/gen_multdiv_fast_multdiv_i/u67/ZN (OAI21D4BWP12T)
                                                        0.0377     1.4145 f
  x_sub_system/x_core/ex_block_i/gen_multdiv_fast_multdiv_i/n909 (net)
                                                3       0.0000     1.4145 f
  x_sub_system/x_core/ex_block_i/gen_multdiv_fast_multdiv_i/u303/A1 (AOI21D4BWP12T)
                                                        0.0000     1.4145 f
  x_sub_system/x_core/ex_block_i/gen_multdiv_fast_multdiv_i/u303/ZN (AOI21D4BWP12T)
                                                        0.0368     1.4513 r
  x_sub_system/x_core/ex_block_i/gen_multdiv_fast_multdiv_i/n958 (net)
                                                8       0.0000     1.4513 r
  x_sub_system/x_core/ex_block_i/gen_multdiv_fast_multdiv_i/u122/A1 (OAI21D1BWP12T)
                                                        0.0000     1.4513 r
  x_sub_system/x_core/ex_block_i/gen_multdiv_fast_multdiv_i/u122/ZN (OAI21D1BWP12T)
                                                        0.0278     1.4790 f
  x_sub_system/x_core/ex_block_i/gen_multdiv_fast_multdiv_i/n878 (net)
                                                1       0.0000     1.4790 f
  x_sub_system/x_core/ex_block_i/gen_multdiv_fast_multdiv_i/u356/B (AOI21D1BWP12T)
                                                        0.0000     1.4790 f
  x_sub_system/x_core/ex_block_i/gen_multdiv_fast_multdiv_i/u356/ZN (AOI21D1BWP12T)
                                                        0.0502     1.5293 r
  x_sub_system/x_core/ex_block_i/gen_multdiv_fast_multdiv_i/n882 (net)
                                                1       0.0000     1.5293 r
  x_sub_system/x_core/ex_block_i/gen_multdiv_fast_multdiv_i/u461/A1 (XOR2D1BWP12T)
                                                        0.0000     1.5293 r
  x_sub_system/x_core/ex_block_i/gen_multdiv_fast_multdiv_i/u461/Z (XOR2D1BWP12T)
                                                        0.0742     1.6035 f
  x_sub_system/x_core/ex_block_i/gen_multdiv_fast_multdiv_i/n890 (net)
                                                2       0.0000     1.6035 f
  x_sub_system/x_core/ex_block_i/gen_multdiv_fast_multdiv_i/u8/A1 (OAI21D1BWP12T)
                                                        0.0000     1.6035 f
  x_sub_system/x_core/ex_block_i/gen_multdiv_fast_multdiv_i/u8/ZN (OAI21D1BWP12T)
                                                        0.0322     1.6357 r
  x_sub_system/x_core/ex_block_i/gen_multdiv_fast_multdiv_i/n1789 (net)
                                                1       0.0000     1.6357 r
  x_sub_system/x_core/ex_block_i/gen_multdiv_fast_multdiv_i/u11/A1 (CKND2D2BWP12T)
                                                        0.0000     1.6357 r
  x_sub_system/x_core/ex_block_i/gen_multdiv_fast_multdiv_i/u11/ZN (CKND2D2BWP12T)
                                                        0.0310     1.6667 f
  x_sub_system/x_core/ex_block_i/gen_multdiv_fast_multdiv_i/multdiv_result_o[26] (net)
                                                2       0.0000     1.6667 f
  x_sub_system/x_core/ex_block_i/gen_multdiv_fast_multdiv_i/multdiv_result_o[26] (soc_ahblite_ibex_multdiv_fast_RV32M2_0)
                                                        0.0000     1.6667 f
  x_sub_system/x_core/ex_block_i/multdiv_result[26] (net)
                                                        0.0000     1.6667 f
  x_sub_system/x_core/ex_block_i/u61/A1 (ND2D2BWP12T)   0.0000     1.6667 f
  x_sub_system/x_core/ex_block_i/u61/ZN (ND2D2BWP12T)   0.0186     1.6853 r
  x_sub_system/x_core/ex_block_i/n88 (net)      1       0.0000     1.6853 r
  x_sub_system/x_core/ex_block_i/u13/B (IOA21D2BWP12T)
                                                        0.0000     1.6853 r
  x_sub_system/x_core/ex_block_i/u13/ZN (IOA21D2BWP12T)
                                                        0.0265     1.7119 f
  x_sub_system/x_core/ex_block_i/alu_operand_b_i_true[26] (net)
                                                4       0.0000     1.7119 f
  x_sub_system/x_core/ex_block_i/alu_i/operand_b_i[26] (soc_ahblite_ibex_alu_RV32B0_0)
                                                        0.0000     1.7119 f
  x_sub_system/x_core/ex_block_i/alu_i/operand_b_i[26] (net)
                                                        0.0000     1.7119 f
  x_sub_system/x_core/ex_block_i/alu_i/u476/S (MUX2ND0BWP12T)
                                                        0.0000     1.7119 f
  x_sub_system/x_core/ex_block_i/alu_i/u476/ZN (MUX2ND0BWP12T)
                                                        0.0602     1.7721 f
  x_sub_system/x_core/ex_block_i/alu_i/n170 (net)
                                                1       0.0000     1.7721 f
  x_sub_system/x_core/ex_block_i/alu_i/u153/A1 (ND2D2BWP12T)
                                                        0.0000     1.7721 f
  x_sub_system/x_core/ex_block_i/alu_i/u153/ZN (ND2D2BWP12T)
                                                        0.0338     1.8059 r
  x_sub_system/x_core/ex_block_i/alu_i/n180 (net)
                                                2       0.0000     1.8059 r
  x_sub_system/x_core/ex_block_i/alu_i/u150/A1 (NR2XD2BWP12T)
                                                        0.0000     1.8059 r
  x_sub_system/x_core/ex_block_i/alu_i/u150/ZN (NR2XD2BWP12T)
                                                        0.0265     1.8324 f
  x_sub_system/x_core/ex_block_i/alu_i/n236 (net)
                                                3       0.0000     1.8324 f
  x_sub_system/x_core/ex_block_i/alu_i/u24/A2 (NR2XD2BWP12T)
                                                        0.0000     1.8324 f
  x_sub_system/x_core/ex_block_i/alu_i/u24/ZN (NR2XD2BWP12T)
                                                        0.0369     1.8693 r
  x_sub_system/x_core/ex_block_i/alu_i/n182 (net)
                                                2       0.0000     1.8693 r
  x_sub_system/x_core/ex_block_i/alu_i/u25/A2 (ND2D2BWP12T)
                                                        0.0000     1.8693 r
  x_sub_system/x_core/ex_block_i/alu_i/u25/ZN (ND2D2BWP12T)
                                                        0.0265     1.8958 f
  x_sub_system/x_core/ex_block_i/alu_i/n248 (net)
                                                3       0.0000     1.8958 f
  x_sub_system/x_core/ex_block_i/alu_i/u136/A1 (NR2XD0BWP12T)
                                                        0.0000     1.8958 f
  x_sub_system/x_core/ex_block_i/alu_i/u136/ZN (NR2XD0BWP12T)
                                                        0.0255     1.9213 r
  x_sub_system/x_core/ex_block_i/alu_i/n195 (net)
                                                1       0.0000     1.9213 r
  x_sub_system/x_core/ex_block_i/alu_i/u50/A1 (AN2D2BWP12T)
                                                        0.0000     1.9213 r
  x_sub_system/x_core/ex_block_i/alu_i/u50/Z (AN2D2BWP12T)
                                                        0.0472     1.9684 r
  x_sub_system/x_core/ex_block_i/alu_i/n9 (net)
                                                1       0.0000     1.9684 r
  x_sub_system/x_core/ex_block_i/alu_i/u230/A1 (NR2D3BWP12T)
                                                        0.0000     1.9684 r
  x_sub_system/x_core/ex_block_i/alu_i/u230/ZN (NR2D3BWP12T)
                                                        0.0150     1.9835 f
  x_sub_system/x_core/ex_block_i/alu_i/n260 (net)
                                                2       0.0000     1.9835 f
  x_sub_system/x_core/ex_block_i/alu_i/u106/A1 (OAI21D4BWP12T)
                                                        0.0000     1.9835 f
  x_sub_system/x_core/ex_block_i/alu_i/u106/ZN (OAI21D4BWP12T)
                                                        0.0310     2.0144 r
  x_sub_system/x_core/ex_block_i/alu_i/n210 (net)
                                                2       0.0000     2.0144 r
  x_sub_system/x_core/ex_block_i/alu_i/u77/B (IOA21D2BWP12T)
                                                        0.0000     2.0144 r
  x_sub_system/x_core/ex_block_i/alu_i/u77/ZN (IOA21D2BWP12T)
                                                        0.0212     2.0356 f
  x_sub_system/x_core/ex_block_i/alu_i/n213 (net)
                                                1       0.0000     2.0356 f
  x_sub_system/x_core/ex_block_i/alu_i/u125/B (IOA21D2BWP12T)
                                                        0.0000     2.0356 f
  x_sub_system/x_core/ex_block_i/alu_i/u125/ZN (IOA21D2BWP12T)
                                                        0.0146     2.0502 r
  x_sub_system/x_core/ex_block_i/alu_i/n224 (net)
                                                1       0.0000     2.0502 r
  x_sub_system/x_core/ex_block_i/alu_i/u123/A1 (XOR2D2BWP12T)
                                                        0.0000     2.0502 r
  x_sub_system/x_core/ex_block_i/alu_i/u123/Z (XOR2D2BWP12T)
                                                        0.0817     2.1319 f
  x_sub_system/x_core/ex_block_i/alu_i/adder_result_o[31] (net)
                                                5       0.0000     2.1319 f
  x_sub_system/x_core/ex_block_i/alu_i/u122/A1 (ND2D1BWP12T)
                                                        0.0000     2.1319 f
  x_sub_system/x_core/ex_block_i/alu_i/u122/ZN (ND2D1BWP12T)
                                                        0.0264     2.1582 r
  x_sub_system/x_core/ex_block_i/alu_i/n425 (net)
                                                1       0.0000     2.1582 r
  x_sub_system/x_core/ex_block_i/alu_i/u102/A1 (ND3D2BWP12T)
                                                        0.0000     2.1582 r
  x_sub_system/x_core/ex_block_i/alu_i/u102/ZN (ND3D2BWP12T)
                                                        0.0251     2.1834 f
  x_sub_system/x_core/ex_block_i/alu_i/n426 (net)
                                                1       0.0000     2.1834 f
  x_sub_system/x_core/ex_block_i/alu_i/u105/A2 (NR2XD1BWP12T)
                                                        0.0000     2.1834 f
  x_sub_system/x_core/ex_block_i/alu_i/u105/ZN (NR2XD1BWP12T)
                                                        0.0284     2.2118 r
  x_sub_system/x_core/ex_block_i/alu_i/n427 (net)
                                                1       0.0000     2.2118 r
  x_sub_system/x_core/ex_block_i/alu_i/u12/A2 (CKND2D2BWP12T)
                                                        0.0000     2.2118 r
  x_sub_system/x_core/ex_block_i/alu_i/u12/ZN (CKND2D2BWP12T)
                                                        0.0237     2.2355 f
  x_sub_system/x_core/ex_block_i/alu_i/comparison_result_o (net)
                                                2       0.0000     2.2355 f
  x_sub_system/x_core/ex_block_i/alu_i/comparison_result_o (soc_ahblite_ibex_alu_RV32B0_0)
                                                        0.0000     2.2355 f
  x_sub_system/x_core/ex_block_i/branch_decision_o (net)
                                                        0.0000     2.2355 f
  x_sub_system/x_core/ex_block_i/branch_decision_o (soc_ahblite_ibex_ex_block_2_0_0_0)
                                                        0.0000     2.2355 f
  x_sub_system/x_core/branch_decision (net)             0.0000     2.2355 f
  x_sub_system/x_core/id_stage_i/branch_decision_i (soc_ahblite_ibex_id_stage_0_2_0_0_0_0_0_0_0)
                                                        0.0000     2.2355 f
  x_sub_system/x_core/id_stage_i/branch_decision_i (net)
                                                        0.0000     2.2355 f
  x_sub_system/x_core/id_stage_i/u60/A1 (ND2D2BWP12T)   0.0000     2.2355 f
  x_sub_system/x_core/id_stage_i/u60/ZN (ND2D2BWP12T)   0.0189     2.2545 r
  x_sub_system/x_core/id_stage_i/n167 (net)     3       0.0000     2.2545 r
  x_sub_system/x_core/id_stage_i/u67/A1 (ND2D2BWP12T)   0.0000     2.2545 r
  x_sub_system/x_core/id_stage_i/u67/ZN (ND2D2BWP12T)   0.0182     2.2726 f
  x_sub_system/x_core/id_stage_i/n118 (net)     1       0.0000     2.2726 f
  x_sub_system/x_core/id_stage_i/u21/I (INVD2BWP12T)    0.0000     2.2726 f
  x_sub_system/x_core/id_stage_i/u21/ZN (INVD2BWP12T)   0.0191     2.2918 r
  x_sub_system/x_core/id_stage_i/csr_op_en_o (net)
                                                3       0.0000     2.2918 r
  x_sub_system/x_core/id_stage_i/u19/A1 (CKAN2D2BWP12T)
                                                        0.0000     2.2918 r
  x_sub_system/x_core/id_stage_i/u19/Z (CKAN2D2BWP12T)
                                                        0.0428     2.3346 r
  x_sub_system/x_core/id_stage_i/n51 (net)      2       0.0000     2.3346 r
  x_sub_system/x_core/id_stage_i/controller_i/csr_pipe_flush_i (soc_ahblite_ibex_controller_0_0_0)
                                                        0.0000     2.3346 r
  x_sub_system/x_core/id_stage_i/controller_i/csr_pipe_flush_i (net)
                                                        0.0000     2.3346 r
  x_sub_system/x_core/id_stage_i/controller_i/u18/A1 (ND2D1BWP12T)
                                                        0.0000     2.3346 r
  x_sub_system/x_core/id_stage_i/controller_i/u18/ZN (ND2D1BWP12T)
                                                        0.0264     2.3610 f
  x_sub_system/x_core/id_stage_i/controller_i/n265 (net)
                                                1       0.0000     2.3610 f
  x_sub_system/x_core/id_stage_i/controller_i/u9/A1 (CKND2D4BWP12T)
                                                        0.0000     2.3610 f
  x_sub_system/x_core/id_stage_i/controller_i/u9/ZN (CKND2D4BWP12T)
                                                        0.0309     2.3919 r
  x_sub_system/x_core/id_stage_i/controller_i/n266 (net)
                                                1       0.0000     2.3919 r
  x_sub_system/x_core/id_stage_i/controller_i/u6/B (AOI211XD4BWP12T)
                                                        0.0000     2.3919 r
  x_sub_system/x_core/id_stage_i/controller_i/u6/ZN (AOI211XD4BWP12T)
                                                        0.0302     2.4221 f
  x_sub_system/x_core/id_stage_i/controller_i/id_in_ready_o (net)
                                                6       0.0000     2.4221 f
  x_sub_system/x_core/id_stage_i/controller_i/id_in_ready_o (soc_ahblite_ibex_controller_0_0_0)
                                                        0.0000     2.4221 f
  x_sub_system/x_core/id_stage_i/id_in_ready_o (net)    0.0000     2.4221 f
  x_sub_system/x_core/id_stage_i/id_in_ready_o (soc_ahblite_ibex_id_stage_0_2_0_0_0_0_0_0_0)
                                                        0.0000     2.4221 f
  x_sub_system/x_core/id_in_ready (net)                 0.0000     2.4221 f
  x_sub_system/x_core/if_stage_i/id_in_ready_i (soc_ahblite_ibex_if_stage_00000000_00000000_0_0_0_0_0_0)
                                                        0.0000     2.4221 f
  x_sub_system/x_core/if_stage_i/id_in_ready_i (net)    0.0000     2.4221 f
  x_sub_system/x_core/if_stage_i/gen_prefetch_buffer_prefetch_buffer_i/ready_i (soc_ahblite_ibex_prefetch_buffer_0_0)
                                                        0.0000     2.4221 f
  x_sub_system/x_core/if_stage_i/gen_prefetch_buffer_prefetch_buffer_i/ready_i (net)
                                                        0.0000     2.4221 f
  x_sub_system/x_core/if_stage_i/gen_prefetch_buffer_prefetch_buffer_i/fifo_i/out_ready_i (soc_ahblite_ibex_fetch_fifo_00000002_0)
                                                        0.0000     2.4221 f
  x_sub_system/x_core/if_stage_i/gen_prefetch_buffer_prefetch_buffer_i/fifo_i/out_ready_i (net)
                                                        0.0000     2.4221 f
  x_sub_system/x_core/if_stage_i/gen_prefetch_buffer_prefetch_buffer_i/fifo_i/u51/A1 (AO21D1BWP12T)
                                                        0.0000     2.4221 f
  x_sub_system/x_core/if_stage_i/gen_prefetch_buffer_prefetch_buffer_i/fifo_i/u51/Z (AO21D1BWP12T)
                                                        0.0645     2.4866 f
  x_sub_system/x_core/if_stage_i/gen_prefetch_buffer_prefetch_buffer_i/fifo_i/n274 (net)
                                                3       0.0000     2.4866 f
  x_sub_system/x_core/if_stage_i/gen_prefetch_buffer_prefetch_buffer_i/fifo_i/u46/I (CKND1BWP12T)
                                                        0.0000     2.4866 f
  x_sub_system/x_core/if_stage_i/gen_prefetch_buffer_prefetch_buffer_i/fifo_i/u46/ZN (CKND1BWP12T)
                                                        0.0208     2.5074 r
  x_sub_system/x_core/if_stage_i/gen_prefetch_buffer_prefetch_buffer_i/fifo_i/n362 (net)
                                                1       0.0000     2.5074 r
  x_sub_system/x_core/if_stage_i/gen_prefetch_buffer_prefetch_buffer_i/fifo_i/u74/A1 (NR2D2BWP12T)
                                                        0.0000     2.5074 r
  x_sub_system/x_core/if_stage_i/gen_prefetch_buffer_prefetch_buffer_i/fifo_i/u74/ZN (NR2D2BWP12T)
                                                        0.0303     2.5377 f
  x_sub_system/x_core/if_stage_i/gen_prefetch_buffer_prefetch_buffer_i/fifo_i/n313 (net)
                                               21       0.0000     2.5377 f
  x_sub_system/x_core/if_stage_i/gen_prefetch_buffer_prefetch_buffer_i/fifo_i/u275/C2 (AO222D0BWP12T)
                                                        0.0000     2.5377 f
  x_sub_system/x_core/if_stage_i/gen_prefetch_buffer_prefetch_buffer_i/fifo_i/u275/Z (AO222D0BWP12T)
                                                        0.1754     2.7131 f
  x_sub_system/x_core/if_stage_i/gen_prefetch_buffer_prefetch_buffer_i/fifo_i/n248 (net)
                                                1       0.0000     2.7131 f
  x_sub_system/x_core/if_stage_i/gen_prefetch_buffer_prefetch_buffer_i/fifo_i/instr_addr_q_reg_3_/D (DFQD1BWP12T)
                                                        0.0000     2.7131 f
  data arrival time                                                2.7131

  clock clk1 (rise edge)                                3.0000     3.0000
  clock network delay (ideal)                           0.0000     3.0000
  clock uncertainty                                    -0.3000     2.7000
  x_sub_system/x_core/if_stage_i/gen_prefetch_buffer_prefetch_buffer_i/fifo_i/instr_addr_q_reg_3_/CP (DFQD1BWP12T)
                                                        0.0000     2.7000 r
  library setup time                                    0.0133     2.7133
  data required time                                               2.7133
  --------------------------------------------------------------------------
  data required time                                               2.7133
  data arrival time                                               -2.7131
  --------------------------------------------------------------------------
  slack (MET)                                                      0.0002


1
