Setup timing before hold fixing
 
****************************************
Report : timing
        -path end
        -delay max
        -max_paths 10
Design : soc_ahblite
Version: O-2018.06-SP1
Date   : Fri Aug 28 15:43:27 2026
****************************************

 # A fanout number of 1000 was used for high fanout net computations.

Operating Conditions: WCCOM   Library: tcbn65gplusbwp12twc
Wire Load Model Mode: segmented

Endpoint                         Path Delay     Path Required     Slack
------------------------------------------------------------------------
x_sub_system/x_core/cs_registers_i/mcycle_counter_i/counter_q_reg[63]/D (DFCNQD1BWP12T)
                                  7.7802 r          9.7847       2.0045
x_sub_system/x_core/cs_registers_i/mcycle_counter_i/counter_q_reg[34]/D (DFCNQD1BWP12T)
                                  7.7431 r          9.7838       2.0408
x_sub_system/x_core/cs_registers_i/mcycle_counter_i/counter_q_reg[36]/D (DFCNQD1BWP12T)
                                  7.7431 r          9.7839       2.0408
x_sub_system/x_core/cs_registers_i/mcycle_counter_i/counter_q_reg[60]/D (DFCNQD1BWP12T)
                                  7.7304 r          9.7846       2.0542
x_sub_system/x_core/cs_registers_i/mcycle_counter_i/counter_q_reg[42]/D (DFCNQD1BWP12T)
                                  7.7179 r          9.7838       2.0659
x_sub_system/x_core/cs_registers_i/mcycle_counter_i/counter_q_reg[40]/D (DFCNQD1BWP12T)
                                  7.7179 r          9.7839       2.0660
x_sub_system/x_core/cs_registers_i/mcycle_counter_i/counter_q_reg[62]/D (DFCNQD1BWP12T)
                                  7.7037 r          9.7855       2.0819
x_sub_system/x_core/cs_registers_i/mcycle_counter_i/counter_q_reg[47]/D (DFCNQD1BWP12T)
                                  7.6882 r          9.7838       2.0956
x_sub_system/x_core/cs_registers_i/mcycle_counter_i/counter_q_reg[41]/D (DFCNQD1BWP12T)
                                  7.6882 r          9.7839       2.0957
x_sub_system/x_core/cs_registers_i/mcycle_counter_i/counter_q_reg[43]/D (DFCNQD1BWP12T)
                                  7.6880 r          9.7838       2.0958

1

 
****************************************
Report : timing
        -path full_clock
        -delay max
        -input_pins
        -nets
        -max_paths 10
Design : soc_ahblite
Version: O-2018.06-SP1
Date   : Fri Aug 28 15:43:27 2026
****************************************

 # A fanout number of 1000 was used for high fanout net computations.

Operating Conditions: WCCOM   Library: tcbn65gplusbwp12twc
Wire Load Model Mode: segmented

  Startpoint: x_sub_system/x_core/if_stage_i/instr_rdata_alu_id_o_reg[1]
              (rising edge-triggered flip-flop clocked by clk1)
  Endpoint: x_sub_system/x_core/cs_registers_i/mcycle_counter_i/counter_q_reg[63]
            (rising edge-triggered flip-flop clocked by clk1)
  Path Group: clk1
  Path Type: max

  Des/Clust/Port     Wire Load Model       Library
  ------------------------------------------------
  ibex_csr_32_0_0_5  ZeroWireload          tcbn65gplusbwp12twc
  ibex_csr_32_0_0_4  ZeroWireload          tcbn65gplusbwp12twc
  ibex_csr_32_0_0_3  ZeroWireload          tcbn65gplusbwp12twc
  ibex_csr_32_0_0_2  ZeroWireload          tcbn65gplusbwp12twc
  ibex_csr_32_0_0_1  ZeroWireload          tcbn65gplusbwp12twc
  ibex_counter_CounterWidth64_0
                     ZeroWireload          tcbn65gplusbwp12twc
  ibex_fetch_fifo_00000002
                     ZeroWireload          tcbn65gplusbwp12twc
  ibex_counter_CounterWidth64_1
                     ZeroWireload          tcbn65gplusbwp12twc
  ibex_csr_32_0_40000003
                     ZeroWireload          tcbn65gplusbwp12twc
  ibex_csr_32_0_00000001
                     ZeroWireload          tcbn65gplusbwp12twc
  ibex_csr_6_0_0_2   ZeroWireload          tcbn65gplusbwp12twc
  ibex_csr_18_0_0    ZeroWireload          tcbn65gplusbwp12twc
  ibex_csr_32_0_0_6  ZeroWireload          tcbn65gplusbwp12twc
  ibex_csr_6_0_10    ZeroWireload          tcbn65gplusbwp12twc
  ibex_multdiv_fast_RV32M2
                     ZeroWireload          tcbn65gplusbwp12twc
  ibex_controller_0_0
                     ZeroWireload          tcbn65gplusbwp12twc
  ibex_prefetch_buffer_0
                     ZeroWireload          tcbn65gplusbwp12twc
  ibex_cs_registers_0_00000001_0_0_0_0_00000000_00000028_0_00000000_00000004_0_2_0
                     ZeroWireload          tcbn65gplusbwp12twc
  ibex_load_store_unit
                     ZeroWireload          tcbn65gplusbwp12twc
  ibex_ex_block_2_0_0
                     ZeroWireload          tcbn65gplusbwp12twc
  ibex_id_stage_0_2_0_0_0_0_0_0
                     ZeroWireload          tcbn65gplusbwp12twc
  ibex_if_stage_00000000_00000000_0_0_0_0_0
                     ZeroWireload          tcbn65gplusbwp12twc
  prim_clock_gating  ZeroWireload          tcbn65gplusbwp12twc
  ibex_core_00000000_00000000
                     ZeroWireload          tcbn65gplusbwp12twc
  ibex_decoder_0_2_0_0
                     ZeroWireload          tcbn65gplusbwp12twc
  ibex_register_file_ff_0_00000020_0
                     ZeroWireload          tcbn65gplusbwp12twc
  ibex_alu_RV32B0    ZeroWireload          tcbn65gplusbwp12twc
  ibex_wb_stage_0    ZeroWireload          tcbn65gplusbwp12twc

  Point                                       Fanout      Incr       Path
  --------------------------------------------------------------------------
  clock clk1 (rise edge)                                0.0000     0.0000
  clock network delay (ideal)                           0.0000     0.0000
  x_sub_system/x_core/if_stage_i/instr_rdata_alu_id_o_reg[1]/CP (EDFQD1BWP12T)
                                                        0.0000     0.0000 r
  x_sub_system/x_core/if_stage_i/instr_rdata_alu_id_o_reg[1]/Q (EDFQD1BWP12T)
                                                        0.1057     0.1057 r
  x_sub_system/x_core/if_stage_i/instr_rdata_alu_id_o[1] (net)
                                                1       0.0000     0.1057 r
  x_sub_system/x_core/if_stage_i/instr_rdata_alu_id_o[1] (ibex_if_stage_00000000_00000000_0_0_0_0_0)
                                                        0.0000     0.1057 r
  x_sub_system/x_core/instr_rdata_alu_id[1] (net)       0.0000     0.1057 r
  x_sub_system/x_core/id_stage_i/instr_rdata_alu_i[1] (ibex_id_stage_0_2_0_0_0_0_0_0)
                                                        0.0000     0.1057 r
  x_sub_system/x_core/id_stage_i/instr_rdata_alu_i[1] (net)
                                                        0.0000     0.1057 r
  x_sub_system/x_core/id_stage_i/decoder_i/instr_rdata_alu_i[1] (ibex_decoder_0_2_0_0)
                                                        0.0000     0.1057 r
  x_sub_system/x_core/id_stage_i/decoder_i/instr_rdata_alu_i[1] (net)
                                                        0.0000     0.1057 r
  x_sub_system/x_core/id_stage_i/decoder_i/U42/A2 (CKND2D0BWP12T)
                                                        0.0000     0.1057 r
  x_sub_system/x_core/id_stage_i/decoder_i/U42/ZN (CKND2D0BWP12T)
                                                        0.0584     0.1641 f
  x_sub_system/x_core/id_stage_i/decoder_i/n65 (net)
                                                4       0.0000     0.1641 f
  x_sub_system/x_core/id_stage_i/decoder_i/U43/A4 (NR4D0BWP12T)
                                                        0.0000     0.1641 f
  x_sub_system/x_core/id_stage_i/decoder_i/U43/ZN (NR4D0BWP12T)
                                                        0.0922     0.2563 r
  x_sub_system/x_core/id_stage_i/decoder_i/n58 (net)
                                                2       0.0000     0.2563 r
  x_sub_system/x_core/id_stage_i/decoder_i/U44/A3 (ND3D0BWP12T)
                                                        0.0000     0.2563 r
  x_sub_system/x_core/id_stage_i/decoder_i/U44/ZN (ND3D0BWP12T)
                                                        0.0723     0.3286 f
  x_sub_system/x_core/id_stage_i/decoder_i/n83 (net)
                                                3       0.0000     0.3286 f
  x_sub_system/x_core/id_stage_i/decoder_i/U3/A2 (NR2D0BWP12T)
                                                        0.0000     0.3286 f
  x_sub_system/x_core/id_stage_i/decoder_i/U3/ZN (NR2D0BWP12T)
                                                        0.1506     0.4792 r
  x_sub_system/x_core/id_stage_i/decoder_i/n76 (net)
                                               10       0.0000     0.4792 r
  x_sub_system/x_core/id_stage_i/decoder_i/U123/B2 (MAOI22D0BWP12T)
                                                        0.0000     0.4792 r
  x_sub_system/x_core/id_stage_i/decoder_i/U123/ZN (MAOI22D0BWP12T)
                                                        0.1147     0.5939 r
  x_sub_system/x_core/id_stage_i/decoder_i/rf_raddr_a_o[1] (net)
                                                3       0.0000     0.5939 r
  x_sub_system/x_core/id_stage_i/decoder_i/rf_raddr_a_o[1] (ibex_decoder_0_2_0_0)
                                                        0.0000     0.5939 r
  x_sub_system/x_core/id_stage_i/rf_raddr_a_o[1] (net)
                                                        0.0000     0.5939 r
  x_sub_system/x_core/id_stage_i/rf_raddr_a_o[1] (ibex_id_stage_0_2_0_0_0_0_0_0)
                                                        0.0000     0.5939 r
  x_sub_system/x_core/rf_raddr_a[1] (net)               0.0000     0.5939 r
  x_sub_system/x_core/gen_regfile_ff.register_file_i/raddr_a_i[1] (ibex_register_file_ff_0_00000020_0)
                                                        0.0000     0.5939 r
  x_sub_system/x_core/gen_regfile_ff.register_file_i/raddr_a_i[1] (net)
                                                        0.0000     0.5939 r
  x_sub_system/x_core/gen_regfile_ff.register_file_i/U1269/I (INVD0BWP12T)
                                                        0.0000     0.5939 r
  x_sub_system/x_core/gen_regfile_ff.register_file_i/U1269/ZN (INVD0BWP12T)
                                                        0.0290     0.6229 f
  x_sub_system/x_core/gen_regfile_ff.register_file_i/n150 (net)
                                                2       0.0000     0.6229 f
  x_sub_system/x_core/gen_regfile_ff.register_file_i/U8/A2 (CKND2D0BWP12T)
                                                        0.0000     0.6229 f
  x_sub_system/x_core/gen_regfile_ff.register_file_i/U8/ZN (CKND2D0BWP12T)
                                                        0.1283     0.7512 r
  x_sub_system/x_core/gen_regfile_ff.register_file_i/n172 (net)
                                                8       0.0000     0.7512 r
  x_sub_system/x_core/gen_regfile_ff.register_file_i/U1312/A1 (NR2XD0BWP12T)
                                                        0.0000     0.7512 r
  x_sub_system/x_core/gen_regfile_ff.register_file_i/U1312/ZN (NR2XD0BWP12T)
                                                        0.1735     0.9247 f
  x_sub_system/x_core/gen_regfile_ff.register_file_i/n2468 (net)
                                               32       0.0000     0.9247 f
  x_sub_system/x_core/gen_regfile_ff.register_file_i/U2594/B1 (AOI22D0BWP12T)
                                                        0.0000     0.9247 f
  x_sub_system/x_core/gen_regfile_ff.register_file_i/U2594/ZN (AOI22D0BWP12T)
                                                        0.0970     1.0217 r
  x_sub_system/x_core/gen_regfile_ff.register_file_i/n2472 (net)
                                                1       0.0000     1.0217 r
  x_sub_system/x_core/gen_regfile_ff.register_file_i/U2596/A3 (ND4D0BWP12T)
                                                        0.0000     1.0217 r
  x_sub_system/x_core/gen_regfile_ff.register_file_i/U2596/ZN (ND4D0BWP12T)
                                                        0.0686     1.0903 f
  x_sub_system/x_core/gen_regfile_ff.register_file_i/n2514 (net)
                                                1       0.0000     1.0903 f
  x_sub_system/x_core/gen_regfile_ff.register_file_i/U2611/A1 (OR4D0BWP12T)
                                                        0.0000     1.0903 f
  x_sub_system/x_core/gen_regfile_ff.register_file_i/U2611/Z (OR4D0BWP12T)
                                                        0.1572     1.2475 f
  x_sub_system/x_core/gen_regfile_ff.register_file_i/rdata_a_o[21] (net)
                                                2       0.0000     1.2475 f
  x_sub_system/x_core/gen_regfile_ff.register_file_i/rdata_a_o[21] (ibex_register_file_ff_0_00000020_0)
                                                        0.0000     1.2475 f
  x_sub_system/x_core/rf_rdata_a[21] (net)              0.0000     1.2475 f
  x_sub_system/x_core/id_stage_i/rf_rdata_a_i[21] (ibex_id_stage_0_2_0_0_0_0_0_0)
                                                        0.0000     1.2475 f
  x_sub_system/x_core/id_stage_i/rf_rdata_a_i[21] (net)
                                                        0.0000     1.2475 f
  x_sub_system/x_core/id_stage_i/U105/I (BUFFD0BWP12T)
                                                        0.0000     1.2475 f
  x_sub_system/x_core/id_stage_i/U105/Z (BUFFD0BWP12T)
                                                        0.0506     1.2981 f
  x_sub_system/x_core/id_stage_i/multdiv_operand_a_ex_o[21] (net)
                                                2       0.0000     1.2981 f
  x_sub_system/x_core/id_stage_i/multdiv_operand_a_ex_o[21] (ibex_id_stage_0_2_0_0_0_0_0_0)
                                                        0.0000     1.2981 f
  x_sub_system/x_core/multdiv_operand_a_ex[21] (net)    0.0000     1.2981 f
  x_sub_system/x_core/ex_block_i/multdiv_operand_a_i[21] (ibex_ex_block_2_0_0)
                                                        0.0000     1.2981 f
  x_sub_system/x_core/ex_block_i/multdiv_operand_a_i[21] (net)
                                                        0.0000     1.2981 f
  x_sub_system/x_core/ex_block_i/gen_multdiv_fast.multdiv_i/op_a_i[21] (ibex_multdiv_fast_RV32M2)
                                                        0.0000     1.2981 f
  x_sub_system/x_core/ex_block_i/gen_multdiv_fast.multdiv_i/op_a_i[21] (net)
                                                        0.0000     1.2981 f
  x_sub_system/x_core/ex_block_i/gen_multdiv_fast.multdiv_i/U259/A2 (AOI22D1BWP12T)
                                                        0.0000     1.2981 f
  x_sub_system/x_core/ex_block_i/gen_multdiv_fast.multdiv_i/U259/ZN (AOI22D1BWP12T)
                                                        0.2181     1.5162 r
  x_sub_system/x_core/ex_block_i/gen_multdiv_fast.multdiv_i/intadd_11/A[0] (net)
                                               23       0.0000     1.5162 r
  x_sub_system/x_core/ex_block_i/gen_multdiv_fast.multdiv_i/U607/I (INVD0BWP12T)
                                                        0.0000     1.5162 r
  x_sub_system/x_core/ex_block_i/gen_multdiv_fast.multdiv_i/U607/ZN (INVD0BWP12T)
                                                        0.2076     1.7239 f
  x_sub_system/x_core/ex_block_i/gen_multdiv_fast.multdiv_i/n987 (net)
                                               21       0.0000     1.7239 f
  x_sub_system/x_core/ex_block_i/gen_multdiv_fast.multdiv_i/U613/I0 (MUX2ND0BWP12T)
                                                        0.0000     1.7239 f
  x_sub_system/x_core/ex_block_i/gen_multdiv_fast.multdiv_i/U613/ZN (MUX2ND0BWP12T)
                                                        0.0838     1.8077 r
  x_sub_system/x_core/ex_block_i/gen_multdiv_fast.multdiv_i/n472 (net)
                                                3       0.0000     1.8077 r
  x_sub_system/x_core/ex_block_i/gen_multdiv_fast.multdiv_i/U24/I (INVD0BWP12T)
                                                        0.0000     1.8077 r
  x_sub_system/x_core/ex_block_i/gen_multdiv_fast.multdiv_i/U24/ZN (INVD0BWP12T)
                                                        0.0300     1.8376 f
  x_sub_system/x_core/ex_block_i/gen_multdiv_fast.multdiv_i/n474 (net)
                                                2       0.0000     1.8376 f
  x_sub_system/x_core/ex_block_i/gen_multdiv_fast.multdiv_i/U910/A2 (CKND2D0BWP12T)
                                                        0.0000     1.8376 f
  x_sub_system/x_core/ex_block_i/gen_multdiv_fast.multdiv_i/U910/ZN (CKND2D0BWP12T)
                                                        0.1889     2.0265 r
  x_sub_system/x_core/ex_block_i/gen_multdiv_fast.multdiv_i/n981 (net)
                                               17       0.0000     2.0265 r
  x_sub_system/x_core/ex_block_i/gen_multdiv_fast.multdiv_i/U914/C1 (OAI222D0BWP12T)
                                                        0.0000     2.0265 r
  x_sub_system/x_core/ex_block_i/gen_multdiv_fast.multdiv_i/U914/ZN (OAI222D0BWP12T)
                                                        0.1417     2.1682 f
  x_sub_system/x_core/ex_block_i/gen_multdiv_fast.multdiv_i/n479 (net)
                                                1       0.0000     2.1682 f
  x_sub_system/x_core/ex_block_i/gen_multdiv_fast.multdiv_i/U915/S (MUX2ND0BWP12T)
                                                        0.0000     2.1682 f
  x_sub_system/x_core/ex_block_i/gen_multdiv_fast.multdiv_i/U915/ZN (MUX2ND0BWP12T)
                                                        0.0790     2.2472 f
  x_sub_system/x_core/ex_block_i/gen_multdiv_fast.multdiv_i/intadd_11/A[1] (net)
                                                1       0.0000     2.2472 f
  x_sub_system/x_core/ex_block_i/gen_multdiv_fast.multdiv_i/intadd_11/U3/A (FA1D0BWP12T)
                                                        0.0000     2.2472 f
  x_sub_system/x_core/ex_block_i/gen_multdiv_fast.multdiv_i/intadd_11/U3/CO (FA1D0BWP12T)
                                                        0.1412     2.3884 f
  x_sub_system/x_core/ex_block_i/gen_multdiv_fast.multdiv_i/intadd_11/n2 (net)
                                                1       0.0000     2.3884 f
  x_sub_system/x_core/ex_block_i/gen_multdiv_fast.multdiv_i/intadd_11/U2/CI (FA1D0BWP12T)
                                                        0.0000     2.3884 f
  x_sub_system/x_core/ex_block_i/gen_multdiv_fast.multdiv_i/intadd_11/U2/CO (FA1D0BWP12T)
                                                        0.0651     2.4535 f
  x_sub_system/x_core/ex_block_i/gen_multdiv_fast.multdiv_i/intadd_11/n1 (net)
                                                1       0.0000     2.4535 f
  x_sub_system/x_core/ex_block_i/gen_multdiv_fast.multdiv_i/U865/I (INVD0BWP12T)
                                                        0.0000     2.4535 f
  x_sub_system/x_core/ex_block_i/gen_multdiv_fast.multdiv_i/U865/ZN (INVD0BWP12T)
                                                        0.0235     2.4770 r
  x_sub_system/x_core/ex_block_i/gen_multdiv_fast.multdiv_i/DP_OP_71J4_122_6124/n291 (net)
                                                1       0.0000     2.4770 r
  x_sub_system/x_core/ex_block_i/gen_multdiv_fast.multdiv_i/DP_OP_71J4_122_6124/U194/CIX (CMPE42D1BWP12T)
                                                        0.0000     2.4770 r
  x_sub_system/x_core/ex_block_i/gen_multdiv_fast.multdiv_i/DP_OP_71J4_122_6124/U194/S (CMPE42D1BWP12T)
                                                        0.0823     2.5593 r
  x_sub_system/x_core/ex_block_i/gen_multdiv_fast.multdiv_i/DP_OP_71J4_122_6124/n290 (net)
                                                1       0.0000     2.5593 r
  x_sub_system/x_core/ex_block_i/gen_multdiv_fast.multdiv_i/U856/I (INVD0BWP12T)
                                                        0.0000     2.5593 r
  x_sub_system/x_core/ex_block_i/gen_multdiv_fast.multdiv_i/U856/ZN (INVD0BWP12T)
                                                        0.0181     2.5774 f
  x_sub_system/x_core/ex_block_i/gen_multdiv_fast.multdiv_i/intadd_9/A[6] (net)
                                                1       0.0000     2.5774 f
  x_sub_system/x_core/ex_block_i/gen_multdiv_fast.multdiv_i/intadd_9/U27/A (FA1D0BWP12T)
                                                        0.0000     2.5774 f
  x_sub_system/x_core/ex_block_i/gen_multdiv_fast.multdiv_i/intadd_9/U27/CO (FA1D0BWP12T)
                                                        0.1268     2.7042 f
  x_sub_system/x_core/ex_block_i/gen_multdiv_fast.multdiv_i/intadd_9/n26 (net)
                                                1       0.0000     2.7042 f
  x_sub_system/x_core/ex_block_i/gen_multdiv_fast.multdiv_i/intadd_9/U26/CI (FA1D0BWP12T)
                                                        0.0000     2.7042 f
  x_sub_system/x_core/ex_block_i/gen_multdiv_fast.multdiv_i/intadd_9/U26/CO (FA1D0BWP12T)
                                                        0.0688     2.7730 f
  x_sub_system/x_core/ex_block_i/gen_multdiv_fast.multdiv_i/intadd_9/n25 (net)
                                                1       0.0000     2.7730 f
  x_sub_system/x_core/ex_block_i/gen_multdiv_fast.multdiv_i/intadd_9/U25/CI (FA1D0BWP12T)
                                                        0.0000     2.7730 f
  x_sub_system/x_core/ex_block_i/gen_multdiv_fast.multdiv_i/intadd_9/U25/CO (FA1D0BWP12T)
                                                        0.0688     2.8419 f
  x_sub_system/x_core/ex_block_i/gen_multdiv_fast.multdiv_i/intadd_9/n24 (net)
                                                1       0.0000     2.8419 f
  x_sub_system/x_core/ex_block_i/gen_multdiv_fast.multdiv_i/intadd_9/U24/CI (FA1D0BWP12T)
                                                        0.0000     2.8419 f
  x_sub_system/x_core/ex_block_i/gen_multdiv_fast.multdiv_i/intadd_9/U24/CO (FA1D0BWP12T)
                                                        0.0688     2.9107 f
  x_sub_system/x_core/ex_block_i/gen_multdiv_fast.multdiv_i/intadd_9/n23 (net)
                                                1       0.0000     2.9107 f
  x_sub_system/x_core/ex_block_i/gen_multdiv_fast.multdiv_i/intadd_9/U23/CI (FA1D0BWP12T)
                                                        0.0000     2.9107 f
  x_sub_system/x_core/ex_block_i/gen_multdiv_fast.multdiv_i/intadd_9/U23/CO (FA1D0BWP12T)
                                                        0.0688     2.9796 f
  x_sub_system/x_core/ex_block_i/gen_multdiv_fast.multdiv_i/intadd_9/n22 (net)
                                                1       0.0000     2.9796 f
  x_sub_system/x_core/ex_block_i/gen_multdiv_fast.multdiv_i/intadd_9/U22/CI (FA1D0BWP12T)
                                                        0.0000     2.9796 f
  x_sub_system/x_core/ex_block_i/gen_multdiv_fast.multdiv_i/intadd_9/U22/CO (FA1D0BWP12T)
                                                        0.0688     3.0484 f
  x_sub_system/x_core/ex_block_i/gen_multdiv_fast.multdiv_i/intadd_9/n21 (net)
                                                1       0.0000     3.0484 f
  x_sub_system/x_core/ex_block_i/gen_multdiv_fast.multdiv_i/intadd_9/U21/CI (FA1D0BWP12T)
                                                        0.0000     3.0484 f
  x_sub_system/x_core/ex_block_i/gen_multdiv_fast.multdiv_i/intadd_9/U21/CO (FA1D0BWP12T)
                                                        0.0688     3.1172 f
  x_sub_system/x_core/ex_block_i/gen_multdiv_fast.multdiv_i/intadd_9/n20 (net)
                                                1       0.0000     3.1172 f
  x_sub_system/x_core/ex_block_i/gen_multdiv_fast.multdiv_i/intadd_9/U20/CI (FA1D0BWP12T)
                                                        0.0000     3.1172 f
  x_sub_system/x_core/ex_block_i/gen_multdiv_fast.multdiv_i/intadd_9/U20/CO (FA1D0BWP12T)
                                                        0.0688     3.1861 f
  x_sub_system/x_core/ex_block_i/gen_multdiv_fast.multdiv_i/intadd_9/n19 (net)
                                                1       0.0000     3.1861 f
  x_sub_system/x_core/ex_block_i/gen_multdiv_fast.multdiv_i/intadd_9/U19/CI (FA1D0BWP12T)
                                                        0.0000     3.1861 f
  x_sub_system/x_core/ex_block_i/gen_multdiv_fast.multdiv_i/intadd_9/U19/CO (FA1D0BWP12T)
                                                        0.0688     3.2549 f
  x_sub_system/x_core/ex_block_i/gen_multdiv_fast.multdiv_i/intadd_9/n18 (net)
                                                1       0.0000     3.2549 f
  x_sub_system/x_core/ex_block_i/gen_multdiv_fast.multdiv_i/intadd_9/U18/CI (FA1D0BWP12T)
                                                        0.0000     3.2549 f
  x_sub_system/x_core/ex_block_i/gen_multdiv_fast.multdiv_i/intadd_9/U18/CO (FA1D0BWP12T)
                                                        0.0688     3.3238 f
  x_sub_system/x_core/ex_block_i/gen_multdiv_fast.multdiv_i/intadd_9/n17 (net)
                                                1       0.0000     3.3238 f
  x_sub_system/x_core/ex_block_i/gen_multdiv_fast.multdiv_i/intadd_9/U17/CI (FA1D0BWP12T)
                                                        0.0000     3.3238 f
  x_sub_system/x_core/ex_block_i/gen_multdiv_fast.multdiv_i/intadd_9/U17/CO (FA1D0BWP12T)
                                                        0.0688     3.3926 f
  x_sub_system/x_core/ex_block_i/gen_multdiv_fast.multdiv_i/intadd_9/n16 (net)
                                                1       0.0000     3.3926 f
  x_sub_system/x_core/ex_block_i/gen_multdiv_fast.multdiv_i/intadd_9/U16/CI (FA1D0BWP12T)
                                                        0.0000     3.3926 f
  x_sub_system/x_core/ex_block_i/gen_multdiv_fast.multdiv_i/intadd_9/U16/CO (FA1D0BWP12T)
                                                        0.0688     3.4615 f
  x_sub_system/x_core/ex_block_i/gen_multdiv_fast.multdiv_i/intadd_9/n15 (net)
                                                1       0.0000     3.4615 f
  x_sub_system/x_core/ex_block_i/gen_multdiv_fast.multdiv_i/intadd_9/U15/CI (FA1D0BWP12T)
                                                        0.0000     3.4615 f
  x_sub_system/x_core/ex_block_i/gen_multdiv_fast.multdiv_i/intadd_9/U15/CO (FA1D0BWP12T)
                                                        0.0688     3.5303 f
  x_sub_system/x_core/ex_block_i/gen_multdiv_fast.multdiv_i/intadd_9/n14 (net)
                                                1       0.0000     3.5303 f
  x_sub_system/x_core/ex_block_i/gen_multdiv_fast.multdiv_i/intadd_9/U14/CI (FA1D0BWP12T)
                                                        0.0000     3.5303 f
  x_sub_system/x_core/ex_block_i/gen_multdiv_fast.multdiv_i/intadd_9/U14/CO (FA1D0BWP12T)
                                                        0.0688     3.5991 f
  x_sub_system/x_core/ex_block_i/gen_multdiv_fast.multdiv_i/intadd_9/n13 (net)
                                                1       0.0000     3.5991 f
  x_sub_system/x_core/ex_block_i/gen_multdiv_fast.multdiv_i/intadd_9/U13/CI (FA1D0BWP12T)
                                                        0.0000     3.5991 f
  x_sub_system/x_core/ex_block_i/gen_multdiv_fast.multdiv_i/intadd_9/U13/CO (FA1D0BWP12T)
                                                        0.0688     3.6680 f
  x_sub_system/x_core/ex_block_i/gen_multdiv_fast.multdiv_i/intadd_9/n12 (net)
                                                1       0.0000     3.6680 f
  x_sub_system/x_core/ex_block_i/gen_multdiv_fast.multdiv_i/intadd_9/U12/CI (FA1D0BWP12T)
                                                        0.0000     3.6680 f
  x_sub_system/x_core/ex_block_i/gen_multdiv_fast.multdiv_i/intadd_9/U12/CO (FA1D0BWP12T)
                                                        0.0688     3.7368 f
  x_sub_system/x_core/ex_block_i/gen_multdiv_fast.multdiv_i/intadd_9/n11 (net)
                                                1       0.0000     3.7368 f
  x_sub_system/x_core/ex_block_i/gen_multdiv_fast.multdiv_i/intadd_9/U11/CI (FA1D0BWP12T)
                                                        0.0000     3.7368 f
  x_sub_system/x_core/ex_block_i/gen_multdiv_fast.multdiv_i/intadd_9/U11/CO (FA1D0BWP12T)
                                                        0.0688     3.8057 f
  x_sub_system/x_core/ex_block_i/gen_multdiv_fast.multdiv_i/intadd_9/n10 (net)
                                                1       0.0000     3.8057 f
  x_sub_system/x_core/ex_block_i/gen_multdiv_fast.multdiv_i/intadd_9/U10/CI (FA1D0BWP12T)
                                                        0.0000     3.8057 f
  x_sub_system/x_core/ex_block_i/gen_multdiv_fast.multdiv_i/intadd_9/U10/CO (FA1D0BWP12T)
                                                        0.0688     3.8745 f
  x_sub_system/x_core/ex_block_i/gen_multdiv_fast.multdiv_i/intadd_9/n9 (net)
                                                1       0.0000     3.8745 f
  x_sub_system/x_core/ex_block_i/gen_multdiv_fast.multdiv_i/intadd_9/U9/CI (FA1D0BWP12T)
                                                        0.0000     3.8745 f
  x_sub_system/x_core/ex_block_i/gen_multdiv_fast.multdiv_i/intadd_9/U9/CO (FA1D0BWP12T)
                                                        0.0688     3.9434 f
  x_sub_system/x_core/ex_block_i/gen_multdiv_fast.multdiv_i/intadd_9/n8 (net)
                                                1       0.0000     3.9434 f
  x_sub_system/x_core/ex_block_i/gen_multdiv_fast.multdiv_i/intadd_9/U8/CI (FA1D0BWP12T)
                                                        0.0000     3.9434 f
  x_sub_system/x_core/ex_block_i/gen_multdiv_fast.multdiv_i/intadd_9/U8/CO (FA1D0BWP12T)
                                                        0.0688     4.0122 f
  x_sub_system/x_core/ex_block_i/gen_multdiv_fast.multdiv_i/intadd_9/n7 (net)
                                                1       0.0000     4.0122 f
  x_sub_system/x_core/ex_block_i/gen_multdiv_fast.multdiv_i/intadd_9/U7/CI (FA1D0BWP12T)
                                                        0.0000     4.0122 f
  x_sub_system/x_core/ex_block_i/gen_multdiv_fast.multdiv_i/intadd_9/U7/CO (FA1D0BWP12T)
                                                        0.0688     4.0811 f
  x_sub_system/x_core/ex_block_i/gen_multdiv_fast.multdiv_i/intadd_9/n6 (net)
                                                1       0.0000     4.0811 f
  x_sub_system/x_core/ex_block_i/gen_multdiv_fast.multdiv_i/intadd_9/U6/CI (FA1D0BWP12T)
                                                        0.0000     4.0811 f
  x_sub_system/x_core/ex_block_i/gen_multdiv_fast.multdiv_i/intadd_9/U6/CO (FA1D0BWP12T)
                                                        0.0688     4.1499 f
  x_sub_system/x_core/ex_block_i/gen_multdiv_fast.multdiv_i/intadd_9/n5 (net)
                                                1       0.0000     4.1499 f
  x_sub_system/x_core/ex_block_i/gen_multdiv_fast.multdiv_i/intadd_9/U5/CI (FA1D0BWP12T)
                                                        0.0000     4.1499 f
  x_sub_system/x_core/ex_block_i/gen_multdiv_fast.multdiv_i/intadd_9/U5/CO (FA1D0BWP12T)
                                                        0.0688     4.2187 f
  x_sub_system/x_core/ex_block_i/gen_multdiv_fast.multdiv_i/intadd_9/n4 (net)
                                                1       0.0000     4.2187 f
  x_sub_system/x_core/ex_block_i/gen_multdiv_fast.multdiv_i/intadd_9/U4/CI (FA1D0BWP12T)
                                                        0.0000     4.2187 f
  x_sub_system/x_core/ex_block_i/gen_multdiv_fast.multdiv_i/intadd_9/U4/CO (FA1D0BWP12T)
                                                        0.0688     4.2876 f
  x_sub_system/x_core/ex_block_i/gen_multdiv_fast.multdiv_i/intadd_9/n3 (net)
                                                1       0.0000     4.2876 f
  x_sub_system/x_core/ex_block_i/gen_multdiv_fast.multdiv_i/intadd_9/U3/CI (FA1D0BWP12T)
                                                        0.0000     4.2876 f
  x_sub_system/x_core/ex_block_i/gen_multdiv_fast.multdiv_i/intadd_9/U3/S (FA1D0BWP12T)
                                                        0.0683     4.3558 f
  x_sub_system/x_core/ex_block_i/gen_multdiv_fast.multdiv_i/intadd_9/SUM[30] (net)
                                                1       0.0000     4.3558 f
  x_sub_system/x_core/ex_block_i/gen_multdiv_fast.multdiv_i/U170/B2 (AO221D0BWP12T)
                                                        0.0000     4.3558 f
  x_sub_system/x_core/ex_block_i/gen_multdiv_fast.multdiv_i/U170/Z (AO221D0BWP12T)
                                                        0.1410     4.4969 f
  x_sub_system/x_core/ex_block_i/gen_multdiv_fast.multdiv_i/n426 (net)
                                                2       0.0000     4.4969 f
  x_sub_system/x_core/ex_block_i/gen_multdiv_fast.multdiv_i/U833/B (OAI21D0BWP12T)
                                                        0.0000     4.4969 f
  x_sub_system/x_core/ex_block_i/gen_multdiv_fast.multdiv_i/U833/ZN (OAI21D0BWP12T)
                                                        0.0402     4.5370 r
  x_sub_system/x_core/ex_block_i/gen_multdiv_fast.multdiv_i/multdiv_result_o[30] (net)
                                                2       0.0000     4.5370 r
  x_sub_system/x_core/ex_block_i/gen_multdiv_fast.multdiv_i/multdiv_result_o[30] (ibex_multdiv_fast_RV32M2)
                                                        0.0000     4.5370 r
  x_sub_system/x_core/ex_block_i/multdiv_result[30] (net)
                                                        0.0000     4.5370 r
  x_sub_system/x_core/ex_block_i/U50/I1 (MUX2D0BWP12T)
                                                        0.0000     4.5370 r
  x_sub_system/x_core/ex_block_i/U50/Z (MUX2D0BWP12T)   0.0917     4.6287 r
  x_sub_system/x_core/ex_block_i/alu_operand_b_i_true[30] (net)
                                                5       0.0000     4.6287 r
  x_sub_system/x_core/ex_block_i/alu_i/operand_b_i[30] (ibex_alu_RV32B0)
                                                        0.0000     4.6287 r
  x_sub_system/x_core/ex_block_i/alu_i/operand_b_i[30] (net)
                                                        0.0000     4.6287 r
  x_sub_system/x_core/ex_block_i/alu_i/U712/I (INVD0BWP12T)
                                                        0.0000     4.6287 r
  x_sub_system/x_core/ex_block_i/alu_i/U712/ZN (INVD0BWP12T)
                                                        0.0253     4.6540 f
  x_sub_system/x_core/ex_block_i/alu_i/n582 (net)
                                                1       0.0000     4.6540 f
  x_sub_system/x_core/ex_block_i/alu_i/U5/B2 (AOI221D0BWP12T)
                                                        0.0000     4.6540 f
  x_sub_system/x_core/ex_block_i/alu_i/U5/ZN (AOI221D0BWP12T)
                                                        0.1329     4.7868 r
  x_sub_system/x_core/ex_block_i/alu_i/intadd_8/B[30] (net)
                                                1       0.0000     4.7868 r
  x_sub_system/x_core/ex_block_i/alu_i/intadd_8/U2/B (FA1D0BWP12T)
                                                        0.0000     4.7868 r
  x_sub_system/x_core/ex_block_i/alu_i/intadd_8/U2/CO (FA1D0BWP12T)
                                                        0.1322     4.9191 r
  x_sub_system/x_core/ex_block_i/alu_i/intadd_8/n1 (net)
                                                1       0.0000     4.9191 r
  x_sub_system/x_core/ex_block_i/alu_i/U6/A2 (XOR3D0BWP12T)
                                                        0.0000     4.9191 r
  x_sub_system/x_core/ex_block_i/alu_i/U6/Z (XOR3D0BWP12T)
                                                        0.1726     5.0916 r
  x_sub_system/x_core/ex_block_i/alu_i/adder_result_o[31] (net)
                                                9       0.0000     5.0916 r
  x_sub_system/x_core/ex_block_i/alu_i/U151/B2 (OAI22D0BWP12T)
                                                        0.0000     5.0916 r
  x_sub_system/x_core/ex_block_i/alu_i/U151/ZN (OAI22D0BWP12T)
                                                        0.0587     5.1504 f
  x_sub_system/x_core/ex_block_i/alu_i/n34 (net)
                                                1       0.0000     5.1504 f
  x_sub_system/x_core/ex_block_i/alu_i/U52/B (AOI31D0BWP12T)
                                                        0.0000     5.1504 f
  x_sub_system/x_core/ex_block_i/alu_i/U52/ZN (AOI31D0BWP12T)
                                                        0.0833     5.2336 r
  x_sub_system/x_core/ex_block_i/alu_i/n52 (net)
                                                2       0.0000     5.2336 r
  x_sub_system/x_core/ex_block_i/alu_i/U160/I (INVD0BWP12T)
                                                        0.0000     5.2336 r
  x_sub_system/x_core/ex_block_i/alu_i/U160/ZN (INVD0BWP12T)
                                                        0.0339     5.2675 f
  x_sub_system/x_core/ex_block_i/alu_i/n48 (net)
                                                2       0.0000     5.2675 f
  x_sub_system/x_core/ex_block_i/alu_i/U46/C (MAOI222D0BWP12T)
                                                        0.0000     5.2675 f
  x_sub_system/x_core/ex_block_i/alu_i/U46/ZN (MAOI222D0BWP12T)
                                                        0.0745     5.3421 r
  x_sub_system/x_core/ex_block_i/alu_i/n46 (net)
                                                1       0.0000     5.3421 r
  x_sub_system/x_core/ex_block_i/alu_i/U3/B (OAI31D0BWP12T)
                                                        0.0000     5.3421 r
  x_sub_system/x_core/ex_block_i/alu_i/U3/ZN (OAI31D0BWP12T)
                                                        0.0572     5.3993 f
  x_sub_system/x_core/ex_block_i/alu_i/n49 (net)
                                                1       0.0000     5.3993 f
  x_sub_system/x_core/ex_block_i/alu_i/U56/C (OAI211D0BWP12T)
                                                        0.0000     5.3993 f
  x_sub_system/x_core/ex_block_i/alu_i/U56/ZN (OAI211D0BWP12T)
                                                        0.0512     5.4505 r
  x_sub_system/x_core/ex_block_i/alu_i/comparison_result_o (net)
                                                3       0.0000     5.4505 r
  x_sub_system/x_core/ex_block_i/alu_i/comparison_result_o (ibex_alu_RV32B0)
                                                        0.0000     5.4505 r
  x_sub_system/x_core/ex_block_i/branch_decision_o (net)
                                                        0.0000     5.4505 r
  x_sub_system/x_core/ex_block_i/branch_decision_o (ibex_ex_block_2_0_0)
                                                        0.0000     5.4505 r
  x_sub_system/x_core/branch_decision (net)             0.0000     5.4505 r
  x_sub_system/x_core/id_stage_i/branch_decision_i (ibex_id_stage_0_2_0_0_0_0_0_0)
                                                        0.0000     5.4505 r
  x_sub_system/x_core/id_stage_i/branch_decision_i (net)
                                                        0.0000     5.4505 r
  x_sub_system/x_core/id_stage_i/U9/A3 (ND3D0BWP12T)    0.0000     5.4505 r
  x_sub_system/x_core/id_stage_i/U9/ZN (ND3D0BWP12T)    0.0615     5.5121 f
  x_sub_system/x_core/id_stage_i/n80 (net)      2       0.0000     5.5121 f
  x_sub_system/x_core/id_stage_i/U10/A1 (CKND2D0BWP12T)
                                                        0.0000     5.5121 f
  x_sub_system/x_core/id_stage_i/U10/ZN (CKND2D0BWP12T)
                                                        0.0511     5.5631 r
  x_sub_system/x_core/id_stage_i/n155 (net)     2       0.0000     5.5631 r
  x_sub_system/x_core/id_stage_i/U6/C (AO211D0BWP12T)   0.0000     5.5631 r
  x_sub_system/x_core/id_stage_i/U6/Z (AO211D0BWP12T)   0.0719     5.6350 r
  x_sub_system/x_core/id_stage_i/stall_id (net)
                                                4       0.0000     5.6350 r
  x_sub_system/x_core/id_stage_i/U126/A2 (NR3D0BWP12T)
                                                        0.0000     5.6350 r
  x_sub_system/x_core/id_stage_i/U126/ZN (NR3D0BWP12T)
                                                        0.0346     5.6696 f
  x_sub_system/x_core/id_stage_i/en_wb_o (net)
                                                2       0.0000     5.6696 f
  x_sub_system/x_core/id_stage_i/U4/A2 (AN2D0BWP12T)    0.0000     5.6696 f
  x_sub_system/x_core/id_stage_i/U4/Z (AN2D0BWP12T)     0.0508     5.7203 f
  x_sub_system/x_core/id_stage_i/csr_op_en_o (net)
                                                2       0.0000     5.7203 f
  x_sub_system/x_core/id_stage_i/csr_op_en_o (ibex_id_stage_0_2_0_0_0_0_0_0)
                                                        0.0000     5.7203 f
  x_sub_system/x_core/csr_op_en (net)                   0.0000     5.7203 f
  x_sub_system/x_core/cs_registers_i/csr_op_en_i (ibex_cs_registers_0_00000001_0_0_0_0_00000000_00000028_0_00000000_00000004_0_2_0)
                                                        0.0000     5.7203 f
  x_sub_system/x_core/cs_registers_i/csr_op_en_i (net)
                                                        0.0000     5.7203 f
  x_sub_system/x_core/cs_registers_i/U6/B (OAI21D0BWP12T)
                                                        0.0000     5.7203 f
  x_sub_system/x_core/cs_registers_i/U6/ZN (OAI21D0BWP12T)
                                                        0.0332     5.7536 r
  x_sub_system/x_core/cs_registers_i/n255 (net)
                                                2       0.0000     5.7536 r
  x_sub_system/x_core/cs_registers_i/U104/B1 (AOI22D0BWP12T)
                                                        0.0000     5.7536 r
  x_sub_system/x_core/cs_registers_i/U104/ZN (AOI22D0BWP12T)
                                                        0.0472     5.8008 f
  x_sub_system/x_core/cs_registers_i/n247 (net)
                                                1       0.0000     5.8008 f
  x_sub_system/x_core/cs_registers_i/U5/B1 (AOI32D0BWP12T)
                                                        0.0000     5.8008 f
  x_sub_system/x_core/cs_registers_i/U5/ZN (AOI32D0BWP12T)
                                                        0.0725     5.8733 r
  x_sub_system/x_core/cs_registers_i/n248 (net)
                                                1       0.0000     5.8733 r
  x_sub_system/x_core/cs_registers_i/U8/C (OAI211D0BWP12T)
                                                        0.0000     5.8733 r
  x_sub_system/x_core/cs_registers_i/U8/ZN (OAI211D0BWP12T)
                                                        0.0666     5.9399 f
  x_sub_system/x_core/cs_registers_i/n251 (net)
                                                1       0.0000     5.9399 f
  x_sub_system/x_core/cs_registers_i/U7/A3 (OA31D0BWP12T)
                                                        0.0000     5.9399 f
  x_sub_system/x_core/cs_registers_i/U7/Z (OA31D0BWP12T)
                                                        0.1134     6.0532 f
  x_sub_system/x_core/cs_registers_i/illegal_csr_insn_o (net)
                                                4       0.0000     6.0532 f
  x_sub_system/x_core/cs_registers_i/U10/A1 (NR2D0BWP12T)
                                                        0.0000     6.0532 f
  x_sub_system/x_core/cs_registers_i/U10/ZN (NR2D0BWP12T)
                                                        0.1030     6.1562 r
  x_sub_system/x_core/cs_registers_i/n767 (net)
                                                7       0.0000     6.1562 r
  x_sub_system/x_core/cs_registers_i/U9/A1 (CKND2D0BWP12T)
                                                        0.0000     6.1562 r
  x_sub_system/x_core/cs_registers_i/U9/ZN (CKND2D0BWP12T)
                                                        0.0652     6.2214 f
  x_sub_system/x_core/cs_registers_i/n606 (net)
                                                2       0.0000     6.2214 f
  x_sub_system/x_core/cs_registers_i/U11/A2 (NR2D0BWP12T)
                                                        0.0000     6.2214 f
  x_sub_system/x_core/cs_registers_i/U11/ZN (NR2D0BWP12T)
                                                        0.2284     6.4498 r
  x_sub_system/x_core/cs_registers_i/mhpmcounterh_we_0 (net)
                                               19       0.0000     6.4498 r
  x_sub_system/x_core/cs_registers_i/mcycle_counter_i/counterh_we_i (ibex_counter_CounterWidth64_1)
                                                        0.0000     6.4498 r
  x_sub_system/x_core/cs_registers_i/mcycle_counter_i/counterh_we_i (net)
                                                        0.0000     6.4498 r
  x_sub_system/x_core/cs_registers_i/mcycle_counter_i/U5/I (INVD0BWP12T)
                                                        0.0000     6.4498 r
  x_sub_system/x_core/cs_registers_i/mcycle_counter_i/U5/ZN (INVD0BWP12T)
                                                        0.0708     6.5206 f
  x_sub_system/x_core/cs_registers_i/mcycle_counter_i/n3 (net)
                                                4       0.0000     6.5206 f
  x_sub_system/x_core/cs_registers_i/mcycle_counter_i/U25/I (INVD0BWP12T)
                                                        0.0000     6.5206 f
  x_sub_system/x_core/cs_registers_i/mcycle_counter_i/U25/ZN (INVD0BWP12T)
                                                        0.1087     6.6294 r
  x_sub_system/x_core/cs_registers_i/mcycle_counter_i/n304 (net)
                                               15       0.0000     6.6294 r
  x_sub_system/x_core/cs_registers_i/mcycle_counter_i/U3/B2 (INR3D0BWP12T)
                                                        0.0000     6.6294 r
  x_sub_system/x_core/cs_registers_i/mcycle_counter_i/U3/ZN (INR3D0BWP12T)
                                                        0.1089     6.7383 f
  x_sub_system/x_core/cs_registers_i/mcycle_counter_i/n308 (net)
                                               18       0.0000     6.7383 f
  x_sub_system/x_core/cs_registers_i/mcycle_counter_i/U26/I (INVD0BWP12T)
                                                        0.0000     6.7383 f
  x_sub_system/x_core/cs_registers_i/mcycle_counter_i/U26/ZN (INVD0BWP12T)
                                                        0.2054     6.9437 r
  x_sub_system/x_core/cs_registers_i/mcycle_counter_i/n279 (net)
                                               32       0.0000     6.9437 r
  x_sub_system/x_core/cs_registers_i/mcycle_counter_i/U114/I (BUFFD0BWP12T)
                                                        0.0000     6.9437 r
  x_sub_system/x_core/cs_registers_i/mcycle_counter_i/U114/Z (BUFFD0BWP12T)
                                                        0.1472     7.0910 r
  x_sub_system/x_core/cs_registers_i/mcycle_counter_i/n289 (net)
                                               16       0.0000     7.0910 r
  x_sub_system/x_core/cs_registers_i/mcycle_counter_i/U4/A2 (CKND2D0BWP12T)
                                                        0.0000     7.0910 r
  x_sub_system/x_core/cs_registers_i/mcycle_counter_i/U4/ZN (CKND2D0BWP12T)
                                                        0.2622     7.3532 f
  x_sub_system/x_core/cs_registers_i/mcycle_counter_i/n290 (net)
                                               24       0.0000     7.3532 f
  x_sub_system/x_core/cs_registers_i/mcycle_counter_i/U120/I (BUFFD0BWP12T)
                                                        0.0000     7.3532 f
  x_sub_system/x_core/cs_registers_i/mcycle_counter_i/U120/Z (BUFFD0BWP12T)
                                                        0.1680     7.5212 f
  x_sub_system/x_core/cs_registers_i/mcycle_counter_i/n288 (net)
                                               21       0.0000     7.5212 f
  x_sub_system/x_core/cs_registers_i/mcycle_counter_i/U121/B (OAI21D0BWP12T)
                                                        0.0000     7.5212 f
  x_sub_system/x_core/cs_registers_i/mcycle_counter_i/U121/ZN (OAI21D0BWP12T)
                                                        0.0640     7.5852 r
  x_sub_system/x_core/cs_registers_i/mcycle_counter_i/n306 (net)
                                                2       0.0000     7.5852 r
  x_sub_system/x_core/cs_registers_i/mcycle_counter_i/U122/B (AOI21D0BWP12T)
                                                        0.0000     7.5852 r
  x_sub_system/x_core/cs_registers_i/mcycle_counter_i/U122/ZN (AOI21D0BWP12T)
                                                        0.0405     7.6257 f
  x_sub_system/x_core/cs_registers_i/mcycle_counter_i/n296 (net)
                                                2       0.0000     7.6257 f
  x_sub_system/x_core/cs_registers_i/mcycle_counter_i/U13/B (OAI21D0BWP12T)
                                                        0.0000     7.6257 f
  x_sub_system/x_core/cs_registers_i/mcycle_counter_i/U13/ZN (OAI21D0BWP12T)
                                                        0.0465     7.6722 r
  x_sub_system/x_core/cs_registers_i/mcycle_counter_i/n298 (net)
                                                1       0.0000     7.6722 r
  x_sub_system/x_core/cs_registers_i/mcycle_counter_i/U309/B2 (AOI22D0BWP12T)
                                                        0.0000     7.6722 r
  x_sub_system/x_core/cs_registers_i/mcycle_counter_i/U309/ZN (AOI22D0BWP12T)
                                                        0.0487     7.7208 f
  x_sub_system/x_core/cs_registers_i/mcycle_counter_i/n299 (net)
                                                1       0.0000     7.7208 f
  x_sub_system/x_core/cs_registers_i/mcycle_counter_i/U310/B (OAI31D0BWP12T)
                                                        0.0000     7.7208 f
  x_sub_system/x_core/cs_registers_i/mcycle_counter_i/U310/ZN (OAI31D0BWP12T)
                                                        0.0593     7.7802 r
  x_sub_system/x_core/cs_registers_i/mcycle_counter_i/n11 (net)
                                                1       0.0000     7.7802 r
  x_sub_system/x_core/cs_registers_i/mcycle_counter_i/counter_q_reg[63]/D (DFCNQD1BWP12T)
                                                        0.0000     7.7802 r
  data arrival time                                                7.7802

  clock clk1 (rise edge)                               10.0000    10.0000
  clock network delay (ideal)                           0.0000    10.0000
  clock uncertainty                                    -0.2000     9.8000
  x_sub_system/x_core/cs_registers_i/mcycle_counter_i/counter_q_reg[63]/CP (DFCNQD1BWP12T)
                                                        0.0000     9.8000 r
  library setup time                                   -0.0153     9.7847
  data required time                                               9.7847
  --------------------------------------------------------------------------
  data required time                                               9.7847
  data arrival time                                               -7.7802
  --------------------------------------------------------------------------
  slack (MET)                                                      2.0045


  Startpoint: x_sub_system/x_core/if_stage_i/instr_rdata_alu_id_o_reg[1]
              (rising edge-triggered flip-flop clocked by clk1)
  Endpoint: x_sub_system/x_core/cs_registers_i/mcycle_counter_i/counter_q_reg[34]
            (rising edge-triggered flip-flop clocked by clk1)
  Path Group: clk1
  Path Type: max

  Des/Clust/Port     Wire Load Model       Library
  ------------------------------------------------
  ibex_csr_32_0_0_5  ZeroWireload          tcbn65gplusbwp12twc
  ibex_csr_32_0_0_4  ZeroWireload          tcbn65gplusbwp12twc
  ibex_csr_32_0_0_3  ZeroWireload          tcbn65gplusbwp12twc
  ibex_csr_32_0_0_2  ZeroWireload          tcbn65gplusbwp12twc
  ibex_csr_32_0_0_1  ZeroWireload          tcbn65gplusbwp12twc
  ibex_counter_CounterWidth64_0
                     ZeroWireload          tcbn65gplusbwp12twc
  ibex_fetch_fifo_00000002
                     ZeroWireload          tcbn65gplusbwp12twc
  ibex_counter_CounterWidth64_1
                     ZeroWireload          tcbn65gplusbwp12twc
  ibex_csr_32_0_40000003
                     ZeroWireload          tcbn65gplusbwp12twc
  ibex_csr_32_0_00000001
                     ZeroWireload          tcbn65gplusbwp12twc
  ibex_csr_6_0_0_2   ZeroWireload          tcbn65gplusbwp12twc
  ibex_csr_18_0_0    ZeroWireload          tcbn65gplusbwp12twc
  ibex_csr_32_0_0_6  ZeroWireload          tcbn65gplusbwp12twc
  ibex_csr_6_0_10    ZeroWireload          tcbn65gplusbwp12twc
  ibex_multdiv_fast_RV32M2
                     ZeroWireload          tcbn65gplusbwp12twc
  ibex_controller_0_0
                     ZeroWireload          tcbn65gplusbwp12twc
  ibex_prefetch_buffer_0
                     ZeroWireload          tcbn65gplusbwp12twc
  ibex_cs_registers_0_00000001_0_0_0_0_00000000_00000028_0_00000000_00000004_0_2_0
                     ZeroWireload          tcbn65gplusbwp12twc
  ibex_load_store_unit
                     ZeroWireload          tcbn65gplusbwp12twc
  ibex_ex_block_2_0_0
                     ZeroWireload          tcbn65gplusbwp12twc
  ibex_id_stage_0_2_0_0_0_0_0_0
                     ZeroWireload          tcbn65gplusbwp12twc
  ibex_if_stage_00000000_00000000_0_0_0_0_0
                     ZeroWireload          tcbn65gplusbwp12twc
  prim_clock_gating  ZeroWireload          tcbn65gplusbwp12twc
  ibex_core_00000000_00000000
                     ZeroWireload          tcbn65gplusbwp12twc
  ibex_decoder_0_2_0_0
                     ZeroWireload          tcbn65gplusbwp12twc
  ibex_register_file_ff_0_00000020_0
                     ZeroWireload          tcbn65gplusbwp12twc
  ibex_alu_RV32B0    ZeroWireload          tcbn65gplusbwp12twc
  ibex_wb_stage_0    ZeroWireload          tcbn65gplusbwp12twc

  Point                                       Fanout      Incr       Path
  --------------------------------------------------------------------------
  clock clk1 (rise edge)                                0.0000     0.0000
  clock network delay (ideal)                           0.0000     0.0000
  x_sub_system/x_core/if_stage_i/instr_rdata_alu_id_o_reg[1]/CP (EDFQD1BWP12T)
                                                        0.0000     0.0000 r
  x_sub_system/x_core/if_stage_i/instr_rdata_alu_id_o_reg[1]/Q (EDFQD1BWP12T)
                                                        0.1057     0.1057 r
  x_sub_system/x_core/if_stage_i/instr_rdata_alu_id_o[1] (net)
                                                1       0.0000     0.1057 r
  x_sub_system/x_core/if_stage_i/instr_rdata_alu_id_o[1] (ibex_if_stage_00000000_00000000_0_0_0_0_0)
                                                        0.0000     0.1057 r
  x_sub_system/x_core/instr_rdata_alu_id[1] (net)       0.0000     0.1057 r
  x_sub_system/x_core/id_stage_i/instr_rdata_alu_i[1] (ibex_id_stage_0_2_0_0_0_0_0_0)
                                                        0.0000     0.1057 r
  x_sub_system/x_core/id_stage_i/instr_rdata_alu_i[1] (net)
                                                        0.0000     0.1057 r
  x_sub_system/x_core/id_stage_i/decoder_i/instr_rdata_alu_i[1] (ibex_decoder_0_2_0_0)
                                                        0.0000     0.1057 r
  x_sub_system/x_core/id_stage_i/decoder_i/instr_rdata_alu_i[1] (net)
                                                        0.0000     0.1057 r
  x_sub_system/x_core/id_stage_i/decoder_i/U42/A2 (CKND2D0BWP12T)
                                                        0.0000     0.1057 r
  x_sub_system/x_core/id_stage_i/decoder_i/U42/ZN (CKND2D0BWP12T)
                                                        0.0584     0.1641 f
  x_sub_system/x_core/id_stage_i/decoder_i/n65 (net)
                                                4       0.0000     0.1641 f
  x_sub_system/x_core/id_stage_i/decoder_i/U43/A4 (NR4D0BWP12T)
                                                        0.0000     0.1641 f
  x_sub_system/x_core/id_stage_i/decoder_i/U43/ZN (NR4D0BWP12T)
                                                        0.0922     0.2563 r
  x_sub_system/x_core/id_stage_i/decoder_i/n58 (net)
                                                2       0.0000     0.2563 r
  x_sub_system/x_core/id_stage_i/decoder_i/U44/A3 (ND3D0BWP12T)
                                                        0.0000     0.2563 r
  x_sub_system/x_core/id_stage_i/decoder_i/U44/ZN (ND3D0BWP12T)
                                                        0.0723     0.3286 f
  x_sub_system/x_core/id_stage_i/decoder_i/n83 (net)
                                                3       0.0000     0.3286 f
  x_sub_system/x_core/id_stage_i/decoder_i/U3/A2 (NR2D0BWP12T)
                                                        0.0000     0.3286 f
  x_sub_system/x_core/id_stage_i/decoder_i/U3/ZN (NR2D0BWP12T)
                                                        0.1506     0.4792 r
  x_sub_system/x_core/id_stage_i/decoder_i/n76 (net)
                                               10       0.0000     0.4792 r
  x_sub_system/x_core/id_stage_i/decoder_i/U123/B2 (MAOI22D0BWP12T)
                                                        0.0000     0.4792 r
  x_sub_system/x_core/id_stage_i/decoder_i/U123/ZN (MAOI22D0BWP12T)
                                                        0.1147     0.5939 r
  x_sub_system/x_core/id_stage_i/decoder_i/rf_raddr_a_o[1] (net)
                                                3       0.0000     0.5939 r
  x_sub_system/x_core/id_stage_i/decoder_i/rf_raddr_a_o[1] (ibex_decoder_0_2_0_0)
                                                        0.0000     0.5939 r
  x_sub_system/x_core/id_stage_i/rf_raddr_a_o[1] (net)
                                                        0.0000     0.5939 r
  x_sub_system/x_core/id_stage_i/rf_raddr_a_o[1] (ibex_id_stage_0_2_0_0_0_0_0_0)
                                                        0.0000     0.5939 r
  x_sub_system/x_core/rf_raddr_a[1] (net)               0.0000     0.5939 r
  x_sub_system/x_core/gen_regfile_ff.register_file_i/raddr_a_i[1] (ibex_register_file_ff_0_00000020_0)
                                                        0.0000     0.5939 r
  x_sub_system/x_core/gen_regfile_ff.register_file_i/raddr_a_i[1] (net)
                                                        0.0000     0.5939 r
  x_sub_system/x_core/gen_regfile_ff.register_file_i/U1269/I (INVD0BWP12T)
                                                        0.0000     0.5939 r
  x_sub_system/x_core/gen_regfile_ff.register_file_i/U1269/ZN (INVD0BWP12T)
                                                        0.0290     0.6229 f
  x_sub_system/x_core/gen_regfile_ff.register_file_i/n150 (net)
                                                2       0.0000     0.6229 f
  x_sub_system/x_core/gen_regfile_ff.register_file_i/U8/A2 (CKND2D0BWP12T)
                                                        0.0000     0.6229 f
  x_sub_system/x_core/gen_regfile_ff.register_file_i/U8/ZN (CKND2D0BWP12T)
                                                        0.1283     0.7512 r
  x_sub_system/x_core/gen_regfile_ff.register_file_i/n172 (net)
                                                8       0.0000     0.7512 r
  x_sub_system/x_core/gen_regfile_ff.register_file_i/U1312/A1 (NR2XD0BWP12T)
                                                        0.0000     0.7512 r
  x_sub_system/x_core/gen_regfile_ff.register_file_i/U1312/ZN (NR2XD0BWP12T)
                                                        0.1735     0.9247 f
  x_sub_system/x_core/gen_regfile_ff.register_file_i/n2468 (net)
                                               32       0.0000     0.9247 f
  x_sub_system/x_core/gen_regfile_ff.register_file_i/U2594/B1 (AOI22D0BWP12T)
                                                        0.0000     0.9247 f
  x_sub_system/x_core/gen_regfile_ff.register_file_i/U2594/ZN (AOI22D0BWP12T)
                                                        0.0970     1.0217 r
  x_sub_system/x_core/gen_regfile_ff.register_file_i/n2472 (net)
                                                1       0.0000     1.0217 r
  x_sub_system/x_core/gen_regfile_ff.register_file_i/U2596/A3 (ND4D0BWP12T)
                                                        0.0000     1.0217 r
  x_sub_system/x_core/gen_regfile_ff.register_file_i/U2596/ZN (ND4D0BWP12T)
                                                        0.0686     1.0903 f
  x_sub_system/x_core/gen_regfile_ff.register_file_i/n2514 (net)
                                                1       0.0000     1.0903 f
  x_sub_system/x_core/gen_regfile_ff.register_file_i/U2611/A1 (OR4D0BWP12T)
                                                        0.0000     1.0903 f
  x_sub_system/x_core/gen_regfile_ff.register_file_i/U2611/Z (OR4D0BWP12T)
                                                        0.1572     1.2475 f
  x_sub_system/x_core/gen_regfile_ff.register_file_i/rdata_a_o[21] (net)
                                                2       0.0000     1.2475 f
  x_sub_system/x_core/gen_regfile_ff.register_file_i/rdata_a_o[21] (ibex_register_file_ff_0_00000020_0)
                                                        0.0000     1.2475 f
  x_sub_system/x_core/rf_rdata_a[21] (net)              0.0000     1.2475 f
  x_sub_system/x_core/id_stage_i/rf_rdata_a_i[21] (ibex_id_stage_0_2_0_0_0_0_0_0)
                                                        0.0000     1.2475 f
  x_sub_system/x_core/id_stage_i/rf_rdata_a_i[21] (net)
                                                        0.0000     1.2475 f
  x_sub_system/x_core/id_stage_i/U105/I (BUFFD0BWP12T)
                                                        0.0000     1.2475 f
  x_sub_system/x_core/id_stage_i/U105/Z (BUFFD0BWP12T)
                                                        0.0506     1.2981 f
  x_sub_system/x_core/id_stage_i/multdiv_operand_a_ex_o[21] (net)
                                                2       0.0000     1.2981 f
  x_sub_system/x_core/id_stage_i/multdiv_operand_a_ex_o[21] (ibex_id_stage_0_2_0_0_0_0_0_0)
                                                        0.0000     1.2981 f
  x_sub_system/x_core/multdiv_operand_a_ex[21] (net)    0.0000     1.2981 f
  x_sub_system/x_core/ex_block_i/multdiv_operand_a_i[21] (ibex_ex_block_2_0_0)
                                                        0.0000     1.2981 f
  x_sub_system/x_core/ex_block_i/multdiv_operand_a_i[21] (net)
                                                        0.0000     1.2981 f
  x_sub_system/x_core/ex_block_i/gen_multdiv_fast.multdiv_i/op_a_i[21] (ibex_multdiv_fast_RV32M2)
                                                        0.0000     1.2981 f
  x_sub_system/x_core/ex_block_i/gen_multdiv_fast.multdiv_i/op_a_i[21] (net)
                                                        0.0000     1.2981 f
  x_sub_system/x_core/ex_block_i/gen_multdiv_fast.multdiv_i/U259/A2 (AOI22D1BWP12T)
                                                        0.0000     1.2981 f
  x_sub_system/x_core/ex_block_i/gen_multdiv_fast.multdiv_i/U259/ZN (AOI22D1BWP12T)
                                                        0.2181     1.5162 r
  x_sub_system/x_core/ex_block_i/gen_multdiv_fast.multdiv_i/intadd_11/A[0] (net)
                                               23       0.0000     1.5162 r
  x_sub_system/x_core/ex_block_i/gen_multdiv_fast.multdiv_i/U607/I (INVD0BWP12T)
                                                        0.0000     1.5162 r
  x_sub_system/x_core/ex_block_i/gen_multdiv_fast.multdiv_i/U607/ZN (INVD0BWP12T)
                                                        0.2076     1.7239 f
  x_sub_system/x_core/ex_block_i/gen_multdiv_fast.multdiv_i/n987 (net)
                                               21       0.0000     1.7239 f
  x_sub_system/x_core/ex_block_i/gen_multdiv_fast.multdiv_i/U613/I0 (MUX2ND0BWP12T)
                                                        0.0000     1.7239 f
  x_sub_system/x_core/ex_block_i/gen_multdiv_fast.multdiv_i/U613/ZN (MUX2ND0BWP12T)
                                                        0.0838     1.8077 r
  x_sub_system/x_core/ex_block_i/gen_multdiv_fast.multdiv_i/n472 (net)
                                                3       0.0000     1.8077 r
  x_sub_system/x_core/ex_block_i/gen_multdiv_fast.multdiv_i/U24/I (INVD0BWP12T)
                                                        0.0000     1.8077 r
  x_sub_system/x_core/ex_block_i/gen_multdiv_fast.multdiv_i/U24/ZN (INVD0BWP12T)
                                                        0.0300     1.8376 f
  x_sub_system/x_core/ex_block_i/gen_multdiv_fast.multdiv_i/n474 (net)
                                                2       0.0000     1.8376 f
  x_sub_system/x_core/ex_block_i/gen_multdiv_fast.multdiv_i/U910/A2 (CKND2D0BWP12T)
                                                        0.0000     1.8376 f
  x_sub_system/x_core/ex_block_i/gen_multdiv_fast.multdiv_i/U910/ZN (CKND2D0BWP12T)
                                                        0.1889     2.0265 r
  x_sub_system/x_core/ex_block_i/gen_multdiv_fast.multdiv_i/n981 (net)
                                               17       0.0000     2.0265 r
  x_sub_system/x_core/ex_block_i/gen_multdiv_fast.multdiv_i/U914/C1 (OAI222D0BWP12T)
                                                        0.0000     2.0265 r
  x_sub_system/x_core/ex_block_i/gen_multdiv_fast.multdiv_i/U914/ZN (OAI222D0BWP12T)
                                                        0.1417     2.1682 f
  x_sub_system/x_core/ex_block_i/gen_multdiv_fast.multdiv_i/n479 (net)
                                                1       0.0000     2.1682 f
  x_sub_system/x_core/ex_block_i/gen_multdiv_fast.multdiv_i/U915/S (MUX2ND0BWP12T)
                                                        0.0000     2.1682 f
  x_sub_system/x_core/ex_block_i/gen_multdiv_fast.multdiv_i/U915/ZN (MUX2ND0BWP12T)
                                                        0.0790     2.2472 f
  x_sub_system/x_core/ex_block_i/gen_multdiv_fast.multdiv_i/intadd_11/A[1] (net)
                                                1       0.0000     2.2472 f
  x_sub_system/x_core/ex_block_i/gen_multdiv_fast.multdiv_i/intadd_11/U3/A (FA1D0BWP12T)
                                                        0.0000     2.2472 f
  x_sub_system/x_core/ex_block_i/gen_multdiv_fast.multdiv_i/intadd_11/U3/CO (FA1D0BWP12T)
                                                        0.1412     2.3884 f
  x_sub_system/x_core/ex_block_i/gen_multdiv_fast.multdiv_i/intadd_11/n2 (net)
                                                1       0.0000     2.3884 f
  x_sub_system/x_core/ex_block_i/gen_multdiv_fast.multdiv_i/intadd_11/U2/CI (FA1D0BWP12T)
                                                        0.0000     2.3884 f
  x_sub_system/x_core/ex_block_i/gen_multdiv_fast.multdiv_i/intadd_11/U2/CO (FA1D0BWP12T)
                                                        0.0651     2.4535 f
  x_sub_system/x_core/ex_block_i/gen_multdiv_fast.multdiv_i/intadd_11/n1 (net)
                                                1       0.0000     2.4535 f
  x_sub_system/x_core/ex_block_i/gen_multdiv_fast.multdiv_i/U865/I (INVD0BWP12T)
                                                        0.0000     2.4535 f
  x_sub_system/x_core/ex_block_i/gen_multdiv_fast.multdiv_i/U865/ZN (INVD0BWP12T)
                                                        0.0235     2.4770 r
  x_sub_system/x_core/ex_block_i/gen_multdiv_fast.multdiv_i/DP_OP_71J4_122_6124/n291 (net)
                                                1       0.0000     2.4770 r
  x_sub_system/x_core/ex_block_i/gen_multdiv_fast.multdiv_i/DP_OP_71J4_122_6124/U194/CIX (CMPE42D1BWP12T)
                                                        0.0000     2.4770 r
  x_sub_system/x_core/ex_block_i/gen_multdiv_fast.multdiv_i/DP_OP_71J4_122_6124/U194/S (CMPE42D1BWP12T)
                                                        0.0823     2.5593 r
  x_sub_system/x_core/ex_block_i/gen_multdiv_fast.multdiv_i/DP_OP_71J4_122_6124/n290 (net)
                                                1       0.0000     2.5593 r
  x_sub_system/x_core/ex_block_i/gen_multdiv_fast.multdiv_i/U856/I (INVD0BWP12T)
                                                        0.0000     2.5593 r
  x_sub_system/x_core/ex_block_i/gen_multdiv_fast.multdiv_i/U856/ZN (INVD0BWP12T)
                                                        0.0181     2.5774 f
  x_sub_system/x_core/ex_block_i/gen_multdiv_fast.multdiv_i/intadd_9/A[6] (net)
                                                1       0.0000     2.5774 f
  x_sub_system/x_core/ex_block_i/gen_multdiv_fast.multdiv_i/intadd_9/U27/A (FA1D0BWP12T)
                                                        0.0000     2.5774 f
  x_sub_system/x_core/ex_block_i/gen_multdiv_fast.multdiv_i/intadd_9/U27/CO (FA1D0BWP12T)
                                                        0.1268     2.7042 f
  x_sub_system/x_core/ex_block_i/gen_multdiv_fast.multdiv_i/intadd_9/n26 (net)
                                                1       0.0000     2.7042 f
  x_sub_system/x_core/ex_block_i/gen_multdiv_fast.multdiv_i/intadd_9/U26/CI (FA1D0BWP12T)
                                                        0.0000     2.7042 f
  x_sub_system/x_core/ex_block_i/gen_multdiv_fast.multdiv_i/intadd_9/U26/CO (FA1D0BWP12T)
                                                        0.0688     2.7730 f
  x_sub_system/x_core/ex_block_i/gen_multdiv_fast.multdiv_i/intadd_9/n25 (net)
                                                1       0.0000     2.7730 f
  x_sub_system/x_core/ex_block_i/gen_multdiv_fast.multdiv_i/intadd_9/U25/CI (FA1D0BWP12T)
                                                        0.0000     2.7730 f
  x_sub_system/x_core/ex_block_i/gen_multdiv_fast.multdiv_i/intadd_9/U25/CO (FA1D0BWP12T)
                                                        0.0688     2.8419 f
  x_sub_system/x_core/ex_block_i/gen_multdiv_fast.multdiv_i/intadd_9/n24 (net)
                                                1       0.0000     2.8419 f
  x_sub_system/x_core/ex_block_i/gen_multdiv_fast.multdiv_i/intadd_9/U24/CI (FA1D0BWP12T)
                                                        0.0000     2.8419 f
  x_sub_system/x_core/ex_block_i/gen_multdiv_fast.multdiv_i/intadd_9/U24/CO (FA1D0BWP12T)
                                                        0.0688     2.9107 f
  x_sub_system/x_core/ex_block_i/gen_multdiv_fast.multdiv_i/intadd_9/n23 (net)
                                                1       0.0000     2.9107 f
  x_sub_system/x_core/ex_block_i/gen_multdiv_fast.multdiv_i/intadd_9/U23/CI (FA1D0BWP12T)
                                                        0.0000     2.9107 f
  x_sub_system/x_core/ex_block_i/gen_multdiv_fast.multdiv_i/intadd_9/U23/CO (FA1D0BWP12T)
                                                        0.0688     2.9796 f
  x_sub_system/x_core/ex_block_i/gen_multdiv_fast.multdiv_i/intadd_9/n22 (net)
                                                1       0.0000     2.9796 f
  x_sub_system/x_core/ex_block_i/gen_multdiv_fast.multdiv_i/intadd_9/U22/CI (FA1D0BWP12T)
                                                        0.0000     2.9796 f
  x_sub_system/x_core/ex_block_i/gen_multdiv_fast.multdiv_i/intadd_9/U22/CO (FA1D0BWP12T)
                                                        0.0688     3.0484 f
  x_sub_system/x_core/ex_block_i/gen_multdiv_fast.multdiv_i/intadd_9/n21 (net)
                                                1       0.0000     3.0484 f
  x_sub_system/x_core/ex_block_i/gen_multdiv_fast.multdiv_i/intadd_9/U21/CI (FA1D0BWP12T)
                                                        0.0000     3.0484 f
  x_sub_system/x_core/ex_block_i/gen_multdiv_fast.multdiv_i/intadd_9/U21/CO (FA1D0BWP12T)
                                                        0.0688     3.1172 f
  x_sub_system/x_core/ex_block_i/gen_multdiv_fast.multdiv_i/intadd_9/n20 (net)
                                                1       0.0000     3.1172 f
  x_sub_system/x_core/ex_block_i/gen_multdiv_fast.multdiv_i/intadd_9/U20/CI (FA1D0BWP12T)
                                                        0.0000     3.1172 f
  x_sub_system/x_core/ex_block_i/gen_multdiv_fast.multdiv_i/intadd_9/U20/CO (FA1D0BWP12T)
                                                        0.0688     3.1861 f
  x_sub_system/x_core/ex_block_i/gen_multdiv_fast.multdiv_i/intadd_9/n19 (net)
                                                1       0.0000     3.1861 f
  x_sub_system/x_core/ex_block_i/gen_multdiv_fast.multdiv_i/intadd_9/U19/CI (FA1D0BWP12T)
                                                        0.0000     3.1861 f
  x_sub_system/x_core/ex_block_i/gen_multdiv_fast.multdiv_i/intadd_9/U19/CO (FA1D0BWP12T)
                                                        0.0688     3.2549 f
  x_sub_system/x_core/ex_block_i/gen_multdiv_fast.multdiv_i/intadd_9/n18 (net)
                                                1       0.0000     3.2549 f
  x_sub_system/x_core/ex_block_i/gen_multdiv_fast.multdiv_i/intadd_9/U18/CI (FA1D0BWP12T)
                                                        0.0000     3.2549 f
  x_sub_system/x_core/ex_block_i/gen_multdiv_fast.multdiv_i/intadd_9/U18/CO (FA1D0BWP12T)
                                                        0.0688     3.3238 f
  x_sub_system/x_core/ex_block_i/gen_multdiv_fast.multdiv_i/intadd_9/n17 (net)
                                                1       0.0000     3.3238 f
  x_sub_system/x_core/ex_block_i/gen_multdiv_fast.multdiv_i/intadd_9/U17/CI (FA1D0BWP12T)
                                                        0.0000     3.3238 f
  x_sub_system/x_core/ex_block_i/gen_multdiv_fast.multdiv_i/intadd_9/U17/CO (FA1D0BWP12T)
                                                        0.0688     3.3926 f
  x_sub_system/x_core/ex_block_i/gen_multdiv_fast.multdiv_i/intadd_9/n16 (net)
                                                1       0.0000     3.3926 f
  x_sub_system/x_core/ex_block_i/gen_multdiv_fast.multdiv_i/intadd_9/U16/CI (FA1D0BWP12T)
                                                        0.0000     3.3926 f
  x_sub_system/x_core/ex_block_i/gen_multdiv_fast.multdiv_i/intadd_9/U16/CO (FA1D0BWP12T)
                                                        0.0688     3.4615 f
  x_sub_system/x_core/ex_block_i/gen_multdiv_fast.multdiv_i/intadd_9/n15 (net)
                                                1       0.0000     3.4615 f
  x_sub_system/x_core/ex_block_i/gen_multdiv_fast.multdiv_i/intadd_9/U15/CI (FA1D0BWP12T)
                                                        0.0000     3.4615 f
  x_sub_system/x_core/ex_block_i/gen_multdiv_fast.multdiv_i/intadd_9/U15/CO (FA1D0BWP12T)
                                                        0.0688     3.5303 f
  x_sub_system/x_core/ex_block_i/gen_multdiv_fast.multdiv_i/intadd_9/n14 (net)
                                                1       0.0000     3.5303 f
  x_sub_system/x_core/ex_block_i/gen_multdiv_fast.multdiv_i/intadd_9/U14/CI (FA1D0BWP12T)
                                                        0.0000     3.5303 f
  x_sub_system/x_core/ex_block_i/gen_multdiv_fast.multdiv_i/intadd_9/U14/CO (FA1D0BWP12T)
                                                        0.0688     3.5991 f
  x_sub_system/x_core/ex_block_i/gen_multdiv_fast.multdiv_i/intadd_9/n13 (net)
                                                1       0.0000     3.5991 f
  x_sub_system/x_core/ex_block_i/gen_multdiv_fast.multdiv_i/intadd_9/U13/CI (FA1D0BWP12T)
                                                        0.0000     3.5991 f
  x_sub_system/x_core/ex_block_i/gen_multdiv_fast.multdiv_i/intadd_9/U13/CO (FA1D0BWP12T)
                                                        0.0688     3.6680 f
  x_sub_system/x_core/ex_block_i/gen_multdiv_fast.multdiv_i/intadd_9/n12 (net)
                                                1       0.0000     3.6680 f
  x_sub_system/x_core/ex_block_i/gen_multdiv_fast.multdiv_i/intadd_9/U12/CI (FA1D0BWP12T)
                                                        0.0000     3.6680 f
  x_sub_system/x_core/ex_block_i/gen_multdiv_fast.multdiv_i/intadd_9/U12/CO (FA1D0BWP12T)
                                                        0.0688     3.7368 f
  x_sub_system/x_core/ex_block_i/gen_multdiv_fast.multdiv_i/intadd_9/n11 (net)
                                                1       0.0000     3.7368 f
  x_sub_system/x_core/ex_block_i/gen_multdiv_fast.multdiv_i/intadd_9/U11/CI (FA1D0BWP12T)
                                                        0.0000     3.7368 f
  x_sub_system/x_core/ex_block_i/gen_multdiv_fast.multdiv_i/intadd_9/U11/CO (FA1D0BWP12T)
                                                        0.0688     3.8057 f
  x_sub_system/x_core/ex_block_i/gen_multdiv_fast.multdiv_i/intadd_9/n10 (net)
                                                1       0.0000     3.8057 f
  x_sub_system/x_core/ex_block_i/gen_multdiv_fast.multdiv_i/intadd_9/U10/CI (FA1D0BWP12T)
                                                        0.0000     3.8057 f
  x_sub_system/x_core/ex_block_i/gen_multdiv_fast.multdiv_i/intadd_9/U10/CO (FA1D0BWP12T)
                                                        0.0688     3.8745 f
  x_sub_system/x_core/ex_block_i/gen_multdiv_fast.multdiv_i/intadd_9/n9 (net)
                                                1       0.0000     3.8745 f
  x_sub_system/x_core/ex_block_i/gen_multdiv_fast.multdiv_i/intadd_9/U9/CI (FA1D0BWP12T)
                                                        0.0000     3.8745 f
  x_sub_system/x_core/ex_block_i/gen_multdiv_fast.multdiv_i/intadd_9/U9/CO (FA1D0BWP12T)
                                                        0.0688     3.9434 f
  x_sub_system/x_core/ex_block_i/gen_multdiv_fast.multdiv_i/intadd_9/n8 (net)
                                                1       0.0000     3.9434 f
  x_sub_system/x_core/ex_block_i/gen_multdiv_fast.multdiv_i/intadd_9/U8/CI (FA1D0BWP12T)
                                                        0.0000     3.9434 f
  x_sub_system/x_core/ex_block_i/gen_multdiv_fast.multdiv_i/intadd_9/U8/CO (FA1D0BWP12T)
                                                        0.0688     4.0122 f
  x_sub_system/x_core/ex_block_i/gen_multdiv_fast.multdiv_i/intadd_9/n7 (net)
                                                1       0.0000     4.0122 f
  x_sub_system/x_core/ex_block_i/gen_multdiv_fast.multdiv_i/intadd_9/U7/CI (FA1D0BWP12T)
                                                        0.0000     4.0122 f
  x_sub_system/x_core/ex_block_i/gen_multdiv_fast.multdiv_i/intadd_9/U7/CO (FA1D0BWP12T)
                                                        0.0688     4.0811 f
  x_sub_system/x_core/ex_block_i/gen_multdiv_fast.multdiv_i/intadd_9/n6 (net)
                                                1       0.0000     4.0811 f
  x_sub_system/x_core/ex_block_i/gen_multdiv_fast.multdiv_i/intadd_9/U6/CI (FA1D0BWP12T)
                                                        0.0000     4.0811 f
  x_sub_system/x_core/ex_block_i/gen_multdiv_fast.multdiv_i/intadd_9/U6/CO (FA1D0BWP12T)
                                                        0.0688     4.1499 f
  x_sub_system/x_core/ex_block_i/gen_multdiv_fast.multdiv_i/intadd_9/n5 (net)
                                                1       0.0000     4.1499 f
  x_sub_system/x_core/ex_block_i/gen_multdiv_fast.multdiv_i/intadd_9/U5/CI (FA1D0BWP12T)
                                                        0.0000     4.1499 f
  x_sub_system/x_core/ex_block_i/gen_multdiv_fast.multdiv_i/intadd_9/U5/CO (FA1D0BWP12T)
                                                        0.0688     4.2187 f
  x_sub_system/x_core/ex_block_i/gen_multdiv_fast.multdiv_i/intadd_9/n4 (net)
                                                1       0.0000     4.2187 f
  x_sub_system/x_core/ex_block_i/gen_multdiv_fast.multdiv_i/intadd_9/U4/CI (FA1D0BWP12T)
                                                        0.0000     4.2187 f
  x_sub_system/x_core/ex_block_i/gen_multdiv_fast.multdiv_i/intadd_9/U4/CO (FA1D0BWP12T)
                                                        0.0688     4.2876 f
  x_sub_system/x_core/ex_block_i/gen_multdiv_fast.multdiv_i/intadd_9/n3 (net)
                                                1       0.0000     4.2876 f
  x_sub_system/x_core/ex_block_i/gen_multdiv_fast.multdiv_i/intadd_9/U3/CI (FA1D0BWP12T)
                                                        0.0000     4.2876 f
  x_sub_system/x_core/ex_block_i/gen_multdiv_fast.multdiv_i/intadd_9/U3/S (FA1D0BWP12T)
                                                        0.0683     4.3558 f
  x_sub_system/x_core/ex_block_i/gen_multdiv_fast.multdiv_i/intadd_9/SUM[30] (net)
                                                1       0.0000     4.3558 f
  x_sub_system/x_core/ex_block_i/gen_multdiv_fast.multdiv_i/U170/B2 (AO221D0BWP12T)
                                                        0.0000     4.3558 f
  x_sub_system/x_core/ex_block_i/gen_multdiv_fast.multdiv_i/U170/Z (AO221D0BWP12T)
                                                        0.1410     4.4969 f
  x_sub_system/x_core/ex_block_i/gen_multdiv_fast.multdiv_i/n426 (net)
                                                2       0.0000     4.4969 f
  x_sub_system/x_core/ex_block_i/gen_multdiv_fast.multdiv_i/U833/B (OAI21D0BWP12T)
                                                        0.0000     4.4969 f
  x_sub_system/x_core/ex_block_i/gen_multdiv_fast.multdiv_i/U833/ZN (OAI21D0BWP12T)
                                                        0.0402     4.5370 r
  x_sub_system/x_core/ex_block_i/gen_multdiv_fast.multdiv_i/multdiv_result_o[30] (net)
                                                2       0.0000     4.5370 r
  x_sub_system/x_core/ex_block_i/gen_multdiv_fast.multdiv_i/multdiv_result_o[30] (ibex_multdiv_fast_RV32M2)
                                                        0.0000     4.5370 r
  x_sub_system/x_core/ex_block_i/multdiv_result[30] (net)
                                                        0.0000     4.5370 r
  x_sub_system/x_core/ex_block_i/U50/I1 (MUX2D0BWP12T)
                                                        0.0000     4.5370 r
  x_sub_system/x_core/ex_block_i/U50/Z (MUX2D0BWP12T)   0.0917     4.6287 r
  x_sub_system/x_core/ex_block_i/alu_operand_b_i_true[30] (net)
                                                5       0.0000     4.6287 r
  x_sub_system/x_core/ex_block_i/alu_i/operand_b_i[30] (ibex_alu_RV32B0)
                                                        0.0000     4.6287 r
  x_sub_system/x_core/ex_block_i/alu_i/operand_b_i[30] (net)
                                                        0.0000     4.6287 r
  x_sub_system/x_core/ex_block_i/alu_i/U712/I (INVD0BWP12T)
                                                        0.0000     4.6287 r
  x_sub_system/x_core/ex_block_i/alu_i/U712/ZN (INVD0BWP12T)
                                                        0.0253     4.6540 f
  x_sub_system/x_core/ex_block_i/alu_i/n582 (net)
                                                1       0.0000     4.6540 f
  x_sub_system/x_core/ex_block_i/alu_i/U5/B2 (AOI221D0BWP12T)
                                                        0.0000     4.6540 f
  x_sub_system/x_core/ex_block_i/alu_i/U5/ZN (AOI221D0BWP12T)
                                                        0.1329     4.7868 r
  x_sub_system/x_core/ex_block_i/alu_i/intadd_8/B[30] (net)
                                                1       0.0000     4.7868 r
  x_sub_system/x_core/ex_block_i/alu_i/intadd_8/U2/B (FA1D0BWP12T)
                                                        0.0000     4.7868 r
  x_sub_system/x_core/ex_block_i/alu_i/intadd_8/U2/CO (FA1D0BWP12T)
                                                        0.1322     4.9191 r
  x_sub_system/x_core/ex_block_i/alu_i/intadd_8/n1 (net)
                                                1       0.0000     4.9191 r
  x_sub_system/x_core/ex_block_i/alu_i/U6/A2 (XOR3D0BWP12T)
                                                        0.0000     4.9191 r
  x_sub_system/x_core/ex_block_i/alu_i/U6/Z (XOR3D0BWP12T)
                                                        0.1726     5.0916 r
  x_sub_system/x_core/ex_block_i/alu_i/adder_result_o[31] (net)
                                                9       0.0000     5.0916 r
  x_sub_system/x_core/ex_block_i/alu_i/U151/B2 (OAI22D0BWP12T)
                                                        0.0000     5.0916 r
  x_sub_system/x_core/ex_block_i/alu_i/U151/ZN (OAI22D0BWP12T)
                                                        0.0587     5.1504 f
  x_sub_system/x_core/ex_block_i/alu_i/n34 (net)
                                                1       0.0000     5.1504 f
  x_sub_system/x_core/ex_block_i/alu_i/U52/B (AOI31D0BWP12T)
                                                        0.0000     5.1504 f
  x_sub_system/x_core/ex_block_i/alu_i/U52/ZN (AOI31D0BWP12T)
                                                        0.0833     5.2336 r
  x_sub_system/x_core/ex_block_i/alu_i/n52 (net)
                                                2       0.0000     5.2336 r
  x_sub_system/x_core/ex_block_i/alu_i/U160/I (INVD0BWP12T)
                                                        0.0000     5.2336 r
  x_sub_system/x_core/ex_block_i/alu_i/U160/ZN (INVD0BWP12T)
                                                        0.0339     5.2675 f
  x_sub_system/x_core/ex_block_i/alu_i/n48 (net)
                                                2       0.0000     5.2675 f
  x_sub_system/x_core/ex_block_i/alu_i/U46/C (MAOI222D0BWP12T)
                                                        0.0000     5.2675 f
  x_sub_system/x_core/ex_block_i/alu_i/U46/ZN (MAOI222D0BWP12T)
                                                        0.0745     5.3421 r
  x_sub_system/x_core/ex_block_i/alu_i/n46 (net)
                                                1       0.0000     5.3421 r
  x_sub_system/x_core/ex_block_i/alu_i/U3/B (OAI31D0BWP12T)
                                                        0.0000     5.3421 r
  x_sub_system/x_core/ex_block_i/alu_i/U3/ZN (OAI31D0BWP12T)
                                                        0.0572     5.3993 f
  x_sub_system/x_core/ex_block_i/alu_i/n49 (net)
                                                1       0.0000     5.3993 f
  x_sub_system/x_core/ex_block_i/alu_i/U56/C (OAI211D0BWP12T)
                                                        0.0000     5.3993 f
  x_sub_system/x_core/ex_block_i/alu_i/U56/ZN (OAI211D0BWP12T)
                                                        0.0512     5.4505 r
  x_sub_system/x_core/ex_block_i/alu_i/comparison_result_o (net)
                                                3       0.0000     5.4505 r
  x_sub_system/x_core/ex_block_i/alu_i/comparison_result_o (ibex_alu_RV32B0)
                                                        0.0000     5.4505 r
  x_sub_system/x_core/ex_block_i/branch_decision_o (net)
                                                        0.0000     5.4505 r
  x_sub_system/x_core/ex_block_i/branch_decision_o (ibex_ex_block_2_0_0)
                                                        0.0000     5.4505 r
  x_sub_system/x_core/branch_decision (net)             0.0000     5.4505 r
  x_sub_system/x_core/id_stage_i/branch_decision_i (ibex_id_stage_0_2_0_0_0_0_0_0)
                                                        0.0000     5.4505 r
  x_sub_system/x_core/id_stage_i/branch_decision_i (net)
                                                        0.0000     5.4505 r
  x_sub_system/x_core/id_stage_i/U9/A3 (ND3D0BWP12T)    0.0000     5.4505 r
  x_sub_system/x_core/id_stage_i/U9/ZN (ND3D0BWP12T)    0.0615     5.5121 f
  x_sub_system/x_core/id_stage_i/n80 (net)      2       0.0000     5.5121 f
  x_sub_system/x_core/id_stage_i/U10/A1 (CKND2D0BWP12T)
                                                        0.0000     5.5121 f
  x_sub_system/x_core/id_stage_i/U10/ZN (CKND2D0BWP12T)
                                                        0.0511     5.5631 r
  x_sub_system/x_core/id_stage_i/n155 (net)     2       0.0000     5.5631 r
  x_sub_system/x_core/id_stage_i/U6/C (AO211D0BWP12T)   0.0000     5.5631 r
  x_sub_system/x_core/id_stage_i/U6/Z (AO211D0BWP12T)   0.0719     5.6350 r
  x_sub_system/x_core/id_stage_i/stall_id (net)
                                                4       0.0000     5.6350 r
  x_sub_system/x_core/id_stage_i/U126/A2 (NR3D0BWP12T)
                                                        0.0000     5.6350 r
  x_sub_system/x_core/id_stage_i/U126/ZN (NR3D0BWP12T)
                                                        0.0346     5.6696 f
  x_sub_system/x_core/id_stage_i/en_wb_o (net)
                                                2       0.0000     5.6696 f
  x_sub_system/x_core/id_stage_i/U4/A2 (AN2D0BWP12T)    0.0000     5.6696 f
  x_sub_system/x_core/id_stage_i/U4/Z (AN2D0BWP12T)     0.0508     5.7203 f
  x_sub_system/x_core/id_stage_i/csr_op_en_o (net)
                                                2       0.0000     5.7203 f
  x_sub_system/x_core/id_stage_i/csr_op_en_o (ibex_id_stage_0_2_0_0_0_0_0_0)
                                                        0.0000     5.7203 f
  x_sub_system/x_core/csr_op_en (net)                   0.0000     5.7203 f
  x_sub_system/x_core/cs_registers_i/csr_op_en_i (ibex_cs_registers_0_00000001_0_0_0_0_00000000_00000028_0_00000000_00000004_0_2_0)
                                                        0.0000     5.7203 f
  x_sub_system/x_core/cs_registers_i/csr_op_en_i (net)
                                                        0.0000     5.7203 f
  x_sub_system/x_core/cs_registers_i/U6/B (OAI21D0BWP12T)
                                                        0.0000     5.7203 f
  x_sub_system/x_core/cs_registers_i/U6/ZN (OAI21D0BWP12T)
                                                        0.0332     5.7536 r
  x_sub_system/x_core/cs_registers_i/n255 (net)
                                                2       0.0000     5.7536 r
  x_sub_system/x_core/cs_registers_i/U104/B1 (AOI22D0BWP12T)
                                                        0.0000     5.7536 r
  x_sub_system/x_core/cs_registers_i/U104/ZN (AOI22D0BWP12T)
                                                        0.0472     5.8008 f
  x_sub_system/x_core/cs_registers_i/n247 (net)
                                                1       0.0000     5.8008 f
  x_sub_system/x_core/cs_registers_i/U5/B1 (AOI32D0BWP12T)
                                                        0.0000     5.8008 f
  x_sub_system/x_core/cs_registers_i/U5/ZN (AOI32D0BWP12T)
                                                        0.0725     5.8733 r
  x_sub_system/x_core/cs_registers_i/n248 (net)
                                                1       0.0000     5.8733 r
  x_sub_system/x_core/cs_registers_i/U8/C (OAI211D0BWP12T)
                                                        0.0000     5.8733 r
  x_sub_system/x_core/cs_registers_i/U8/ZN (OAI211D0BWP12T)
                                                        0.0666     5.9399 f
  x_sub_system/x_core/cs_registers_i/n251 (net)
                                                1       0.0000     5.9399 f
  x_sub_system/x_core/cs_registers_i/U7/A3 (OA31D0BWP12T)
                                                        0.0000     5.9399 f
  x_sub_system/x_core/cs_registers_i/U7/Z (OA31D0BWP12T)
                                                        0.1134     6.0532 f
  x_sub_system/x_core/cs_registers_i/illegal_csr_insn_o (net)
                                                4       0.0000     6.0532 f
  x_sub_system/x_core/cs_registers_i/U10/A1 (NR2D0BWP12T)
                                                        0.0000     6.0532 f
  x_sub_system/x_core/cs_registers_i/U10/ZN (NR2D0BWP12T)
                                                        0.1030     6.1562 r
  x_sub_system/x_core/cs_registers_i/n767 (net)
                                                7       0.0000     6.1562 r
  x_sub_system/x_core/cs_registers_i/U9/A1 (CKND2D0BWP12T)
                                                        0.0000     6.1562 r
  x_sub_system/x_core/cs_registers_i/U9/ZN (CKND2D0BWP12T)
                                                        0.0652     6.2214 f
  x_sub_system/x_core/cs_registers_i/n606 (net)
                                                2       0.0000     6.2214 f
  x_sub_system/x_core/cs_registers_i/U11/A2 (NR2D0BWP12T)
                                                        0.0000     6.2214 f
  x_sub_system/x_core/cs_registers_i/U11/ZN (NR2D0BWP12T)
                                                        0.2284     6.4498 r
  x_sub_system/x_core/cs_registers_i/mhpmcounterh_we_0 (net)
                                               19       0.0000     6.4498 r
  x_sub_system/x_core/cs_registers_i/mcycle_counter_i/counterh_we_i (ibex_counter_CounterWidth64_1)
                                                        0.0000     6.4498 r
  x_sub_system/x_core/cs_registers_i/mcycle_counter_i/counterh_we_i (net)
                                                        0.0000     6.4498 r
  x_sub_system/x_core/cs_registers_i/mcycle_counter_i/U5/I (INVD0BWP12T)
                                                        0.0000     6.4498 r
  x_sub_system/x_core/cs_registers_i/mcycle_counter_i/U5/ZN (INVD0BWP12T)
                                                        0.0708     6.5206 f
  x_sub_system/x_core/cs_registers_i/mcycle_counter_i/n3 (net)
                                                4       0.0000     6.5206 f
  x_sub_system/x_core/cs_registers_i/mcycle_counter_i/U25/I (INVD0BWP12T)
                                                        0.0000     6.5206 f
  x_sub_system/x_core/cs_registers_i/mcycle_counter_i/U25/ZN (INVD0BWP12T)
                                                        0.1087     6.6294 r
  x_sub_system/x_core/cs_registers_i/mcycle_counter_i/n304 (net)
                                               15       0.0000     6.6294 r
  x_sub_system/x_core/cs_registers_i/mcycle_counter_i/U3/B2 (INR3D0BWP12T)
                                                        0.0000     6.6294 r
  x_sub_system/x_core/cs_registers_i/mcycle_counter_i/U3/ZN (INR3D0BWP12T)
                                                        0.1089     6.7383 f
  x_sub_system/x_core/cs_registers_i/mcycle_counter_i/n308 (net)
                                               18       0.0000     6.7383 f
  x_sub_system/x_core/cs_registers_i/mcycle_counter_i/U26/I (INVD0BWP12T)
                                                        0.0000     6.7383 f
  x_sub_system/x_core/cs_registers_i/mcycle_counter_i/U26/ZN (INVD0BWP12T)
                                                        0.2054     6.9437 r
  x_sub_system/x_core/cs_registers_i/mcycle_counter_i/n279 (net)
                                               32       0.0000     6.9437 r
  x_sub_system/x_core/cs_registers_i/mcycle_counter_i/U114/I (BUFFD0BWP12T)
                                                        0.0000     6.9437 r
  x_sub_system/x_core/cs_registers_i/mcycle_counter_i/U114/Z (BUFFD0BWP12T)
                                                        0.1472     7.0910 r
  x_sub_system/x_core/cs_registers_i/mcycle_counter_i/n289 (net)
                                               16       0.0000     7.0910 r
  x_sub_system/x_core/cs_registers_i/mcycle_counter_i/U4/A2 (CKND2D0BWP12T)
                                                        0.0000     7.0910 r
  x_sub_system/x_core/cs_registers_i/mcycle_counter_i/U4/ZN (CKND2D0BWP12T)
                                                        0.2622     7.3532 f
  x_sub_system/x_core/cs_registers_i/mcycle_counter_i/n290 (net)
                                               24       0.0000     7.3532 f
  x_sub_system/x_core/cs_registers_i/mcycle_counter_i/U120/I (BUFFD0BWP12T)
                                                        0.0000     7.3532 f
  x_sub_system/x_core/cs_registers_i/mcycle_counter_i/U120/Z (BUFFD0BWP12T)
                                                        0.1680     7.5212 f
  x_sub_system/x_core/cs_registers_i/mcycle_counter_i/n288 (net)
                                               21       0.0000     7.5212 f
  x_sub_system/x_core/cs_registers_i/mcycle_counter_i/U306/B2 (AOI32D0BWP12T)
                                                        0.0000     7.5212 f
  x_sub_system/x_core/cs_registers_i/mcycle_counter_i/U306/ZN (AOI32D0BWP12T)
                                                        0.1027     7.6239 r
  x_sub_system/x_core/cs_registers_i/mcycle_counter_i/n292 (net)
                                                1       0.0000     7.6239 r
  x_sub_system/x_core/cs_registers_i/mcycle_counter_i/U307/B2 (AOI22D0BWP12T)
                                                        0.0000     7.6239 r
  x_sub_system/x_core/cs_registers_i/mcycle_counter_i/U307/ZN (AOI22D0BWP12T)
                                                        0.0598     7.6837 f
  x_sub_system/x_core/cs_registers_i/mcycle_counter_i/n293 (net)
                                                1       0.0000     7.6837 f
  x_sub_system/x_core/cs_registers_i/mcycle_counter_i/U308/B (OAI31D0BWP12T)
                                                        0.0000     7.6837 f
  x_sub_system/x_core/cs_registers_i/mcycle_counter_i/U308/ZN (OAI31D0BWP12T)
                                                        0.0593     7.7431 r
  x_sub_system/x_core/cs_registers_i/mcycle_counter_i/n40 (net)
                                                1       0.0000     7.7431 r
  x_sub_system/x_core/cs_registers_i/mcycle_counter_i/counter_q_reg[34]/D (DFCNQD1BWP12T)
                                                        0.0000     7.7431 r
  data arrival time                                                7.7431

  clock clk1 (rise edge)                               10.0000    10.0000
  clock network delay (ideal)                           0.0000    10.0000
  clock uncertainty                                    -0.2000     9.8000
  x_sub_system/x_core/cs_registers_i/mcycle_counter_i/counter_q_reg[34]/CP (DFCNQD1BWP12T)
                                                        0.0000     9.8000 r
  library setup time                                   -0.0162     9.7838
  data required time                                               9.7838
  --------------------------------------------------------------------------
  data required time                                               9.7838
  data arrival time                                               -7.7431
  --------------------------------------------------------------------------
  slack (MET)                                                      2.0408


  Startpoint: x_sub_system/x_core/if_stage_i/instr_rdata_alu_id_o_reg[1]
              (rising edge-triggered flip-flop clocked by clk1)
  Endpoint: x_sub_system/x_core/cs_registers_i/mcycle_counter_i/counter_q_reg[36]
            (rising edge-triggered flip-flop clocked by clk1)
  Path Group: clk1
  Path Type: max

  Des/Clust/Port     Wire Load Model       Library
  ------------------------------------------------
  ibex_csr_32_0_0_5  ZeroWireload          tcbn65gplusbwp12twc
  ibex_csr_32_0_0_4  ZeroWireload          tcbn65gplusbwp12twc
  ibex_csr_32_0_0_3  ZeroWireload          tcbn65gplusbwp12twc
  ibex_csr_32_0_0_2  ZeroWireload          tcbn65gplusbwp12twc
  ibex_csr_32_0_0_1  ZeroWireload          tcbn65gplusbwp12twc
  ibex_counter_CounterWidth64_0
                     ZeroWireload          tcbn65gplusbwp12twc
  ibex_fetch_fifo_00000002
                     ZeroWireload          tcbn65gplusbwp12twc
  ibex_counter_CounterWidth64_1
                     ZeroWireload          tcbn65gplusbwp12twc
  ibex_csr_32_0_40000003
                     ZeroWireload          tcbn65gplusbwp12twc
  ibex_csr_32_0_00000001
                     ZeroWireload          tcbn65gplusbwp12twc
  ibex_csr_6_0_0_2   ZeroWireload          tcbn65gplusbwp12twc
  ibex_csr_18_0_0    ZeroWireload          tcbn65gplusbwp12twc
  ibex_csr_32_0_0_6  ZeroWireload          tcbn65gplusbwp12twc
  ibex_csr_6_0_10    ZeroWireload          tcbn65gplusbwp12twc
  ibex_multdiv_fast_RV32M2
                     ZeroWireload          tcbn65gplusbwp12twc
  ibex_controller_0_0
                     ZeroWireload          tcbn65gplusbwp12twc
  ibex_prefetch_buffer_0
                     ZeroWireload          tcbn65gplusbwp12twc
  ibex_cs_registers_0_00000001_0_0_0_0_00000000_00000028_0_00000000_00000004_0_2_0
                     ZeroWireload          tcbn65gplusbwp12twc
  ibex_load_store_unit
                     ZeroWireload          tcbn65gplusbwp12twc
  ibex_ex_block_2_0_0
                     ZeroWireload          tcbn65gplusbwp12twc
  ibex_id_stage_0_2_0_0_0_0_0_0
                     ZeroWireload          tcbn65gplusbwp12twc
  ibex_if_stage_00000000_00000000_0_0_0_0_0
                     ZeroWireload          tcbn65gplusbwp12twc
  prim_clock_gating  ZeroWireload          tcbn65gplusbwp12twc
  ibex_core_00000000_00000000
                     ZeroWireload          tcbn65gplusbwp12twc
  ibex_decoder_0_2_0_0
                     ZeroWireload          tcbn65gplusbwp12twc
  ibex_register_file_ff_0_00000020_0
                     ZeroWireload          tcbn65gplusbwp12twc
  ibex_alu_RV32B0    ZeroWireload          tcbn65gplusbwp12twc
  ibex_wb_stage_0    ZeroWireload          tcbn65gplusbwp12twc

  Point                                       Fanout      Incr       Path
  --------------------------------------------------------------------------
  clock clk1 (rise edge)                                0.0000     0.0000
  clock network delay (ideal)                           0.0000     0.0000
  x_sub_system/x_core/if_stage_i/instr_rdata_alu_id_o_reg[1]/CP (EDFQD1BWP12T)
                                                        0.0000     0.0000 r
  x_sub_system/x_core/if_stage_i/instr_rdata_alu_id_o_reg[1]/Q (EDFQD1BWP12T)
                                                        0.1057     0.1057 r
  x_sub_system/x_core/if_stage_i/instr_rdata_alu_id_o[1] (net)
                                                1       0.0000     0.1057 r
  x_sub_system/x_core/if_stage_i/instr_rdata_alu_id_o[1] (ibex_if_stage_00000000_00000000_0_0_0_0_0)
                                                        0.0000     0.1057 r
  x_sub_system/x_core/instr_rdata_alu_id[1] (net)       0.0000     0.1057 r
  x_sub_system/x_core/id_stage_i/instr_rdata_alu_i[1] (ibex_id_stage_0_2_0_0_0_0_0_0)
                                                        0.0000     0.1057 r
  x_sub_system/x_core/id_stage_i/instr_rdata_alu_i[1] (net)
                                                        0.0000     0.1057 r
  x_sub_system/x_core/id_stage_i/decoder_i/instr_rdata_alu_i[1] (ibex_decoder_0_2_0_0)
                                                        0.0000     0.1057 r
  x_sub_system/x_core/id_stage_i/decoder_i/instr_rdata_alu_i[1] (net)
                                                        0.0000     0.1057 r
  x_sub_system/x_core/id_stage_i/decoder_i/U42/A2 (CKND2D0BWP12T)
                                                        0.0000     0.1057 r
  x_sub_system/x_core/id_stage_i/decoder_i/U42/ZN (CKND2D0BWP12T)
                                                        0.0584     0.1641 f
  x_sub_system/x_core/id_stage_i/decoder_i/n65 (net)
                                                4       0.0000     0.1641 f
  x_sub_system/x_core/id_stage_i/decoder_i/U43/A4 (NR4D0BWP12T)
                                                        0.0000     0.1641 f
  x_sub_system/x_core/id_stage_i/decoder_i/U43/ZN (NR4D0BWP12T)
                                                        0.0922     0.2563 r
  x_sub_system/x_core/id_stage_i/decoder_i/n58 (net)
                                                2       0.0000     0.2563 r
  x_sub_system/x_core/id_stage_i/decoder_i/U44/A3 (ND3D0BWP12T)
                                                        0.0000     0.2563 r
  x_sub_system/x_core/id_stage_i/decoder_i/U44/ZN (ND3D0BWP12T)
                                                        0.0723     0.3286 f
  x_sub_system/x_core/id_stage_i/decoder_i/n83 (net)
                                                3       0.0000     0.3286 f
  x_sub_system/x_core/id_stage_i/decoder_i/U3/A2 (NR2D0BWP12T)
                                                        0.0000     0.3286 f
  x_sub_system/x_core/id_stage_i/decoder_i/U3/ZN (NR2D0BWP12T)
                                                        0.1506     0.4792 r
  x_sub_system/x_core/id_stage_i/decoder_i/n76 (net)
                                               10       0.0000     0.4792 r
  x_sub_system/x_core/id_stage_i/decoder_i/U123/B2 (MAOI22D0BWP12T)
                                                        0.0000     0.4792 r
  x_sub_system/x_core/id_stage_i/decoder_i/U123/ZN (MAOI22D0BWP12T)
                                                        0.1147     0.5939 r
  x_sub_system/x_core/id_stage_i/decoder_i/rf_raddr_a_o[1] (net)
                                                3       0.0000     0.5939 r
  x_sub_system/x_core/id_stage_i/decoder_i/rf_raddr_a_o[1] (ibex_decoder_0_2_0_0)
                                                        0.0000     0.5939 r
  x_sub_system/x_core/id_stage_i/rf_raddr_a_o[1] (net)
                                                        0.0000     0.5939 r
  x_sub_system/x_core/id_stage_i/rf_raddr_a_o[1] (ibex_id_stage_0_2_0_0_0_0_0_0)
                                                        0.0000     0.5939 r
  x_sub_system/x_core/rf_raddr_a[1] (net)               0.0000     0.5939 r
  x_sub_system/x_core/gen_regfile_ff.register_file_i/raddr_a_i[1] (ibex_register_file_ff_0_00000020_0)
                                                        0.0000     0.5939 r
  x_sub_system/x_core/gen_regfile_ff.register_file_i/raddr_a_i[1] (net)
                                                        0.0000     0.5939 r
  x_sub_system/x_core/gen_regfile_ff.register_file_i/U1269/I (INVD0BWP12T)
                                                        0.0000     0.5939 r
  x_sub_system/x_core/gen_regfile_ff.register_file_i/U1269/ZN (INVD0BWP12T)
                                                        0.0290     0.6229 f
  x_sub_system/x_core/gen_regfile_ff.register_file_i/n150 (net)
                                                2       0.0000     0.6229 f
  x_sub_system/x_core/gen_regfile_ff.register_file_i/U8/A2 (CKND2D0BWP12T)
                                                        0.0000     0.6229 f
  x_sub_system/x_core/gen_regfile_ff.register_file_i/U8/ZN (CKND2D0BWP12T)
                                                        0.1283     0.7512 r
  x_sub_system/x_core/gen_regfile_ff.register_file_i/n172 (net)
                                                8       0.0000     0.7512 r
  x_sub_system/x_core/gen_regfile_ff.register_file_i/U1312/A1 (NR2XD0BWP12T)
                                                        0.0000     0.7512 r
  x_sub_system/x_core/gen_regfile_ff.register_file_i/U1312/ZN (NR2XD0BWP12T)
                                                        0.1735     0.9247 f
  x_sub_system/x_core/gen_regfile_ff.register_file_i/n2468 (net)
                                               32       0.0000     0.9247 f
  x_sub_system/x_core/gen_regfile_ff.register_file_i/U2594/B1 (AOI22D0BWP12T)
                                                        0.0000     0.9247 f
  x_sub_system/x_core/gen_regfile_ff.register_file_i/U2594/ZN (AOI22D0BWP12T)
                                                        0.0970     1.0217 r
  x_sub_system/x_core/gen_regfile_ff.register_file_i/n2472 (net)
                                                1       0.0000     1.0217 r
  x_sub_system/x_core/gen_regfile_ff.register_file_i/U2596/A3 (ND4D0BWP12T)
                                                        0.0000     1.0217 r
  x_sub_system/x_core/gen_regfile_ff.register_file_i/U2596/ZN (ND4D0BWP12T)
                                                        0.0686     1.0903 f
  x_sub_system/x_core/gen_regfile_ff.register_file_i/n2514 (net)
                                                1       0.0000     1.0903 f
  x_sub_system/x_core/gen_regfile_ff.register_file_i/U2611/A1 (OR4D0BWP12T)
                                                        0.0000     1.0903 f
  x_sub_system/x_core/gen_regfile_ff.register_file_i/U2611/Z (OR4D0BWP12T)
                                                        0.1572     1.2475 f
  x_sub_system/x_core/gen_regfile_ff.register_file_i/rdata_a_o[21] (net)
                                                2       0.0000     1.2475 f
  x_sub_system/x_core/gen_regfile_ff.register_file_i/rdata_a_o[21] (ibex_register_file_ff_0_00000020_0)
                                                        0.0000     1.2475 f
  x_sub_system/x_core/rf_rdata_a[21] (net)              0.0000     1.2475 f
  x_sub_system/x_core/id_stage_i/rf_rdata_a_i[21] (ibex_id_stage_0_2_0_0_0_0_0_0)
                                                        0.0000     1.2475 f
  x_sub_system/x_core/id_stage_i/rf_rdata_a_i[21] (net)
                                                        0.0000     1.2475 f
  x_sub_system/x_core/id_stage_i/U105/I (BUFFD0BWP12T)
                                                        0.0000     1.2475 f
  x_sub_system/x_core/id_stage_i/U105/Z (BUFFD0BWP12T)
                                                        0.0506     1.2981 f
  x_sub_system/x_core/id_stage_i/multdiv_operand_a_ex_o[21] (net)
                                                2       0.0000     1.2981 f
  x_sub_system/x_core/id_stage_i/multdiv_operand_a_ex_o[21] (ibex_id_stage_0_2_0_0_0_0_0_0)
                                                        0.0000     1.2981 f
  x_sub_system/x_core/multdiv_operand_a_ex[21] (net)    0.0000     1.2981 f
  x_sub_system/x_core/ex_block_i/multdiv_operand_a_i[21] (ibex_ex_block_2_0_0)
                                                        0.0000     1.2981 f
  x_sub_system/x_core/ex_block_i/multdiv_operand_a_i[21] (net)
                                                        0.0000     1.2981 f
  x_sub_system/x_core/ex_block_i/gen_multdiv_fast.multdiv_i/op_a_i[21] (ibex_multdiv_fast_RV32M2)
                                                        0.0000     1.2981 f
  x_sub_system/x_core/ex_block_i/gen_multdiv_fast.multdiv_i/op_a_i[21] (net)
                                                        0.0000     1.2981 f
  x_sub_system/x_core/ex_block_i/gen_multdiv_fast.multdiv_i/U259/A2 (AOI22D1BWP12T)
                                                        0.0000     1.2981 f
  x_sub_system/x_core/ex_block_i/gen_multdiv_fast.multdiv_i/U259/ZN (AOI22D1BWP12T)
                                                        0.2181     1.5162 r
  x_sub_system/x_core/ex_block_i/gen_multdiv_fast.multdiv_i/intadd_11/A[0] (net)
                                               23       0.0000     1.5162 r
  x_sub_system/x_core/ex_block_i/gen_multdiv_fast.multdiv_i/U607/I (INVD0BWP12T)
                                                        0.0000     1.5162 r
  x_sub_system/x_core/ex_block_i/gen_multdiv_fast.multdiv_i/U607/ZN (INVD0BWP12T)
                                                        0.2076     1.7239 f
  x_sub_system/x_core/ex_block_i/gen_multdiv_fast.multdiv_i/n987 (net)
                                               21       0.0000     1.7239 f
  x_sub_system/x_core/ex_block_i/gen_multdiv_fast.multdiv_i/U613/I0 (MUX2ND0BWP12T)
                                                        0.0000     1.7239 f
  x_sub_system/x_core/ex_block_i/gen_multdiv_fast.multdiv_i/U613/ZN (MUX2ND0BWP12T)
                                                        0.0838     1.8077 r
  x_sub_system/x_core/ex_block_i/gen_multdiv_fast.multdiv_i/n472 (net)
                                                3       0.0000     1.8077 r
  x_sub_system/x_core/ex_block_i/gen_multdiv_fast.multdiv_i/U24/I (INVD0BWP12T)
                                                        0.0000     1.8077 r
  x_sub_system/x_core/ex_block_i/gen_multdiv_fast.multdiv_i/U24/ZN (INVD0BWP12T)
                                                        0.0300     1.8376 f
  x_sub_system/x_core/ex_block_i/gen_multdiv_fast.multdiv_i/n474 (net)
                                                2       0.0000     1.8376 f
  x_sub_system/x_core/ex_block_i/gen_multdiv_fast.multdiv_i/U910/A2 (CKND2D0BWP12T)
                                                        0.0000     1.8376 f
  x_sub_system/x_core/ex_block_i/gen_multdiv_fast.multdiv_i/U910/ZN (CKND2D0BWP12T)
                                                        0.1889     2.0265 r
  x_sub_system/x_core/ex_block_i/gen_multdiv_fast.multdiv_i/n981 (net)
                                               17       0.0000     2.0265 r
  x_sub_system/x_core/ex_block_i/gen_multdiv_fast.multdiv_i/U914/C1 (OAI222D0BWP12T)
                                                        0.0000     2.0265 r
  x_sub_system/x_core/ex_block_i/gen_multdiv_fast.multdiv_i/U914/ZN (OAI222D0BWP12T)
                                                        0.1417     2.1682 f
  x_sub_system/x_core/ex_block_i/gen_multdiv_fast.multdiv_i/n479 (net)
                                                1       0.0000     2.1682 f
  x_sub_system/x_core/ex_block_i/gen_multdiv_fast.multdiv_i/U915/S (MUX2ND0BWP12T)
                                                        0.0000     2.1682 f
  x_sub_system/x_core/ex_block_i/gen_multdiv_fast.multdiv_i/U915/ZN (MUX2ND0BWP12T)
                                                        0.0790     2.2472 f
  x_sub_system/x_core/ex_block_i/gen_multdiv_fast.multdiv_i/intadd_11/A[1] (net)
                                                1       0.0000     2.2472 f
  x_sub_system/x_core/ex_block_i/gen_multdiv_fast.multdiv_i/intadd_11/U3/A (FA1D0BWP12T)
                                                        0.0000     2.2472 f
  x_sub_system/x_core/ex_block_i/gen_multdiv_fast.multdiv_i/intadd_11/U3/CO (FA1D0BWP12T)
                                                        0.1412     2.3884 f
  x_sub_system/x_core/ex_block_i/gen_multdiv_fast.multdiv_i/intadd_11/n2 (net)
                                                1       0.0000     2.3884 f
  x_sub_system/x_core/ex_block_i/gen_multdiv_fast.multdiv_i/intadd_11/U2/CI (FA1D0BWP12T)
                                                        0.0000     2.3884 f
  x_sub_system/x_core/ex_block_i/gen_multdiv_fast.multdiv_i/intadd_11/U2/CO (FA1D0BWP12T)
                                                        0.0651     2.4535 f
  x_sub_system/x_core/ex_block_i/gen_multdiv_fast.multdiv_i/intadd_11/n1 (net)
                                                1       0.0000     2.4535 f
  x_sub_system/x_core/ex_block_i/gen_multdiv_fast.multdiv_i/U865/I (INVD0BWP12T)
                                                        0.0000     2.4535 f
  x_sub_system/x_core/ex_block_i/gen_multdiv_fast.multdiv_i/U865/ZN (INVD0BWP12T)
                                                        0.0235     2.4770 r
  x_sub_system/x_core/ex_block_i/gen_multdiv_fast.multdiv_i/DP_OP_71J4_122_6124/n291 (net)
                                                1       0.0000     2.4770 r
  x_sub_system/x_core/ex_block_i/gen_multdiv_fast.multdiv_i/DP_OP_71J4_122_6124/U194/CIX (CMPE42D1BWP12T)
                                                        0.0000     2.4770 r
  x_sub_system/x_core/ex_block_i/gen_multdiv_fast.multdiv_i/DP_OP_71J4_122_6124/U194/S (CMPE42D1BWP12T)
                                                        0.0823     2.5593 r
  x_sub_system/x_core/ex_block_i/gen_multdiv_fast.multdiv_i/DP_OP_71J4_122_6124/n290 (net)
                                                1       0.0000     2.5593 r
  x_sub_system/x_core/ex_block_i/gen_multdiv_fast.multdiv_i/U856/I (INVD0BWP12T)
                                                        0.0000     2.5593 r
  x_sub_system/x_core/ex_block_i/gen_multdiv_fast.multdiv_i/U856/ZN (INVD0BWP12T)
                                                        0.0181     2.5774 f
  x_sub_system/x_core/ex_block_i/gen_multdiv_fast.multdiv_i/intadd_9/A[6] (net)
                                                1       0.0000     2.5774 f
  x_sub_system/x_core/ex_block_i/gen_multdiv_fast.multdiv_i/intadd_9/U27/A (FA1D0BWP12T)
                                                        0.0000     2.5774 f
  x_sub_system/x_core/ex_block_i/gen_multdiv_fast.multdiv_i/intadd_9/U27/CO (FA1D0BWP12T)
                                                        0.1268     2.7042 f
  x_sub_system/x_core/ex_block_i/gen_multdiv_fast.multdiv_i/intadd_9/n26 (net)
                                                1       0.0000     2.7042 f
  x_sub_system/x_core/ex_block_i/gen_multdiv_fast.multdiv_i/intadd_9/U26/CI (FA1D0BWP12T)
                                                        0.0000     2.7042 f
  x_sub_system/x_core/ex_block_i/gen_multdiv_fast.multdiv_i/intadd_9/U26/CO (FA1D0BWP12T)
                                                        0.0688     2.7730 f
  x_sub_system/x_core/ex_block_i/gen_multdiv_fast.multdiv_i/intadd_9/n25 (net)
                                                1       0.0000     2.7730 f
  x_sub_system/x_core/ex_block_i/gen_multdiv_fast.multdiv_i/intadd_9/U25/CI (FA1D0BWP12T)
                                                        0.0000     2.7730 f
  x_sub_system/x_core/ex_block_i/gen_multdiv_fast.multdiv_i/intadd_9/U25/CO (FA1D0BWP12T)
                                                        0.0688     2.8419 f
  x_sub_system/x_core/ex_block_i/gen_multdiv_fast.multdiv_i/intadd_9/n24 (net)
                                                1       0.0000     2.8419 f
  x_sub_system/x_core/ex_block_i/gen_multdiv_fast.multdiv_i/intadd_9/U24/CI (FA1D0BWP12T)
                                                        0.0000     2.8419 f
  x_sub_system/x_core/ex_block_i/gen_multdiv_fast.multdiv_i/intadd_9/U24/CO (FA1D0BWP12T)
                                                        0.0688     2.9107 f
  x_sub_system/x_core/ex_block_i/gen_multdiv_fast.multdiv_i/intadd_9/n23 (net)
                                                1       0.0000     2.9107 f
  x_sub_system/x_core/ex_block_i/gen_multdiv_fast.multdiv_i/intadd_9/U23/CI (FA1D0BWP12T)
                                                        0.0000     2.9107 f
  x_sub_system/x_core/ex_block_i/gen_multdiv_fast.multdiv_i/intadd_9/U23/CO (FA1D0BWP12T)
                                                        0.0688     2.9796 f
  x_sub_system/x_core/ex_block_i/gen_multdiv_fast.multdiv_i/intadd_9/n22 (net)
                                                1       0.0000     2.9796 f
  x_sub_system/x_core/ex_block_i/gen_multdiv_fast.multdiv_i/intadd_9/U22/CI (FA1D0BWP12T)
                                                        0.0000     2.9796 f
  x_sub_system/x_core/ex_block_i/gen_multdiv_fast.multdiv_i/intadd_9/U22/CO (FA1D0BWP12T)
                                                        0.0688     3.0484 f
  x_sub_system/x_core/ex_block_i/gen_multdiv_fast.multdiv_i/intadd_9/n21 (net)
                                                1       0.0000     3.0484 f
  x_sub_system/x_core/ex_block_i/gen_multdiv_fast.multdiv_i/intadd_9/U21/CI (FA1D0BWP12T)
                                                        0.0000     3.0484 f
  x_sub_system/x_core/ex_block_i/gen_multdiv_fast.multdiv_i/intadd_9/U21/CO (FA1D0BWP12T)
                                                        0.0688     3.1172 f
  x_sub_system/x_core/ex_block_i/gen_multdiv_fast.multdiv_i/intadd_9/n20 (net)
                                                1       0.0000     3.1172 f
  x_sub_system/x_core/ex_block_i/gen_multdiv_fast.multdiv_i/intadd_9/U20/CI (FA1D0BWP12T)
                                                        0.0000     3.1172 f
  x_sub_system/x_core/ex_block_i/gen_multdiv_fast.multdiv_i/intadd_9/U20/CO (FA1D0BWP12T)
                                                        0.0688     3.1861 f
  x_sub_system/x_core/ex_block_i/gen_multdiv_fast.multdiv_i/intadd_9/n19 (net)
                                                1       0.0000     3.1861 f
  x_sub_system/x_core/ex_block_i/gen_multdiv_fast.multdiv_i/intadd_9/U19/CI (FA1D0BWP12T)
                                                        0.0000     3.1861 f
  x_sub_system/x_core/ex_block_i/gen_multdiv_fast.multdiv_i/intadd_9/U19/CO (FA1D0BWP12T)
                                                        0.0688     3.2549 f
  x_sub_system/x_core/ex_block_i/gen_multdiv_fast.multdiv_i/intadd_9/n18 (net)
                                                1       0.0000     3.2549 f
  x_sub_system/x_core/ex_block_i/gen_multdiv_fast.multdiv_i/intadd_9/U18/CI (FA1D0BWP12T)
                                                        0.0000     3.2549 f
  x_sub_system/x_core/ex_block_i/gen_multdiv_fast.multdiv_i/intadd_9/U18/CO (FA1D0BWP12T)
                                                        0.0688     3.3238 f
  x_sub_system/x_core/ex_block_i/gen_multdiv_fast.multdiv_i/intadd_9/n17 (net)
                                                1       0.0000     3.3238 f
  x_sub_system/x_core/ex_block_i/gen_multdiv_fast.multdiv_i/intadd_9/U17/CI (FA1D0BWP12T)
                                                        0.0000     3.3238 f
  x_sub_system/x_core/ex_block_i/gen_multdiv_fast.multdiv_i/intadd_9/U17/CO (FA1D0BWP12T)
                                                        0.0688     3.3926 f
  x_sub_system/x_core/ex_block_i/gen_multdiv_fast.multdiv_i/intadd_9/n16 (net)
                                                1       0.0000     3.3926 f
  x_sub_system/x_core/ex_block_i/gen_multdiv_fast.multdiv_i/intadd_9/U16/CI (FA1D0BWP12T)
                                                        0.0000     3.3926 f
  x_sub_system/x_core/ex_block_i/gen_multdiv_fast.multdiv_i/intadd_9/U16/CO (FA1D0BWP12T)
                                                        0.0688     3.4615 f
  x_sub_system/x_core/ex_block_i/gen_multdiv_fast.multdiv_i/intadd_9/n15 (net)
                                                1       0.0000     3.4615 f
  x_sub_system/x_core/ex_block_i/gen_multdiv_fast.multdiv_i/intadd_9/U15/CI (FA1D0BWP12T)
                                                        0.0000     3.4615 f
  x_sub_system/x_core/ex_block_i/gen_multdiv_fast.multdiv_i/intadd_9/U15/CO (FA1D0BWP12T)
                                                        0.0688     3.5303 f
  x_sub_system/x_core/ex_block_i/gen_multdiv_fast.multdiv_i/intadd_9/n14 (net)
                                                1       0.0000     3.5303 f
  x_sub_system/x_core/ex_block_i/gen_multdiv_fast.multdiv_i/intadd_9/U14/CI (FA1D0BWP12T)
                                                        0.0000     3.5303 f
  x_sub_system/x_core/ex_block_i/gen_multdiv_fast.multdiv_i/intadd_9/U14/CO (FA1D0BWP12T)
                                                        0.0688     3.5991 f
  x_sub_system/x_core/ex_block_i/gen_multdiv_fast.multdiv_i/intadd_9/n13 (net)
                                                1       0.0000     3.5991 f
  x_sub_system/x_core/ex_block_i/gen_multdiv_fast.multdiv_i/intadd_9/U13/CI (FA1D0BWP12T)
                                                        0.0000     3.5991 f
  x_sub_system/x_core/ex_block_i/gen_multdiv_fast.multdiv_i/intadd_9/U13/CO (FA1D0BWP12T)
                                                        0.0688     3.6680 f
  x_sub_system/x_core/ex_block_i/gen_multdiv_fast.multdiv_i/intadd_9/n12 (net)
                                                1       0.0000     3.6680 f
  x_sub_system/x_core/ex_block_i/gen_multdiv_fast.multdiv_i/intadd_9/U12/CI (FA1D0BWP12T)
                                                        0.0000     3.6680 f
  x_sub_system/x_core/ex_block_i/gen_multdiv_fast.multdiv_i/intadd_9/U12/CO (FA1D0BWP12T)
                                                        0.0688     3.7368 f
  x_sub_system/x_core/ex_block_i/gen_multdiv_fast.multdiv_i/intadd_9/n11 (net)
                                                1       0.0000     3.7368 f
  x_sub_system/x_core/ex_block_i/gen_multdiv_fast.multdiv_i/intadd_9/U11/CI (FA1D0BWP12T)
                                                        0.0000     3.7368 f
  x_sub_system/x_core/ex_block_i/gen_multdiv_fast.multdiv_i/intadd_9/U11/CO (FA1D0BWP12T)
                                                        0.0688     3.8057 f
  x_sub_system/x_core/ex_block_i/gen_multdiv_fast.multdiv_i/intadd_9/n10 (net)
                                                1       0.0000     3.8057 f
  x_sub_system/x_core/ex_block_i/gen_multdiv_fast.multdiv_i/intadd_9/U10/CI (FA1D0BWP12T)
                                                        0.0000     3.8057 f
  x_sub_system/x_core/ex_block_i/gen_multdiv_fast.multdiv_i/intadd_9/U10/CO (FA1D0BWP12T)
                                                        0.0688     3.8745 f
  x_sub_system/x_core/ex_block_i/gen_multdiv_fast.multdiv_i/intadd_9/n9 (net)
                                                1       0.0000     3.8745 f
  x_sub_system/x_core/ex_block_i/gen_multdiv_fast.multdiv_i/intadd_9/U9/CI (FA1D0BWP12T)
                                                        0.0000     3.8745 f
  x_sub_system/x_core/ex_block_i/gen_multdiv_fast.multdiv_i/intadd_9/U9/CO (FA1D0BWP12T)
                                                        0.0688     3.9434 f
  x_sub_system/x_core/ex_block_i/gen_multdiv_fast.multdiv_i/intadd_9/n8 (net)
                                                1       0.0000     3.9434 f
  x_sub_system/x_core/ex_block_i/gen_multdiv_fast.multdiv_i/intadd_9/U8/CI (FA1D0BWP12T)
                                                        0.0000     3.9434 f
  x_sub_system/x_core/ex_block_i/gen_multdiv_fast.multdiv_i/intadd_9/U8/CO (FA1D0BWP12T)
                                                        0.0688     4.0122 f
  x_sub_system/x_core/ex_block_i/gen_multdiv_fast.multdiv_i/intadd_9/n7 (net)
                                                1       0.0000     4.0122 f
  x_sub_system/x_core/ex_block_i/gen_multdiv_fast.multdiv_i/intadd_9/U7/CI (FA1D0BWP12T)
                                                        0.0000     4.0122 f
  x_sub_system/x_core/ex_block_i/gen_multdiv_fast.multdiv_i/intadd_9/U7/CO (FA1D0BWP12T)
                                                        0.0688     4.0811 f
  x_sub_system/x_core/ex_block_i/gen_multdiv_fast.multdiv_i/intadd_9/n6 (net)
                                                1       0.0000     4.0811 f
  x_sub_system/x_core/ex_block_i/gen_multdiv_fast.multdiv_i/intadd_9/U6/CI (FA1D0BWP12T)
                                                        0.0000     4.0811 f
  x_sub_system/x_core/ex_block_i/gen_multdiv_fast.multdiv_i/intadd_9/U6/CO (FA1D0BWP12T)
                                                        0.0688     4.1499 f
  x_sub_system/x_core/ex_block_i/gen_multdiv_fast.multdiv_i/intadd_9/n5 (net)
                                                1       0.0000     4.1499 f
  x_sub_system/x_core/ex_block_i/gen_multdiv_fast.multdiv_i/intadd_9/U5/CI (FA1D0BWP12T)
                                                        0.0000     4.1499 f
  x_sub_system/x_core/ex_block_i/gen_multdiv_fast.multdiv_i/intadd_9/U5/CO (FA1D0BWP12T)
                                                        0.0688     4.2187 f
  x_sub_system/x_core/ex_block_i/gen_multdiv_fast.multdiv_i/intadd_9/n4 (net)
                                                1       0.0000     4.2187 f
  x_sub_system/x_core/ex_block_i/gen_multdiv_fast.multdiv_i/intadd_9/U4/CI (FA1D0BWP12T)
                                                        0.0000     4.2187 f
  x_sub_system/x_core/ex_block_i/gen_multdiv_fast.multdiv_i/intadd_9/U4/CO (FA1D0BWP12T)
                                                        0.0688     4.2876 f
  x_sub_system/x_core/ex_block_i/gen_multdiv_fast.multdiv_i/intadd_9/n3 (net)
                                                1       0.0000     4.2876 f
  x_sub_system/x_core/ex_block_i/gen_multdiv_fast.multdiv_i/intadd_9/U3/CI (FA1D0BWP12T)
                                                        0.0000     4.2876 f
  x_sub_system/x_core/ex_block_i/gen_multdiv_fast.multdiv_i/intadd_9/U3/S (FA1D0BWP12T)
                                                        0.0683     4.3558 f
  x_sub_system/x_core/ex_block_i/gen_multdiv_fast.multdiv_i/intadd_9/SUM[30] (net)
                                                1       0.0000     4.3558 f
  x_sub_system/x_core/ex_block_i/gen_multdiv_fast.multdiv_i/U170/B2 (AO221D0BWP12T)
                                                        0.0000     4.3558 f
  x_sub_system/x_core/ex_block_i/gen_multdiv_fast.multdiv_i/U170/Z (AO221D0BWP12T)
                                                        0.1410     4.4969 f
  x_sub_system/x_core/ex_block_i/gen_multdiv_fast.multdiv_i/n426 (net)
                                                2       0.0000     4.4969 f
  x_sub_system/x_core/ex_block_i/gen_multdiv_fast.multdiv_i/U833/B (OAI21D0BWP12T)
                                                        0.0000     4.4969 f
  x_sub_system/x_core/ex_block_i/gen_multdiv_fast.multdiv_i/U833/ZN (OAI21D0BWP12T)
                                                        0.0402     4.5370 r
  x_sub_system/x_core/ex_block_i/gen_multdiv_fast.multdiv_i/multdiv_result_o[30] (net)
                                                2       0.0000     4.5370 r
  x_sub_system/x_core/ex_block_i/gen_multdiv_fast.multdiv_i/multdiv_result_o[30] (ibex_multdiv_fast_RV32M2)
                                                        0.0000     4.5370 r
  x_sub_system/x_core/ex_block_i/multdiv_result[30] (net)
                                                        0.0000     4.5370 r
  x_sub_system/x_core/ex_block_i/U50/I1 (MUX2D0BWP12T)
                                                        0.0000     4.5370 r
  x_sub_system/x_core/ex_block_i/U50/Z (MUX2D0BWP12T)   0.0917     4.6287 r
  x_sub_system/x_core/ex_block_i/alu_operand_b_i_true[30] (net)
                                                5       0.0000     4.6287 r
  x_sub_system/x_core/ex_block_i/alu_i/operand_b_i[30] (ibex_alu_RV32B0)
                                                        0.0000     4.6287 r
  x_sub_system/x_core/ex_block_i/alu_i/operand_b_i[30] (net)
                                                        0.0000     4.6287 r
  x_sub_system/x_core/ex_block_i/alu_i/U712/I (INVD0BWP12T)
                                                        0.0000     4.6287 r
  x_sub_system/x_core/ex_block_i/alu_i/U712/ZN (INVD0BWP12T)
                                                        0.0253     4.6540 f
  x_sub_system/x_core/ex_block_i/alu_i/n582 (net)
                                                1       0.0000     4.6540 f
  x_sub_system/x_core/ex_block_i/alu_i/U5/B2 (AOI221D0BWP12T)
                                                        0.0000     4.6540 f
  x_sub_system/x_core/ex_block_i/alu_i/U5/ZN (AOI221D0BWP12T)
                                                        0.1329     4.7868 r
  x_sub_system/x_core/ex_block_i/alu_i/intadd_8/B[30] (net)
                                                1       0.0000     4.7868 r
  x_sub_system/x_core/ex_block_i/alu_i/intadd_8/U2/B (FA1D0BWP12T)
                                                        0.0000     4.7868 r
  x_sub_system/x_core/ex_block_i/alu_i/intadd_8/U2/CO (FA1D0BWP12T)
                                                        0.1322     4.9191 r
  x_sub_system/x_core/ex_block_i/alu_i/intadd_8/n1 (net)
                                                1       0.0000     4.9191 r
  x_sub_system/x_core/ex_block_i/alu_i/U6/A2 (XOR3D0BWP12T)
                                                        0.0000     4.9191 r
  x_sub_system/x_core/ex_block_i/alu_i/U6/Z (XOR3D0BWP12T)
                                                        0.1726     5.0916 r
  x_sub_system/x_core/ex_block_i/alu_i/adder_result_o[31] (net)
                                                9       0.0000     5.0916 r
  x_sub_system/x_core/ex_block_i/alu_i/U151/B2 (OAI22D0BWP12T)
                                                        0.0000     5.0916 r
  x_sub_system/x_core/ex_block_i/alu_i/U151/ZN (OAI22D0BWP12T)
                                                        0.0587     5.1504 f
  x_sub_system/x_core/ex_block_i/alu_i/n34 (net)
                                                1       0.0000     5.1504 f
  x_sub_system/x_core/ex_block_i/alu_i/U52/B (AOI31D0BWP12T)
                                                        0.0000     5.1504 f
  x_sub_system/x_core/ex_block_i/alu_i/U52/ZN (AOI31D0BWP12T)
                                                        0.0833     5.2336 r
  x_sub_system/x_core/ex_block_i/alu_i/n52 (net)
                                                2       0.0000     5.2336 r
  x_sub_system/x_core/ex_block_i/alu_i/U160/I (INVD0BWP12T)
                                                        0.0000     5.2336 r
  x_sub_system/x_core/ex_block_i/alu_i/U160/ZN (INVD0BWP12T)
                                                        0.0339     5.2675 f
  x_sub_system/x_core/ex_block_i/alu_i/n48 (net)
                                                2       0.0000     5.2675 f
  x_sub_system/x_core/ex_block_i/alu_i/U46/C (MAOI222D0BWP12T)
                                                        0.0000     5.2675 f
  x_sub_system/x_core/ex_block_i/alu_i/U46/ZN (MAOI222D0BWP12T)
                                                        0.0745     5.3421 r
  x_sub_system/x_core/ex_block_i/alu_i/n46 (net)
                                                1       0.0000     5.3421 r
  x_sub_system/x_core/ex_block_i/alu_i/U3/B (OAI31D0BWP12T)
                                                        0.0000     5.3421 r
  x_sub_system/x_core/ex_block_i/alu_i/U3/ZN (OAI31D0BWP12T)
                                                        0.0572     5.3993 f
  x_sub_system/x_core/ex_block_i/alu_i/n49 (net)
                                                1       0.0000     5.3993 f
  x_sub_system/x_core/ex_block_i/alu_i/U56/C (OAI211D0BWP12T)
                                                        0.0000     5.3993 f
  x_sub_system/x_core/ex_block_i/alu_i/U56/ZN (OAI211D0BWP12T)
                                                        0.0512     5.4505 r
  x_sub_system/x_core/ex_block_i/alu_i/comparison_result_o (net)
                                                3       0.0000     5.4505 r
  x_sub_system/x_core/ex_block_i/alu_i/comparison_result_o (ibex_alu_RV32B0)
                                                        0.0000     5.4505 r
  x_sub_system/x_core/ex_block_i/branch_decision_o (net)
                                                        0.0000     5.4505 r
  x_sub_system/x_core/ex_block_i/branch_decision_o (ibex_ex_block_2_0_0)
                                                        0.0000     5.4505 r
  x_sub_system/x_core/branch_decision (net)             0.0000     5.4505 r
  x_sub_system/x_core/id_stage_i/branch_decision_i (ibex_id_stage_0_2_0_0_0_0_0_0)
                                                        0.0000     5.4505 r
  x_sub_system/x_core/id_stage_i/branch_decision_i (net)
                                                        0.0000     5.4505 r
  x_sub_system/x_core/id_stage_i/U9/A3 (ND3D0BWP12T)    0.0000     5.4505 r
  x_sub_system/x_core/id_stage_i/U9/ZN (ND3D0BWP12T)    0.0615     5.5121 f
  x_sub_system/x_core/id_stage_i/n80 (net)      2       0.0000     5.5121 f
  x_sub_system/x_core/id_stage_i/U10/A1 (CKND2D0BWP12T)
                                                        0.0000     5.5121 f
  x_sub_system/x_core/id_stage_i/U10/ZN (CKND2D0BWP12T)
                                                        0.0511     5.5631 r
  x_sub_system/x_core/id_stage_i/n155 (net)     2       0.0000     5.5631 r
  x_sub_system/x_core/id_stage_i/U6/C (AO211D0BWP12T)   0.0000     5.5631 r
  x_sub_system/x_core/id_stage_i/U6/Z (AO211D0BWP12T)   0.0719     5.6350 r
  x_sub_system/x_core/id_stage_i/stall_id (net)
                                                4       0.0000     5.6350 r
  x_sub_system/x_core/id_stage_i/U126/A2 (NR3D0BWP12T)
                                                        0.0000     5.6350 r
  x_sub_system/x_core/id_stage_i/U126/ZN (NR3D0BWP12T)
                                                        0.0346     5.6696 f
  x_sub_system/x_core/id_stage_i/en_wb_o (net)
                                                2       0.0000     5.6696 f
  x_sub_system/x_core/id_stage_i/U4/A2 (AN2D0BWP12T)    0.0000     5.6696 f
  x_sub_system/x_core/id_stage_i/U4/Z (AN2D0BWP12T)     0.0508     5.7203 f
  x_sub_system/x_core/id_stage_i/csr_op_en_o (net)
                                                2       0.0000     5.7203 f
  x_sub_system/x_core/id_stage_i/csr_op_en_o (ibex_id_stage_0_2_0_0_0_0_0_0)
                                                        0.0000     5.7203 f
  x_sub_system/x_core/csr_op_en (net)                   0.0000     5.7203 f
  x_sub_system/x_core/cs_registers_i/csr_op_en_i (ibex_cs_registers_0_00000001_0_0_0_0_00000000_00000028_0_00000000_00000004_0_2_0)
                                                        0.0000     5.7203 f
  x_sub_system/x_core/cs_registers_i/csr_op_en_i (net)
                                                        0.0000     5.7203 f
  x_sub_system/x_core/cs_registers_i/U6/B (OAI21D0BWP12T)
                                                        0.0000     5.7203 f
  x_sub_system/x_core/cs_registers_i/U6/ZN (OAI21D0BWP12T)
                                                        0.0332     5.7536 r
  x_sub_system/x_core/cs_registers_i/n255 (net)
                                                2       0.0000     5.7536 r
  x_sub_system/x_core/cs_registers_i/U104/B1 (AOI22D0BWP12T)
                                                        0.0000     5.7536 r
  x_sub_system/x_core/cs_registers_i/U104/ZN (AOI22D0BWP12T)
                                                        0.0472     5.8008 f
  x_sub_system/x_core/cs_registers_i/n247 (net)
                                                1       0.0000     5.8008 f
  x_sub_system/x_core/cs_registers_i/U5/B1 (AOI32D0BWP12T)
                                                        0.0000     5.8008 f
  x_sub_system/x_core/cs_registers_i/U5/ZN (AOI32D0BWP12T)
                                                        0.0725     5.8733 r
  x_sub_system/x_core/cs_registers_i/n248 (net)
                                                1       0.0000     5.8733 r
  x_sub_system/x_core/cs_registers_i/U8/C (OAI211D0BWP12T)
                                                        0.0000     5.8733 r
  x_sub_system/x_core/cs_registers_i/U8/ZN (OAI211D0BWP12T)
                                                        0.0666     5.9399 f
  x_sub_system/x_core/cs_registers_i/n251 (net)
                                                1       0.0000     5.9399 f
  x_sub_system/x_core/cs_registers_i/U7/A3 (OA31D0BWP12T)
                                                        0.0000     5.9399 f
  x_sub_system/x_core/cs_registers_i/U7/Z (OA31D0BWP12T)
                                                        0.1134     6.0532 f
  x_sub_system/x_core/cs_registers_i/illegal_csr_insn_o (net)
                                                4       0.0000     6.0532 f
  x_sub_system/x_core/cs_registers_i/U10/A1 (NR2D0BWP12T)
                                                        0.0000     6.0532 f
  x_sub_system/x_core/cs_registers_i/U10/ZN (NR2D0BWP12T)
                                                        0.1030     6.1562 r
  x_sub_system/x_core/cs_registers_i/n767 (net)
                                                7       0.0000     6.1562 r
  x_sub_system/x_core/cs_registers_i/U9/A1 (CKND2D0BWP12T)
                                                        0.0000     6.1562 r
  x_sub_system/x_core/cs_registers_i/U9/ZN (CKND2D0BWP12T)
                                                        0.0652     6.2214 f
  x_sub_system/x_core/cs_registers_i/n606 (net)
                                                2       0.0000     6.2214 f
  x_sub_system/x_core/cs_registers_i/U11/A2 (NR2D0BWP12T)
                                                        0.0000     6.2214 f
  x_sub_system/x_core/cs_registers_i/U11/ZN (NR2D0BWP12T)
                                                        0.2284     6.4498 r
  x_sub_system/x_core/cs_registers_i/mhpmcounterh_we_0 (net)
                                               19       0.0000     6.4498 r
  x_sub_system/x_core/cs_registers_i/mcycle_counter_i/counterh_we_i (ibex_counter_CounterWidth64_1)
                                                        0.0000     6.4498 r
  x_sub_system/x_core/cs_registers_i/mcycle_counter_i/counterh_we_i (net)
                                                        0.0000     6.4498 r
  x_sub_system/x_core/cs_registers_i/mcycle_counter_i/U5/I (INVD0BWP12T)
                                                        0.0000     6.4498 r
  x_sub_system/x_core/cs_registers_i/mcycle_counter_i/U5/ZN (INVD0BWP12T)
                                                        0.0708     6.5206 f
  x_sub_system/x_core/cs_registers_i/mcycle_counter_i/n3 (net)
                                                4       0.0000     6.5206 f
  x_sub_system/x_core/cs_registers_i/mcycle_counter_i/U25/I (INVD0BWP12T)
                                                        0.0000     6.5206 f
  x_sub_system/x_core/cs_registers_i/mcycle_counter_i/U25/ZN (INVD0BWP12T)
                                                        0.1087     6.6294 r
  x_sub_system/x_core/cs_registers_i/mcycle_counter_i/n304 (net)
                                               15       0.0000     6.6294 r
  x_sub_system/x_core/cs_registers_i/mcycle_counter_i/U3/B2 (INR3D0BWP12T)
                                                        0.0000     6.6294 r
  x_sub_system/x_core/cs_registers_i/mcycle_counter_i/U3/ZN (INR3D0BWP12T)
                                                        0.1089     6.7383 f
  x_sub_system/x_core/cs_registers_i/mcycle_counter_i/n308 (net)
                                               18       0.0000     6.7383 f
  x_sub_system/x_core/cs_registers_i/mcycle_counter_i/U26/I (INVD0BWP12T)
                                                        0.0000     6.7383 f
  x_sub_system/x_core/cs_registers_i/mcycle_counter_i/U26/ZN (INVD0BWP12T)
                                                        0.2054     6.9437 r
  x_sub_system/x_core/cs_registers_i/mcycle_counter_i/n279 (net)
                                               32       0.0000     6.9437 r
  x_sub_system/x_core/cs_registers_i/mcycle_counter_i/U114/I (BUFFD0BWP12T)
                                                        0.0000     6.9437 r
  x_sub_system/x_core/cs_registers_i/mcycle_counter_i/U114/Z (BUFFD0BWP12T)
                                                        0.1472     7.0910 r
  x_sub_system/x_core/cs_registers_i/mcycle_counter_i/n289 (net)
                                               16       0.0000     7.0910 r
  x_sub_system/x_core/cs_registers_i/mcycle_counter_i/U4/A2 (CKND2D0BWP12T)
                                                        0.0000     7.0910 r
  x_sub_system/x_core/cs_registers_i/mcycle_counter_i/U4/ZN (CKND2D0BWP12T)
                                                        0.2622     7.3532 f
  x_sub_system/x_core/cs_registers_i/mcycle_counter_i/n290 (net)
                                               24       0.0000     7.3532 f
  x_sub_system/x_core/cs_registers_i/mcycle_counter_i/U120/I (BUFFD0BWP12T)
                                                        0.0000     7.3532 f
  x_sub_system/x_core/cs_registers_i/mcycle_counter_i/U120/Z (BUFFD0BWP12T)
                                                        0.1680     7.5212 f
  x_sub_system/x_core/cs_registers_i/mcycle_counter_i/n288 (net)
                                               21       0.0000     7.5212 f
  x_sub_system/x_core/cs_registers_i/mcycle_counter_i/U303/B2 (AOI32D0BWP12T)
                                                        0.0000     7.5212 f
  x_sub_system/x_core/cs_registers_i/mcycle_counter_i/U303/ZN (AOI32D0BWP12T)
                                                        0.1027     7.6239 r
  x_sub_system/x_core/cs_registers_i/mcycle_counter_i/n285 (net)
                                                1       0.0000     7.6239 r
  x_sub_system/x_core/cs_registers_i/mcycle_counter_i/U304/B2 (AOI22D0BWP12T)
                                                        0.0000     7.6239 r
  x_sub_system/x_core/cs_registers_i/mcycle_counter_i/U304/ZN (AOI22D0BWP12T)
                                                        0.0598     7.6837 f
  x_sub_system/x_core/cs_registers_i/mcycle_counter_i/n286 (net)
                                                1       0.0000     7.6837 f
  x_sub_system/x_core/cs_registers_i/mcycle_counter_i/U305/B (OAI31D0BWP12T)
                                                        0.0000     7.6837 f
  x_sub_system/x_core/cs_registers_i/mcycle_counter_i/U305/ZN (OAI31D0BWP12T)
                                                        0.0593     7.7431 r
  x_sub_system/x_core/cs_registers_i/mcycle_counter_i/n38 (net)
                                                1       0.0000     7.7431 r
  x_sub_system/x_core/cs_registers_i/mcycle_counter_i/counter_q_reg[36]/D (DFCNQD1BWP12T)
                                                        0.0000     7.7431 r
  data arrival time                                                7.7431

  clock clk1 (rise edge)                               10.0000    10.0000
  clock network delay (ideal)                           0.0000    10.0000
  clock uncertainty                                    -0.2000     9.8000
  x_sub_system/x_core/cs_registers_i/mcycle_counter_i/counter_q_reg[36]/CP (DFCNQD1BWP12T)
                                                        0.0000     9.8000 r
  library setup time                                   -0.0161     9.7839
  data required time                                               9.7839
  --------------------------------------------------------------------------
  data required time                                               9.7839
  data arrival time                                               -7.7431
  --------------------------------------------------------------------------
  slack (MET)                                                      2.0408


  Startpoint: x_sub_system/x_core/if_stage_i/instr_rdata_alu_id_o_reg[1]
              (rising edge-triggered flip-flop clocked by clk1)
  Endpoint: x_sub_system/x_core/cs_registers_i/mcycle_counter_i/counter_q_reg[60]
            (rising edge-triggered flip-flop clocked by clk1)
  Path Group: clk1
  Path Type: max

  Des/Clust/Port     Wire Load Model       Library
  ------------------------------------------------
  ibex_csr_32_0_0_5  ZeroWireload          tcbn65gplusbwp12twc
  ibex_csr_32_0_0_4  ZeroWireload          tcbn65gplusbwp12twc
  ibex_csr_32_0_0_3  ZeroWireload          tcbn65gplusbwp12twc
  ibex_csr_32_0_0_2  ZeroWireload          tcbn65gplusbwp12twc
  ibex_csr_32_0_0_1  ZeroWireload          tcbn65gplusbwp12twc
  ibex_counter_CounterWidth64_0
                     ZeroWireload          tcbn65gplusbwp12twc
  ibex_fetch_fifo_00000002
                     ZeroWireload          tcbn65gplusbwp12twc
  ibex_counter_CounterWidth64_1
                     ZeroWireload          tcbn65gplusbwp12twc
  ibex_csr_32_0_40000003
                     ZeroWireload          tcbn65gplusbwp12twc
  ibex_csr_32_0_00000001
                     ZeroWireload          tcbn65gplusbwp12twc
  ibex_csr_6_0_0_2   ZeroWireload          tcbn65gplusbwp12twc
  ibex_csr_18_0_0    ZeroWireload          tcbn65gplusbwp12twc
  ibex_csr_32_0_0_6  ZeroWireload          tcbn65gplusbwp12twc
  ibex_csr_6_0_10    ZeroWireload          tcbn65gplusbwp12twc
  ibex_multdiv_fast_RV32M2
                     ZeroWireload          tcbn65gplusbwp12twc
  ibex_controller_0_0
                     ZeroWireload          tcbn65gplusbwp12twc
  ibex_prefetch_buffer_0
                     ZeroWireload          tcbn65gplusbwp12twc
  ibex_cs_registers_0_00000001_0_0_0_0_00000000_00000028_0_00000000_00000004_0_2_0
                     ZeroWireload          tcbn65gplusbwp12twc
  ibex_load_store_unit
                     ZeroWireload          tcbn65gplusbwp12twc
  ibex_ex_block_2_0_0
                     ZeroWireload          tcbn65gplusbwp12twc
  ibex_id_stage_0_2_0_0_0_0_0_0
                     ZeroWireload          tcbn65gplusbwp12twc
  ibex_if_stage_00000000_00000000_0_0_0_0_0
                     ZeroWireload          tcbn65gplusbwp12twc
  prim_clock_gating  ZeroWireload          tcbn65gplusbwp12twc
  ibex_core_00000000_00000000
                     ZeroWireload          tcbn65gplusbwp12twc
  ibex_decoder_0_2_0_0
                     ZeroWireload          tcbn65gplusbwp12twc
  ibex_register_file_ff_0_00000020_0
                     ZeroWireload          tcbn65gplusbwp12twc
  ibex_alu_RV32B0    ZeroWireload          tcbn65gplusbwp12twc
  ibex_wb_stage_0    ZeroWireload          tcbn65gplusbwp12twc

  Point                                       Fanout      Incr       Path
  --------------------------------------------------------------------------
  clock clk1 (rise edge)                                0.0000     0.0000
  clock network delay (ideal)                           0.0000     0.0000
  x_sub_system/x_core/if_stage_i/instr_rdata_alu_id_o_reg[1]/CP (EDFQD1BWP12T)
                                                        0.0000     0.0000 r
  x_sub_system/x_core/if_stage_i/instr_rdata_alu_id_o_reg[1]/Q (EDFQD1BWP12T)
                                                        0.1057     0.1057 r
  x_sub_system/x_core/if_stage_i/instr_rdata_alu_id_o[1] (net)
                                                1       0.0000     0.1057 r
  x_sub_system/x_core/if_stage_i/instr_rdata_alu_id_o[1] (ibex_if_stage_00000000_00000000_0_0_0_0_0)
                                                        0.0000     0.1057 r
  x_sub_system/x_core/instr_rdata_alu_id[1] (net)       0.0000     0.1057 r
  x_sub_system/x_core/id_stage_i/instr_rdata_alu_i[1] (ibex_id_stage_0_2_0_0_0_0_0_0)
                                                        0.0000     0.1057 r
  x_sub_system/x_core/id_stage_i/instr_rdata_alu_i[1] (net)
                                                        0.0000     0.1057 r
  x_sub_system/x_core/id_stage_i/decoder_i/instr_rdata_alu_i[1] (ibex_decoder_0_2_0_0)
                                                        0.0000     0.1057 r
  x_sub_system/x_core/id_stage_i/decoder_i/instr_rdata_alu_i[1] (net)
                                                        0.0000     0.1057 r
  x_sub_system/x_core/id_stage_i/decoder_i/U42/A2 (CKND2D0BWP12T)
                                                        0.0000     0.1057 r
  x_sub_system/x_core/id_stage_i/decoder_i/U42/ZN (CKND2D0BWP12T)
                                                        0.0584     0.1641 f
  x_sub_system/x_core/id_stage_i/decoder_i/n65 (net)
                                                4       0.0000     0.1641 f
  x_sub_system/x_core/id_stage_i/decoder_i/U43/A4 (NR4D0BWP12T)
                                                        0.0000     0.1641 f
  x_sub_system/x_core/id_stage_i/decoder_i/U43/ZN (NR4D0BWP12T)
                                                        0.0922     0.2563 r
  x_sub_system/x_core/id_stage_i/decoder_i/n58 (net)
                                                2       0.0000     0.2563 r
  x_sub_system/x_core/id_stage_i/decoder_i/U44/A3 (ND3D0BWP12T)
                                                        0.0000     0.2563 r
  x_sub_system/x_core/id_stage_i/decoder_i/U44/ZN (ND3D0BWP12T)
                                                        0.0723     0.3286 f
  x_sub_system/x_core/id_stage_i/decoder_i/n83 (net)
                                                3       0.0000     0.3286 f
  x_sub_system/x_core/id_stage_i/decoder_i/U3/A2 (NR2D0BWP12T)
                                                        0.0000     0.3286 f
  x_sub_system/x_core/id_stage_i/decoder_i/U3/ZN (NR2D0BWP12T)
                                                        0.1506     0.4792 r
  x_sub_system/x_core/id_stage_i/decoder_i/n76 (net)
                                               10       0.0000     0.4792 r
  x_sub_system/x_core/id_stage_i/decoder_i/U123/B2 (MAOI22D0BWP12T)
                                                        0.0000     0.4792 r
  x_sub_system/x_core/id_stage_i/decoder_i/U123/ZN (MAOI22D0BWP12T)
                                                        0.1147     0.5939 r
  x_sub_system/x_core/id_stage_i/decoder_i/rf_raddr_a_o[1] (net)
                                                3       0.0000     0.5939 r
  x_sub_system/x_core/id_stage_i/decoder_i/rf_raddr_a_o[1] (ibex_decoder_0_2_0_0)
                                                        0.0000     0.5939 r
  x_sub_system/x_core/id_stage_i/rf_raddr_a_o[1] (net)
                                                        0.0000     0.5939 r
  x_sub_system/x_core/id_stage_i/rf_raddr_a_o[1] (ibex_id_stage_0_2_0_0_0_0_0_0)
                                                        0.0000     0.5939 r
  x_sub_system/x_core/rf_raddr_a[1] (net)               0.0000     0.5939 r
  x_sub_system/x_core/gen_regfile_ff.register_file_i/raddr_a_i[1] (ibex_register_file_ff_0_00000020_0)
                                                        0.0000     0.5939 r
  x_sub_system/x_core/gen_regfile_ff.register_file_i/raddr_a_i[1] (net)
                                                        0.0000     0.5939 r
  x_sub_system/x_core/gen_regfile_ff.register_file_i/U1269/I (INVD0BWP12T)
                                                        0.0000     0.5939 r
  x_sub_system/x_core/gen_regfile_ff.register_file_i/U1269/ZN (INVD0BWP12T)
                                                        0.0290     0.6229 f
  x_sub_system/x_core/gen_regfile_ff.register_file_i/n150 (net)
                                                2       0.0000     0.6229 f
  x_sub_system/x_core/gen_regfile_ff.register_file_i/U8/A2 (CKND2D0BWP12T)
                                                        0.0000     0.6229 f
  x_sub_system/x_core/gen_regfile_ff.register_file_i/U8/ZN (CKND2D0BWP12T)
                                                        0.1283     0.7512 r
  x_sub_system/x_core/gen_regfile_ff.register_file_i/n172 (net)
                                                8       0.0000     0.7512 r
  x_sub_system/x_core/gen_regfile_ff.register_file_i/U1312/A1 (NR2XD0BWP12T)
                                                        0.0000     0.7512 r
  x_sub_system/x_core/gen_regfile_ff.register_file_i/U1312/ZN (NR2XD0BWP12T)
                                                        0.1735     0.9247 f
  x_sub_system/x_core/gen_regfile_ff.register_file_i/n2468 (net)
                                               32       0.0000     0.9247 f
  x_sub_system/x_core/gen_regfile_ff.register_file_i/U2594/B1 (AOI22D0BWP12T)
                                                        0.0000     0.9247 f
  x_sub_system/x_core/gen_regfile_ff.register_file_i/U2594/ZN (AOI22D0BWP12T)
                                                        0.0970     1.0217 r
  x_sub_system/x_core/gen_regfile_ff.register_file_i/n2472 (net)
                                                1       0.0000     1.0217 r
  x_sub_system/x_core/gen_regfile_ff.register_file_i/U2596/A3 (ND4D0BWP12T)
                                                        0.0000     1.0217 r
  x_sub_system/x_core/gen_regfile_ff.register_file_i/U2596/ZN (ND4D0BWP12T)
                                                        0.0686     1.0903 f
  x_sub_system/x_core/gen_regfile_ff.register_file_i/n2514 (net)
                                                1       0.0000     1.0903 f
  x_sub_system/x_core/gen_regfile_ff.register_file_i/U2611/A1 (OR4D0BWP12T)
                                                        0.0000     1.0903 f
  x_sub_system/x_core/gen_regfile_ff.register_file_i/U2611/Z (OR4D0BWP12T)
                                                        0.1572     1.2475 f
  x_sub_system/x_core/gen_regfile_ff.register_file_i/rdata_a_o[21] (net)
                                                2       0.0000     1.2475 f
  x_sub_system/x_core/gen_regfile_ff.register_file_i/rdata_a_o[21] (ibex_register_file_ff_0_00000020_0)
                                                        0.0000     1.2475 f
  x_sub_system/x_core/rf_rdata_a[21] (net)              0.0000     1.2475 f
  x_sub_system/x_core/id_stage_i/rf_rdata_a_i[21] (ibex_id_stage_0_2_0_0_0_0_0_0)
                                                        0.0000     1.2475 f
  x_sub_system/x_core/id_stage_i/rf_rdata_a_i[21] (net)
                                                        0.0000     1.2475 f
  x_sub_system/x_core/id_stage_i/U105/I (BUFFD0BWP12T)
                                                        0.0000     1.2475 f
  x_sub_system/x_core/id_stage_i/U105/Z (BUFFD0BWP12T)
                                                        0.0506     1.2981 f
  x_sub_system/x_core/id_stage_i/multdiv_operand_a_ex_o[21] (net)
                                                2       0.0000     1.2981 f
  x_sub_system/x_core/id_stage_i/multdiv_operand_a_ex_o[21] (ibex_id_stage_0_2_0_0_0_0_0_0)
                                                        0.0000     1.2981 f
  x_sub_system/x_core/multdiv_operand_a_ex[21] (net)    0.0000     1.2981 f
  x_sub_system/x_core/ex_block_i/multdiv_operand_a_i[21] (ibex_ex_block_2_0_0)
                                                        0.0000     1.2981 f
  x_sub_system/x_core/ex_block_i/multdiv_operand_a_i[21] (net)
                                                        0.0000     1.2981 f
  x_sub_system/x_core/ex_block_i/gen_multdiv_fast.multdiv_i/op_a_i[21] (ibex_multdiv_fast_RV32M2)
                                                        0.0000     1.2981 f
  x_sub_system/x_core/ex_block_i/gen_multdiv_fast.multdiv_i/op_a_i[21] (net)
                                                        0.0000     1.2981 f
  x_sub_system/x_core/ex_block_i/gen_multdiv_fast.multdiv_i/U259/A2 (AOI22D1BWP12T)
                                                        0.0000     1.2981 f
  x_sub_system/x_core/ex_block_i/gen_multdiv_fast.multdiv_i/U259/ZN (AOI22D1BWP12T)
                                                        0.2181     1.5162 r
  x_sub_system/x_core/ex_block_i/gen_multdiv_fast.multdiv_i/intadd_11/A[0] (net)
                                               23       0.0000     1.5162 r
  x_sub_system/x_core/ex_block_i/gen_multdiv_fast.multdiv_i/U607/I (INVD0BWP12T)
                                                        0.0000     1.5162 r
  x_sub_system/x_core/ex_block_i/gen_multdiv_fast.multdiv_i/U607/ZN (INVD0BWP12T)
                                                        0.2076     1.7239 f
  x_sub_system/x_core/ex_block_i/gen_multdiv_fast.multdiv_i/n987 (net)
                                               21       0.0000     1.7239 f
  x_sub_system/x_core/ex_block_i/gen_multdiv_fast.multdiv_i/U613/I0 (MUX2ND0BWP12T)
                                                        0.0000     1.7239 f
  x_sub_system/x_core/ex_block_i/gen_multdiv_fast.multdiv_i/U613/ZN (MUX2ND0BWP12T)
                                                        0.0838     1.8077 r
  x_sub_system/x_core/ex_block_i/gen_multdiv_fast.multdiv_i/n472 (net)
                                                3       0.0000     1.8077 r
  x_sub_system/x_core/ex_block_i/gen_multdiv_fast.multdiv_i/U24/I (INVD0BWP12T)
                                                        0.0000     1.8077 r
  x_sub_system/x_core/ex_block_i/gen_multdiv_fast.multdiv_i/U24/ZN (INVD0BWP12T)
                                                        0.0300     1.8376 f
  x_sub_system/x_core/ex_block_i/gen_multdiv_fast.multdiv_i/n474 (net)
                                                2       0.0000     1.8376 f
  x_sub_system/x_core/ex_block_i/gen_multdiv_fast.multdiv_i/U910/A2 (CKND2D0BWP12T)
                                                        0.0000     1.8376 f
  x_sub_system/x_core/ex_block_i/gen_multdiv_fast.multdiv_i/U910/ZN (CKND2D0BWP12T)
                                                        0.1889     2.0265 r
  x_sub_system/x_core/ex_block_i/gen_multdiv_fast.multdiv_i/n981 (net)
                                               17       0.0000     2.0265 r
  x_sub_system/x_core/ex_block_i/gen_multdiv_fast.multdiv_i/U914/C1 (OAI222D0BWP12T)
                                                        0.0000     2.0265 r
  x_sub_system/x_core/ex_block_i/gen_multdiv_fast.multdiv_i/U914/ZN (OAI222D0BWP12T)
                                                        0.1417     2.1682 f
  x_sub_system/x_core/ex_block_i/gen_multdiv_fast.multdiv_i/n479 (net)
                                                1       0.0000     2.1682 f
  x_sub_system/x_core/ex_block_i/gen_multdiv_fast.multdiv_i/U915/S (MUX2ND0BWP12T)
                                                        0.0000     2.1682 f
  x_sub_system/x_core/ex_block_i/gen_multdiv_fast.multdiv_i/U915/ZN (MUX2ND0BWP12T)
                                                        0.0790     2.2472 f
  x_sub_system/x_core/ex_block_i/gen_multdiv_fast.multdiv_i/intadd_11/A[1] (net)
                                                1       0.0000     2.2472 f
  x_sub_system/x_core/ex_block_i/gen_multdiv_fast.multdiv_i/intadd_11/U3/A (FA1D0BWP12T)
                                                        0.0000     2.2472 f
  x_sub_system/x_core/ex_block_i/gen_multdiv_fast.multdiv_i/intadd_11/U3/CO (FA1D0BWP12T)
                                                        0.1412     2.3884 f
  x_sub_system/x_core/ex_block_i/gen_multdiv_fast.multdiv_i/intadd_11/n2 (net)
                                                1       0.0000     2.3884 f
  x_sub_system/x_core/ex_block_i/gen_multdiv_fast.multdiv_i/intadd_11/U2/CI (FA1D0BWP12T)
                                                        0.0000     2.3884 f
  x_sub_system/x_core/ex_block_i/gen_multdiv_fast.multdiv_i/intadd_11/U2/CO (FA1D0BWP12T)
                                                        0.0651     2.4535 f
  x_sub_system/x_core/ex_block_i/gen_multdiv_fast.multdiv_i/intadd_11/n1 (net)
                                                1       0.0000     2.4535 f
  x_sub_system/x_core/ex_block_i/gen_multdiv_fast.multdiv_i/U865/I (INVD0BWP12T)
                                                        0.0000     2.4535 f
  x_sub_system/x_core/ex_block_i/gen_multdiv_fast.multdiv_i/U865/ZN (INVD0BWP12T)
                                                        0.0235     2.4770 r
  x_sub_system/x_core/ex_block_i/gen_multdiv_fast.multdiv_i/DP_OP_71J4_122_6124/n291 (net)
                                                1       0.0000     2.4770 r
  x_sub_system/x_core/ex_block_i/gen_multdiv_fast.multdiv_i/DP_OP_71J4_122_6124/U194/CIX (CMPE42D1BWP12T)
                                                        0.0000     2.4770 r
  x_sub_system/x_core/ex_block_i/gen_multdiv_fast.multdiv_i/DP_OP_71J4_122_6124/U194/S (CMPE42D1BWP12T)
                                                        0.0823     2.5593 r
  x_sub_system/x_core/ex_block_i/gen_multdiv_fast.multdiv_i/DP_OP_71J4_122_6124/n290 (net)
                                                1       0.0000     2.5593 r
  x_sub_system/x_core/ex_block_i/gen_multdiv_fast.multdiv_i/U856/I (INVD0BWP12T)
                                                        0.0000     2.5593 r
  x_sub_system/x_core/ex_block_i/gen_multdiv_fast.multdiv_i/U856/ZN (INVD0BWP12T)
                                                        0.0181     2.5774 f
  x_sub_system/x_core/ex_block_i/gen_multdiv_fast.multdiv_i/intadd_9/A[6] (net)
                                                1       0.0000     2.5774 f
  x_sub_system/x_core/ex_block_i/gen_multdiv_fast.multdiv_i/intadd_9/U27/A (FA1D0BWP12T)
                                                        0.0000     2.5774 f
  x_sub_system/x_core/ex_block_i/gen_multdiv_fast.multdiv_i/intadd_9/U27/CO (FA1D0BWP12T)
                                                        0.1268     2.7042 f
  x_sub_system/x_core/ex_block_i/gen_multdiv_fast.multdiv_i/intadd_9/n26 (net)
                                                1       0.0000     2.7042 f
  x_sub_system/x_core/ex_block_i/gen_multdiv_fast.multdiv_i/intadd_9/U26/CI (FA1D0BWP12T)
                                                        0.0000     2.7042 f
  x_sub_system/x_core/ex_block_i/gen_multdiv_fast.multdiv_i/intadd_9/U26/CO (FA1D0BWP12T)
                                                        0.0688     2.7730 f
  x_sub_system/x_core/ex_block_i/gen_multdiv_fast.multdiv_i/intadd_9/n25 (net)
                                                1       0.0000     2.7730 f
  x_sub_system/x_core/ex_block_i/gen_multdiv_fast.multdiv_i/intadd_9/U25/CI (FA1D0BWP12T)
                                                        0.0000     2.7730 f
  x_sub_system/x_core/ex_block_i/gen_multdiv_fast.multdiv_i/intadd_9/U25/CO (FA1D0BWP12T)
                                                        0.0688     2.8419 f
  x_sub_system/x_core/ex_block_i/gen_multdiv_fast.multdiv_i/intadd_9/n24 (net)
                                                1       0.0000     2.8419 f
  x_sub_system/x_core/ex_block_i/gen_multdiv_fast.multdiv_i/intadd_9/U24/CI (FA1D0BWP12T)
                                                        0.0000     2.8419 f
  x_sub_system/x_core/ex_block_i/gen_multdiv_fast.multdiv_i/intadd_9/U24/CO (FA1D0BWP12T)
                                                        0.0688     2.9107 f
  x_sub_system/x_core/ex_block_i/gen_multdiv_fast.multdiv_i/intadd_9/n23 (net)
                                                1       0.0000     2.9107 f
  x_sub_system/x_core/ex_block_i/gen_multdiv_fast.multdiv_i/intadd_9/U23/CI (FA1D0BWP12T)
                                                        0.0000     2.9107 f
  x_sub_system/x_core/ex_block_i/gen_multdiv_fast.multdiv_i/intadd_9/U23/CO (FA1D0BWP12T)
                                                        0.0688     2.9796 f
  x_sub_system/x_core/ex_block_i/gen_multdiv_fast.multdiv_i/intadd_9/n22 (net)
                                                1       0.0000     2.9796 f
  x_sub_system/x_core/ex_block_i/gen_multdiv_fast.multdiv_i/intadd_9/U22/CI (FA1D0BWP12T)
                                                        0.0000     2.9796 f
  x_sub_system/x_core/ex_block_i/gen_multdiv_fast.multdiv_i/intadd_9/U22/CO (FA1D0BWP12T)
                                                        0.0688     3.0484 f
  x_sub_system/x_core/ex_block_i/gen_multdiv_fast.multdiv_i/intadd_9/n21 (net)
                                                1       0.0000     3.0484 f
  x_sub_system/x_core/ex_block_i/gen_multdiv_fast.multdiv_i/intadd_9/U21/CI (FA1D0BWP12T)
                                                        0.0000     3.0484 f
  x_sub_system/x_core/ex_block_i/gen_multdiv_fast.multdiv_i/intadd_9/U21/CO (FA1D0BWP12T)
                                                        0.0688     3.1172 f
  x_sub_system/x_core/ex_block_i/gen_multdiv_fast.multdiv_i/intadd_9/n20 (net)
                                                1       0.0000     3.1172 f
  x_sub_system/x_core/ex_block_i/gen_multdiv_fast.multdiv_i/intadd_9/U20/CI (FA1D0BWP12T)
                                                        0.0000     3.1172 f
  x_sub_system/x_core/ex_block_i/gen_multdiv_fast.multdiv_i/intadd_9/U20/CO (FA1D0BWP12T)
                                                        0.0688     3.1861 f
  x_sub_system/x_core/ex_block_i/gen_multdiv_fast.multdiv_i/intadd_9/n19 (net)
                                                1       0.0000     3.1861 f
  x_sub_system/x_core/ex_block_i/gen_multdiv_fast.multdiv_i/intadd_9/U19/CI (FA1D0BWP12T)
                                                        0.0000     3.1861 f
  x_sub_system/x_core/ex_block_i/gen_multdiv_fast.multdiv_i/intadd_9/U19/CO (FA1D0BWP12T)
                                                        0.0688     3.2549 f
  x_sub_system/x_core/ex_block_i/gen_multdiv_fast.multdiv_i/intadd_9/n18 (net)
                                                1       0.0000     3.2549 f
  x_sub_system/x_core/ex_block_i/gen_multdiv_fast.multdiv_i/intadd_9/U18/CI (FA1D0BWP12T)
                                                        0.0000     3.2549 f
  x_sub_system/x_core/ex_block_i/gen_multdiv_fast.multdiv_i/intadd_9/U18/CO (FA1D0BWP12T)
                                                        0.0688     3.3238 f
  x_sub_system/x_core/ex_block_i/gen_multdiv_fast.multdiv_i/intadd_9/n17 (net)
                                                1       0.0000     3.3238 f
  x_sub_system/x_core/ex_block_i/gen_multdiv_fast.multdiv_i/intadd_9/U17/CI (FA1D0BWP12T)
                                                        0.0000     3.3238 f
  x_sub_system/x_core/ex_block_i/gen_multdiv_fast.multdiv_i/intadd_9/U17/CO (FA1D0BWP12T)
                                                        0.0688     3.3926 f
  x_sub_system/x_core/ex_block_i/gen_multdiv_fast.multdiv_i/intadd_9/n16 (net)
                                                1       0.0000     3.3926 f
  x_sub_system/x_core/ex_block_i/gen_multdiv_fast.multdiv_i/intadd_9/U16/CI (FA1D0BWP12T)
                                                        0.0000     3.3926 f
  x_sub_system/x_core/ex_block_i/gen_multdiv_fast.multdiv_i/intadd_9/U16/CO (FA1D0BWP12T)
                                                        0.0688     3.4615 f
  x_sub_system/x_core/ex_block_i/gen_multdiv_fast.multdiv_i/intadd_9/n15 (net)
                                                1       0.0000     3.4615 f
  x_sub_system/x_core/ex_block_i/gen_multdiv_fast.multdiv_i/intadd_9/U15/CI (FA1D0BWP12T)
                                                        0.0000     3.4615 f
  x_sub_system/x_core/ex_block_i/gen_multdiv_fast.multdiv_i/intadd_9/U15/CO (FA1D0BWP12T)
                                                        0.0688     3.5303 f
  x_sub_system/x_core/ex_block_i/gen_multdiv_fast.multdiv_i/intadd_9/n14 (net)
                                                1       0.0000     3.5303 f
  x_sub_system/x_core/ex_block_i/gen_multdiv_fast.multdiv_i/intadd_9/U14/CI (FA1D0BWP12T)
                                                        0.0000     3.5303 f
  x_sub_system/x_core/ex_block_i/gen_multdiv_fast.multdiv_i/intadd_9/U14/CO (FA1D0BWP12T)
                                                        0.0688     3.5991 f
  x_sub_system/x_core/ex_block_i/gen_multdiv_fast.multdiv_i/intadd_9/n13 (net)
                                                1       0.0000     3.5991 f
  x_sub_system/x_core/ex_block_i/gen_multdiv_fast.multdiv_i/intadd_9/U13/CI (FA1D0BWP12T)
                                                        0.0000     3.5991 f
  x_sub_system/x_core/ex_block_i/gen_multdiv_fast.multdiv_i/intadd_9/U13/CO (FA1D0BWP12T)
                                                        0.0688     3.6680 f
  x_sub_system/x_core/ex_block_i/gen_multdiv_fast.multdiv_i/intadd_9/n12 (net)
                                                1       0.0000     3.6680 f
  x_sub_system/x_core/ex_block_i/gen_multdiv_fast.multdiv_i/intadd_9/U12/CI (FA1D0BWP12T)
                                                        0.0000     3.6680 f
  x_sub_system/x_core/ex_block_i/gen_multdiv_fast.multdiv_i/intadd_9/U12/CO (FA1D0BWP12T)
                                                        0.0688     3.7368 f
  x_sub_system/x_core/ex_block_i/gen_multdiv_fast.multdiv_i/intadd_9/n11 (net)
                                                1       0.0000     3.7368 f
  x_sub_system/x_core/ex_block_i/gen_multdiv_fast.multdiv_i/intadd_9/U11/CI (FA1D0BWP12T)
                                                        0.0000     3.7368 f
  x_sub_system/x_core/ex_block_i/gen_multdiv_fast.multdiv_i/intadd_9/U11/CO (FA1D0BWP12T)
                                                        0.0688     3.8057 f
  x_sub_system/x_core/ex_block_i/gen_multdiv_fast.multdiv_i/intadd_9/n10 (net)
                                                1       0.0000     3.8057 f
  x_sub_system/x_core/ex_block_i/gen_multdiv_fast.multdiv_i/intadd_9/U10/CI (FA1D0BWP12T)
                                                        0.0000     3.8057 f
  x_sub_system/x_core/ex_block_i/gen_multdiv_fast.multdiv_i/intadd_9/U10/CO (FA1D0BWP12T)
                                                        0.0688     3.8745 f
  x_sub_system/x_core/ex_block_i/gen_multdiv_fast.multdiv_i/intadd_9/n9 (net)
                                                1       0.0000     3.8745 f
  x_sub_system/x_core/ex_block_i/gen_multdiv_fast.multdiv_i/intadd_9/U9/CI (FA1D0BWP12T)
                                                        0.0000     3.8745 f
  x_sub_system/x_core/ex_block_i/gen_multdiv_fast.multdiv_i/intadd_9/U9/CO (FA1D0BWP12T)
                                                        0.0688     3.9434 f
  x_sub_system/x_core/ex_block_i/gen_multdiv_fast.multdiv_i/intadd_9/n8 (net)
                                                1       0.0000     3.9434 f
  x_sub_system/x_core/ex_block_i/gen_multdiv_fast.multdiv_i/intadd_9/U8/CI (FA1D0BWP12T)
                                                        0.0000     3.9434 f
  x_sub_system/x_core/ex_block_i/gen_multdiv_fast.multdiv_i/intadd_9/U8/CO (FA1D0BWP12T)
                                                        0.0688     4.0122 f
  x_sub_system/x_core/ex_block_i/gen_multdiv_fast.multdiv_i/intadd_9/n7 (net)
                                                1       0.0000     4.0122 f
  x_sub_system/x_core/ex_block_i/gen_multdiv_fast.multdiv_i/intadd_9/U7/CI (FA1D0BWP12T)
                                                        0.0000     4.0122 f
  x_sub_system/x_core/ex_block_i/gen_multdiv_fast.multdiv_i/intadd_9/U7/CO (FA1D0BWP12T)
                                                        0.0688     4.0811 f
  x_sub_system/x_core/ex_block_i/gen_multdiv_fast.multdiv_i/intadd_9/n6 (net)
                                                1       0.0000     4.0811 f
  x_sub_system/x_core/ex_block_i/gen_multdiv_fast.multdiv_i/intadd_9/U6/CI (FA1D0BWP12T)
                                                        0.0000     4.0811 f
  x_sub_system/x_core/ex_block_i/gen_multdiv_fast.multdiv_i/intadd_9/U6/CO (FA1D0BWP12T)
                                                        0.0688     4.1499 f
  x_sub_system/x_core/ex_block_i/gen_multdiv_fast.multdiv_i/intadd_9/n5 (net)
                                                1       0.0000     4.1499 f
  x_sub_system/x_core/ex_block_i/gen_multdiv_fast.multdiv_i/intadd_9/U5/CI (FA1D0BWP12T)
                                                        0.0000     4.1499 f
  x_sub_system/x_core/ex_block_i/gen_multdiv_fast.multdiv_i/intadd_9/U5/CO (FA1D0BWP12T)
                                                        0.0688     4.2187 f
  x_sub_system/x_core/ex_block_i/gen_multdiv_fast.multdiv_i/intadd_9/n4 (net)
                                                1       0.0000     4.2187 f
  x_sub_system/x_core/ex_block_i/gen_multdiv_fast.multdiv_i/intadd_9/U4/CI (FA1D0BWP12T)
                                                        0.0000     4.2187 f
  x_sub_system/x_core/ex_block_i/gen_multdiv_fast.multdiv_i/intadd_9/U4/CO (FA1D0BWP12T)
                                                        0.0688     4.2876 f
  x_sub_system/x_core/ex_block_i/gen_multdiv_fast.multdiv_i/intadd_9/n3 (net)
                                                1       0.0000     4.2876 f
  x_sub_system/x_core/ex_block_i/gen_multdiv_fast.multdiv_i/intadd_9/U3/CI (FA1D0BWP12T)
                                                        0.0000     4.2876 f
  x_sub_system/x_core/ex_block_i/gen_multdiv_fast.multdiv_i/intadd_9/U3/S (FA1D0BWP12T)
                                                        0.0683     4.3558 f
  x_sub_system/x_core/ex_block_i/gen_multdiv_fast.multdiv_i/intadd_9/SUM[30] (net)
                                                1       0.0000     4.3558 f
  x_sub_system/x_core/ex_block_i/gen_multdiv_fast.multdiv_i/U170/B2 (AO221D0BWP12T)
                                                        0.0000     4.3558 f
  x_sub_system/x_core/ex_block_i/gen_multdiv_fast.multdiv_i/U170/Z (AO221D0BWP12T)
                                                        0.1410     4.4969 f
  x_sub_system/x_core/ex_block_i/gen_multdiv_fast.multdiv_i/n426 (net)
                                                2       0.0000     4.4969 f
  x_sub_system/x_core/ex_block_i/gen_multdiv_fast.multdiv_i/U833/B (OAI21D0BWP12T)
                                                        0.0000     4.4969 f
  x_sub_system/x_core/ex_block_i/gen_multdiv_fast.multdiv_i/U833/ZN (OAI21D0BWP12T)
                                                        0.0402     4.5370 r
  x_sub_system/x_core/ex_block_i/gen_multdiv_fast.multdiv_i/multdiv_result_o[30] (net)
                                                2       0.0000     4.5370 r
  x_sub_system/x_core/ex_block_i/gen_multdiv_fast.multdiv_i/multdiv_result_o[30] (ibex_multdiv_fast_RV32M2)
                                                        0.0000     4.5370 r
  x_sub_system/x_core/ex_block_i/multdiv_result[30] (net)
                                                        0.0000     4.5370 r
  x_sub_system/x_core/ex_block_i/U50/I1 (MUX2D0BWP12T)
                                                        0.0000     4.5370 r
  x_sub_system/x_core/ex_block_i/U50/Z (MUX2D0BWP12T)   0.0917     4.6287 r
  x_sub_system/x_core/ex_block_i/alu_operand_b_i_true[30] (net)
                                                5       0.0000     4.6287 r
  x_sub_system/x_core/ex_block_i/alu_i/operand_b_i[30] (ibex_alu_RV32B0)
                                                        0.0000     4.6287 r
  x_sub_system/x_core/ex_block_i/alu_i/operand_b_i[30] (net)
                                                        0.0000     4.6287 r
  x_sub_system/x_core/ex_block_i/alu_i/U712/I (INVD0BWP12T)
                                                        0.0000     4.6287 r
  x_sub_system/x_core/ex_block_i/alu_i/U712/ZN (INVD0BWP12T)
                                                        0.0253     4.6540 f
  x_sub_system/x_core/ex_block_i/alu_i/n582 (net)
                                                1       0.0000     4.6540 f
  x_sub_system/x_core/ex_block_i/alu_i/U5/B2 (AOI221D0BWP12T)
                                                        0.0000     4.6540 f
  x_sub_system/x_core/ex_block_i/alu_i/U5/ZN (AOI221D0BWP12T)
                                                        0.1329     4.7868 r
  x_sub_system/x_core/ex_block_i/alu_i/intadd_8/B[30] (net)
                                                1       0.0000     4.7868 r
  x_sub_system/x_core/ex_block_i/alu_i/intadd_8/U2/B (FA1D0BWP12T)
                                                        0.0000     4.7868 r
  x_sub_system/x_core/ex_block_i/alu_i/intadd_8/U2/CO (FA1D0BWP12T)
                                                        0.1322     4.9191 r
  x_sub_system/x_core/ex_block_i/alu_i/intadd_8/n1 (net)
                                                1       0.0000     4.9191 r
  x_sub_system/x_core/ex_block_i/alu_i/U6/A2 (XOR3D0BWP12T)
                                                        0.0000     4.9191 r
  x_sub_system/x_core/ex_block_i/alu_i/U6/Z (XOR3D0BWP12T)
                                                        0.1726     5.0916 r
  x_sub_system/x_core/ex_block_i/alu_i/adder_result_o[31] (net)
                                                9       0.0000     5.0916 r
  x_sub_system/x_core/ex_block_i/alu_i/U151/B2 (OAI22D0BWP12T)
                                                        0.0000     5.0916 r
  x_sub_system/x_core/ex_block_i/alu_i/U151/ZN (OAI22D0BWP12T)
                                                        0.0587     5.1504 f
  x_sub_system/x_core/ex_block_i/alu_i/n34 (net)
                                                1       0.0000     5.1504 f
  x_sub_system/x_core/ex_block_i/alu_i/U52/B (AOI31D0BWP12T)
                                                        0.0000     5.1504 f
  x_sub_system/x_core/ex_block_i/alu_i/U52/ZN (AOI31D0BWP12T)
                                                        0.0833     5.2336 r
  x_sub_system/x_core/ex_block_i/alu_i/n52 (net)
                                                2       0.0000     5.2336 r
  x_sub_system/x_core/ex_block_i/alu_i/U160/I (INVD0BWP12T)
                                                        0.0000     5.2336 r
  x_sub_system/x_core/ex_block_i/alu_i/U160/ZN (INVD0BWP12T)
                                                        0.0339     5.2675 f
  x_sub_system/x_core/ex_block_i/alu_i/n48 (net)
                                                2       0.0000     5.2675 f
  x_sub_system/x_core/ex_block_i/alu_i/U46/C (MAOI222D0BWP12T)
                                                        0.0000     5.2675 f
  x_sub_system/x_core/ex_block_i/alu_i/U46/ZN (MAOI222D0BWP12T)
                                                        0.0745     5.3421 r
  x_sub_system/x_core/ex_block_i/alu_i/n46 (net)
                                                1       0.0000     5.3421 r
  x_sub_system/x_core/ex_block_i/alu_i/U3/B (OAI31D0BWP12T)
                                                        0.0000     5.3421 r
  x_sub_system/x_core/ex_block_i/alu_i/U3/ZN (OAI31D0BWP12T)
                                                        0.0572     5.3993 f
  x_sub_system/x_core/ex_block_i/alu_i/n49 (net)
                                                1       0.0000     5.3993 f
  x_sub_system/x_core/ex_block_i/alu_i/U56/C (OAI211D0BWP12T)
                                                        0.0000     5.3993 f
  x_sub_system/x_core/ex_block_i/alu_i/U56/ZN (OAI211D0BWP12T)
                                                        0.0512     5.4505 r
  x_sub_system/x_core/ex_block_i/alu_i/comparison_result_o (net)
                                                3       0.0000     5.4505 r
  x_sub_system/x_core/ex_block_i/alu_i/comparison_result_o (ibex_alu_RV32B0)
                                                        0.0000     5.4505 r
  x_sub_system/x_core/ex_block_i/branch_decision_o (net)
                                                        0.0000     5.4505 r
  x_sub_system/x_core/ex_block_i/branch_decision_o (ibex_ex_block_2_0_0)
                                                        0.0000     5.4505 r
  x_sub_system/x_core/branch_decision (net)             0.0000     5.4505 r
  x_sub_system/x_core/id_stage_i/branch_decision_i (ibex_id_stage_0_2_0_0_0_0_0_0)
                                                        0.0000     5.4505 r
  x_sub_system/x_core/id_stage_i/branch_decision_i (net)
                                                        0.0000     5.4505 r
  x_sub_system/x_core/id_stage_i/U9/A3 (ND3D0BWP12T)    0.0000     5.4505 r
  x_sub_system/x_core/id_stage_i/U9/ZN (ND3D0BWP12T)    0.0615     5.5121 f
  x_sub_system/x_core/id_stage_i/n80 (net)      2       0.0000     5.5121 f
  x_sub_system/x_core/id_stage_i/U10/A1 (CKND2D0BWP12T)
                                                        0.0000     5.5121 f
  x_sub_system/x_core/id_stage_i/U10/ZN (CKND2D0BWP12T)
                                                        0.0511     5.5631 r
  x_sub_system/x_core/id_stage_i/n155 (net)     2       0.0000     5.5631 r
  x_sub_system/x_core/id_stage_i/U6/C (AO211D0BWP12T)   0.0000     5.5631 r
  x_sub_system/x_core/id_stage_i/U6/Z (AO211D0BWP12T)   0.0719     5.6350 r
  x_sub_system/x_core/id_stage_i/stall_id (net)
                                                4       0.0000     5.6350 r
  x_sub_system/x_core/id_stage_i/U126/A2 (NR3D0BWP12T)
                                                        0.0000     5.6350 r
  x_sub_system/x_core/id_stage_i/U126/ZN (NR3D0BWP12T)
                                                        0.0346     5.6696 f
  x_sub_system/x_core/id_stage_i/en_wb_o (net)
                                                2       0.0000     5.6696 f
  x_sub_system/x_core/id_stage_i/U4/A2 (AN2D0BWP12T)    0.0000     5.6696 f
  x_sub_system/x_core/id_stage_i/U4/Z (AN2D0BWP12T)     0.0508     5.7203 f
  x_sub_system/x_core/id_stage_i/csr_op_en_o (net)
                                                2       0.0000     5.7203 f
  x_sub_system/x_core/id_stage_i/csr_op_en_o (ibex_id_stage_0_2_0_0_0_0_0_0)
                                                        0.0000     5.7203 f
  x_sub_system/x_core/csr_op_en (net)                   0.0000     5.7203 f
  x_sub_system/x_core/cs_registers_i/csr_op_en_i (ibex_cs_registers_0_00000001_0_0_0_0_00000000_00000028_0_00000000_00000004_0_2_0)
                                                        0.0000     5.7203 f
  x_sub_system/x_core/cs_registers_i/csr_op_en_i (net)
                                                        0.0000     5.7203 f
  x_sub_system/x_core/cs_registers_i/U6/B (OAI21D0BWP12T)
                                                        0.0000     5.7203 f
  x_sub_system/x_core/cs_registers_i/U6/ZN (OAI21D0BWP12T)
                                                        0.0332     5.7536 r
  x_sub_system/x_core/cs_registers_i/n255 (net)
                                                2       0.0000     5.7536 r
  x_sub_system/x_core/cs_registers_i/U104/B1 (AOI22D0BWP12T)
                                                        0.0000     5.7536 r
  x_sub_system/x_core/cs_registers_i/U104/ZN (AOI22D0BWP12T)
                                                        0.0472     5.8008 f
  x_sub_system/x_core/cs_registers_i/n247 (net)
                                                1       0.0000     5.8008 f
  x_sub_system/x_core/cs_registers_i/U5/B1 (AOI32D0BWP12T)
                                                        0.0000     5.8008 f
  x_sub_system/x_core/cs_registers_i/U5/ZN (AOI32D0BWP12T)
                                                        0.0725     5.8733 r
  x_sub_system/x_core/cs_registers_i/n248 (net)
                                                1       0.0000     5.8733 r
  x_sub_system/x_core/cs_registers_i/U8/C (OAI211D0BWP12T)
                                                        0.0000     5.8733 r
  x_sub_system/x_core/cs_registers_i/U8/ZN (OAI211D0BWP12T)
                                                        0.0666     5.9399 f
  x_sub_system/x_core/cs_registers_i/n251 (net)
                                                1       0.0000     5.9399 f
  x_sub_system/x_core/cs_registers_i/U7/A3 (OA31D0BWP12T)
                                                        0.0000     5.9399 f
  x_sub_system/x_core/cs_registers_i/U7/Z (OA31D0BWP12T)
                                                        0.1134     6.0532 f
  x_sub_system/x_core/cs_registers_i/illegal_csr_insn_o (net)
                                                4       0.0000     6.0532 f
  x_sub_system/x_core/cs_registers_i/U10/A1 (NR2D0BWP12T)
                                                        0.0000     6.0532 f
  x_sub_system/x_core/cs_registers_i/U10/ZN (NR2D0BWP12T)
                                                        0.1030     6.1562 r
  x_sub_system/x_core/cs_registers_i/n767 (net)
                                                7       0.0000     6.1562 r
  x_sub_system/x_core/cs_registers_i/U9/A1 (CKND2D0BWP12T)
                                                        0.0000     6.1562 r
  x_sub_system/x_core/cs_registers_i/U9/ZN (CKND2D0BWP12T)
                                                        0.0652     6.2214 f
  x_sub_system/x_core/cs_registers_i/n606 (net)
                                                2       0.0000     6.2214 f
  x_sub_system/x_core/cs_registers_i/U11/A2 (NR2D0BWP12T)
                                                        0.0000     6.2214 f
  x_sub_system/x_core/cs_registers_i/U11/ZN (NR2D0BWP12T)
                                                        0.2284     6.4498 r
  x_sub_system/x_core/cs_registers_i/mhpmcounterh_we_0 (net)
                                               19       0.0000     6.4498 r
  x_sub_system/x_core/cs_registers_i/mcycle_counter_i/counterh_we_i (ibex_counter_CounterWidth64_1)
                                                        0.0000     6.4498 r
  x_sub_system/x_core/cs_registers_i/mcycle_counter_i/counterh_we_i (net)
                                                        0.0000     6.4498 r
  x_sub_system/x_core/cs_registers_i/mcycle_counter_i/U5/I (INVD0BWP12T)
                                                        0.0000     6.4498 r
  x_sub_system/x_core/cs_registers_i/mcycle_counter_i/U5/ZN (INVD0BWP12T)
                                                        0.0708     6.5206 f
  x_sub_system/x_core/cs_registers_i/mcycle_counter_i/n3 (net)
                                                4       0.0000     6.5206 f
  x_sub_system/x_core/cs_registers_i/mcycle_counter_i/U25/I (INVD0BWP12T)
                                                        0.0000     6.5206 f
  x_sub_system/x_core/cs_registers_i/mcycle_counter_i/U25/ZN (INVD0BWP12T)
                                                        0.1087     6.6294 r
  x_sub_system/x_core/cs_registers_i/mcycle_counter_i/n304 (net)
                                               15       0.0000     6.6294 r
  x_sub_system/x_core/cs_registers_i/mcycle_counter_i/U3/B2 (INR3D0BWP12T)
                                                        0.0000     6.6294 r
  x_sub_system/x_core/cs_registers_i/mcycle_counter_i/U3/ZN (INR3D0BWP12T)
                                                        0.1089     6.7383 f
  x_sub_system/x_core/cs_registers_i/mcycle_counter_i/n308 (net)
                                               18       0.0000     6.7383 f
  x_sub_system/x_core/cs_registers_i/mcycle_counter_i/U26/I (INVD0BWP12T)
                                                        0.0000     6.7383 f
  x_sub_system/x_core/cs_registers_i/mcycle_counter_i/U26/ZN (INVD0BWP12T)
                                                        0.2054     6.9437 r
  x_sub_system/x_core/cs_registers_i/mcycle_counter_i/n279 (net)
                                               32       0.0000     6.9437 r
  x_sub_system/x_core/cs_registers_i/mcycle_counter_i/U114/I (BUFFD0BWP12T)
                                                        0.0000     6.9437 r
  x_sub_system/x_core/cs_registers_i/mcycle_counter_i/U114/Z (BUFFD0BWP12T)
                                                        0.1472     7.0910 r
  x_sub_system/x_core/cs_registers_i/mcycle_counter_i/n289 (net)
                                               16       0.0000     7.0910 r
  x_sub_system/x_core/cs_registers_i/mcycle_counter_i/U4/A2 (CKND2D0BWP12T)
                                                        0.0000     7.0910 r
  x_sub_system/x_core/cs_registers_i/mcycle_counter_i/U4/ZN (CKND2D0BWP12T)
                                                        0.2622     7.3532 f
  x_sub_system/x_core/cs_registers_i/mcycle_counter_i/n290 (net)
                                               24       0.0000     7.3532 f
  x_sub_system/x_core/cs_registers_i/mcycle_counter_i/U120/I (BUFFD0BWP12T)
                                                        0.0000     7.3532 f
  x_sub_system/x_core/cs_registers_i/mcycle_counter_i/U120/Z (BUFFD0BWP12T)
                                                        0.1680     7.5212 f
  x_sub_system/x_core/cs_registers_i/mcycle_counter_i/n288 (net)
                                               21       0.0000     7.5212 f
  x_sub_system/x_core/cs_registers_i/mcycle_counter_i/U301/B2 (AOI32D0BWP12T)
                                                        0.0000     7.5212 f
  x_sub_system/x_core/cs_registers_i/mcycle_counter_i/U301/ZN (AOI32D0BWP12T)
                                                        0.1027     7.6239 r
  x_sub_system/x_core/cs_registers_i/mcycle_counter_i/n281 (net)
                                                1       0.0000     7.6239 r
  x_sub_system/x_core/cs_registers_i/mcycle_counter_i/U21/B2 (AOI22D0BWP12T)
                                                        0.0000     7.6239 r
  x_sub_system/x_core/cs_registers_i/mcycle_counter_i/U21/ZN (AOI22D0BWP12T)
                                                        0.0598     7.6837 f
  x_sub_system/x_core/cs_registers_i/mcycle_counter_i/n282 (net)
                                                1       0.0000     7.6837 f
  x_sub_system/x_core/cs_registers_i/mcycle_counter_i/U302/B (OAI31D0BWP12T)
                                                        0.0000     7.6837 f
  x_sub_system/x_core/cs_registers_i/mcycle_counter_i/U302/ZN (OAI31D0BWP12T)
                                                        0.0467     7.7304 r
  x_sub_system/x_core/cs_registers_i/mcycle_counter_i/n14 (net)
                                                1       0.0000     7.7304 r
  x_sub_system/x_core/cs_registers_i/mcycle_counter_i/counter_q_reg[60]/D (DFCNQD1BWP12T)
                                                        0.0000     7.7304 r
  data arrival time                                                7.7304

  clock clk1 (rise edge)                               10.0000    10.0000
  clock network delay (ideal)                           0.0000    10.0000
  clock uncertainty                                    -0.2000     9.8000
  x_sub_system/x_core/cs_registers_i/mcycle_counter_i/counter_q_reg[60]/CP (DFCNQD1BWP12T)
                                                        0.0000     9.8000 r
  library setup time                                   -0.0154     9.7846
  data required time                                               9.7846
  --------------------------------------------------------------------------
  data required time                                               9.7846
  data arrival time                                               -7.7304
  --------------------------------------------------------------------------
  slack (MET)                                                      2.0542


  Startpoint: x_sub_system/x_core/if_stage_i/instr_rdata_alu_id_o_reg[1]
              (rising edge-triggered flip-flop clocked by clk1)
  Endpoint: x_sub_system/x_core/cs_registers_i/mcycle_counter_i/counter_q_reg[42]
            (rising edge-triggered flip-flop clocked by clk1)
  Path Group: clk1
  Path Type: max

  Des/Clust/Port     Wire Load Model       Library
  ------------------------------------------------
  ibex_csr_32_0_0_5  ZeroWireload          tcbn65gplusbwp12twc
  ibex_csr_32_0_0_4  ZeroWireload          tcbn65gplusbwp12twc
  ibex_csr_32_0_0_3  ZeroWireload          tcbn65gplusbwp12twc
  ibex_csr_32_0_0_2  ZeroWireload          tcbn65gplusbwp12twc
  ibex_csr_32_0_0_1  ZeroWireload          tcbn65gplusbwp12twc
  ibex_counter_CounterWidth64_0
                     ZeroWireload          tcbn65gplusbwp12twc
  ibex_fetch_fifo_00000002
                     ZeroWireload          tcbn65gplusbwp12twc
  ibex_counter_CounterWidth64_1
                     ZeroWireload          tcbn65gplusbwp12twc
  ibex_csr_32_0_40000003
                     ZeroWireload          tcbn65gplusbwp12twc
  ibex_csr_32_0_00000001
                     ZeroWireload          tcbn65gplusbwp12twc
  ibex_csr_6_0_0_2   ZeroWireload          tcbn65gplusbwp12twc
  ibex_csr_18_0_0    ZeroWireload          tcbn65gplusbwp12twc
  ibex_csr_32_0_0_6  ZeroWireload          tcbn65gplusbwp12twc
  ibex_csr_6_0_10    ZeroWireload          tcbn65gplusbwp12twc
  ibex_multdiv_fast_RV32M2
                     ZeroWireload          tcbn65gplusbwp12twc
  ibex_controller_0_0
                     ZeroWireload          tcbn65gplusbwp12twc
  ibex_prefetch_buffer_0
                     ZeroWireload          tcbn65gplusbwp12twc
  ibex_cs_registers_0_00000001_0_0_0_0_00000000_00000028_0_00000000_00000004_0_2_0
                     ZeroWireload          tcbn65gplusbwp12twc
  ibex_load_store_unit
                     ZeroWireload          tcbn65gplusbwp12twc
  ibex_ex_block_2_0_0
                     ZeroWireload          tcbn65gplusbwp12twc
  ibex_id_stage_0_2_0_0_0_0_0_0
                     ZeroWireload          tcbn65gplusbwp12twc
  ibex_if_stage_00000000_00000000_0_0_0_0_0
                     ZeroWireload          tcbn65gplusbwp12twc
  prim_clock_gating  ZeroWireload          tcbn65gplusbwp12twc
  ibex_core_00000000_00000000
                     ZeroWireload          tcbn65gplusbwp12twc
  ibex_decoder_0_2_0_0
                     ZeroWireload          tcbn65gplusbwp12twc
  ibex_register_file_ff_0_00000020_0
                     ZeroWireload          tcbn65gplusbwp12twc
  ibex_alu_RV32B0    ZeroWireload          tcbn65gplusbwp12twc
  ibex_wb_stage_0    ZeroWireload          tcbn65gplusbwp12twc

  Point                                       Fanout      Incr       Path
  --------------------------------------------------------------------------
  clock clk1 (rise edge)                                0.0000     0.0000
  clock network delay (ideal)                           0.0000     0.0000
  x_sub_system/x_core/if_stage_i/instr_rdata_alu_id_o_reg[1]/CP (EDFQD1BWP12T)
                                                        0.0000     0.0000 r
  x_sub_system/x_core/if_stage_i/instr_rdata_alu_id_o_reg[1]/Q (EDFQD1BWP12T)
                                                        0.1057     0.1057 r
  x_sub_system/x_core/if_stage_i/instr_rdata_alu_id_o[1] (net)
                                                1       0.0000     0.1057 r
  x_sub_system/x_core/if_stage_i/instr_rdata_alu_id_o[1] (ibex_if_stage_00000000_00000000_0_0_0_0_0)
                                                        0.0000     0.1057 r
  x_sub_system/x_core/instr_rdata_alu_id[1] (net)       0.0000     0.1057 r
  x_sub_system/x_core/id_stage_i/instr_rdata_alu_i[1] (ibex_id_stage_0_2_0_0_0_0_0_0)
                                                        0.0000     0.1057 r
  x_sub_system/x_core/id_stage_i/instr_rdata_alu_i[1] (net)
                                                        0.0000     0.1057 r
  x_sub_system/x_core/id_stage_i/decoder_i/instr_rdata_alu_i[1] (ibex_decoder_0_2_0_0)
                                                        0.0000     0.1057 r
  x_sub_system/x_core/id_stage_i/decoder_i/instr_rdata_alu_i[1] (net)
                                                        0.0000     0.1057 r
  x_sub_system/x_core/id_stage_i/decoder_i/U42/A2 (CKND2D0BWP12T)
                                                        0.0000     0.1057 r
  x_sub_system/x_core/id_stage_i/decoder_i/U42/ZN (CKND2D0BWP12T)
                                                        0.0584     0.1641 f
  x_sub_system/x_core/id_stage_i/decoder_i/n65 (net)
                                                4       0.0000     0.1641 f
  x_sub_system/x_core/id_stage_i/decoder_i/U43/A4 (NR4D0BWP12T)
                                                        0.0000     0.1641 f
  x_sub_system/x_core/id_stage_i/decoder_i/U43/ZN (NR4D0BWP12T)
                                                        0.0922     0.2563 r
  x_sub_system/x_core/id_stage_i/decoder_i/n58 (net)
                                                2       0.0000     0.2563 r
  x_sub_system/x_core/id_stage_i/decoder_i/U44/A3 (ND3D0BWP12T)
                                                        0.0000     0.2563 r
  x_sub_system/x_core/id_stage_i/decoder_i/U44/ZN (ND3D0BWP12T)
                                                        0.0723     0.3286 f
  x_sub_system/x_core/id_stage_i/decoder_i/n83 (net)
                                                3       0.0000     0.3286 f
  x_sub_system/x_core/id_stage_i/decoder_i/U3/A2 (NR2D0BWP12T)
                                                        0.0000     0.3286 f
  x_sub_system/x_core/id_stage_i/decoder_i/U3/ZN (NR2D0BWP12T)
                                                        0.1506     0.4792 r
  x_sub_system/x_core/id_stage_i/decoder_i/n76 (net)
                                               10       0.0000     0.4792 r
  x_sub_system/x_core/id_stage_i/decoder_i/U123/B2 (MAOI22D0BWP12T)
                                                        0.0000     0.4792 r
  x_sub_system/x_core/id_stage_i/decoder_i/U123/ZN (MAOI22D0BWP12T)
                                                        0.1147     0.5939 r
  x_sub_system/x_core/id_stage_i/decoder_i/rf_raddr_a_o[1] (net)
                                                3       0.0000     0.5939 r
  x_sub_system/x_core/id_stage_i/decoder_i/rf_raddr_a_o[1] (ibex_decoder_0_2_0_0)
                                                        0.0000     0.5939 r
  x_sub_system/x_core/id_stage_i/rf_raddr_a_o[1] (net)
                                                        0.0000     0.5939 r
  x_sub_system/x_core/id_stage_i/rf_raddr_a_o[1] (ibex_id_stage_0_2_0_0_0_0_0_0)
                                                        0.0000     0.5939 r
  x_sub_system/x_core/rf_raddr_a[1] (net)               0.0000     0.5939 r
  x_sub_system/x_core/gen_regfile_ff.register_file_i/raddr_a_i[1] (ibex_register_file_ff_0_00000020_0)
                                                        0.0000     0.5939 r
  x_sub_system/x_core/gen_regfile_ff.register_file_i/raddr_a_i[1] (net)
                                                        0.0000     0.5939 r
  x_sub_system/x_core/gen_regfile_ff.register_file_i/U1269/I (INVD0BWP12T)
                                                        0.0000     0.5939 r
  x_sub_system/x_core/gen_regfile_ff.register_file_i/U1269/ZN (INVD0BWP12T)
                                                        0.0290     0.6229 f
  x_sub_system/x_core/gen_regfile_ff.register_file_i/n150 (net)
                                                2       0.0000     0.6229 f
  x_sub_system/x_core/gen_regfile_ff.register_file_i/U8/A2 (CKND2D0BWP12T)
                                                        0.0000     0.6229 f
  x_sub_system/x_core/gen_regfile_ff.register_file_i/U8/ZN (CKND2D0BWP12T)
                                                        0.1283     0.7512 r
  x_sub_system/x_core/gen_regfile_ff.register_file_i/n172 (net)
                                                8       0.0000     0.7512 r
  x_sub_system/x_core/gen_regfile_ff.register_file_i/U1312/A1 (NR2XD0BWP12T)
                                                        0.0000     0.7512 r
  x_sub_system/x_core/gen_regfile_ff.register_file_i/U1312/ZN (NR2XD0BWP12T)
                                                        0.1735     0.9247 f
  x_sub_system/x_core/gen_regfile_ff.register_file_i/n2468 (net)
                                               32       0.0000     0.9247 f
  x_sub_system/x_core/gen_regfile_ff.register_file_i/U2594/B1 (AOI22D0BWP12T)
                                                        0.0000     0.9247 f
  x_sub_system/x_core/gen_regfile_ff.register_file_i/U2594/ZN (AOI22D0BWP12T)
                                                        0.0970     1.0217 r
  x_sub_system/x_core/gen_regfile_ff.register_file_i/n2472 (net)
                                                1       0.0000     1.0217 r
  x_sub_system/x_core/gen_regfile_ff.register_file_i/U2596/A3 (ND4D0BWP12T)
                                                        0.0000     1.0217 r
  x_sub_system/x_core/gen_regfile_ff.register_file_i/U2596/ZN (ND4D0BWP12T)
                                                        0.0686     1.0903 f
  x_sub_system/x_core/gen_regfile_ff.register_file_i/n2514 (net)
                                                1       0.0000     1.0903 f
  x_sub_system/x_core/gen_regfile_ff.register_file_i/U2611/A1 (OR4D0BWP12T)
                                                        0.0000     1.0903 f
  x_sub_system/x_core/gen_regfile_ff.register_file_i/U2611/Z (OR4D0BWP12T)
                                                        0.1572     1.2475 f
  x_sub_system/x_core/gen_regfile_ff.register_file_i/rdata_a_o[21] (net)
                                                2       0.0000     1.2475 f
  x_sub_system/x_core/gen_regfile_ff.register_file_i/rdata_a_o[21] (ibex_register_file_ff_0_00000020_0)
                                                        0.0000     1.2475 f
  x_sub_system/x_core/rf_rdata_a[21] (net)              0.0000     1.2475 f
  x_sub_system/x_core/id_stage_i/rf_rdata_a_i[21] (ibex_id_stage_0_2_0_0_0_0_0_0)
                                                        0.0000     1.2475 f
  x_sub_system/x_core/id_stage_i/rf_rdata_a_i[21] (net)
                                                        0.0000     1.2475 f
  x_sub_system/x_core/id_stage_i/U105/I (BUFFD0BWP12T)
                                                        0.0000     1.2475 f
  x_sub_system/x_core/id_stage_i/U105/Z (BUFFD0BWP12T)
                                                        0.0506     1.2981 f
  x_sub_system/x_core/id_stage_i/multdiv_operand_a_ex_o[21] (net)
                                                2       0.0000     1.2981 f
  x_sub_system/x_core/id_stage_i/multdiv_operand_a_ex_o[21] (ibex_id_stage_0_2_0_0_0_0_0_0)
                                                        0.0000     1.2981 f
  x_sub_system/x_core/multdiv_operand_a_ex[21] (net)    0.0000     1.2981 f
  x_sub_system/x_core/ex_block_i/multdiv_operand_a_i[21] (ibex_ex_block_2_0_0)
                                                        0.0000     1.2981 f
  x_sub_system/x_core/ex_block_i/multdiv_operand_a_i[21] (net)
                                                        0.0000     1.2981 f
  x_sub_system/x_core/ex_block_i/gen_multdiv_fast.multdiv_i/op_a_i[21] (ibex_multdiv_fast_RV32M2)
                                                        0.0000     1.2981 f
  x_sub_system/x_core/ex_block_i/gen_multdiv_fast.multdiv_i/op_a_i[21] (net)
                                                        0.0000     1.2981 f
  x_sub_system/x_core/ex_block_i/gen_multdiv_fast.multdiv_i/U259/A2 (AOI22D1BWP12T)
                                                        0.0000     1.2981 f
  x_sub_system/x_core/ex_block_i/gen_multdiv_fast.multdiv_i/U259/ZN (AOI22D1BWP12T)
                                                        0.2181     1.5162 r
  x_sub_system/x_core/ex_block_i/gen_multdiv_fast.multdiv_i/intadd_11/A[0] (net)
                                               23       0.0000     1.5162 r
  x_sub_system/x_core/ex_block_i/gen_multdiv_fast.multdiv_i/U607/I (INVD0BWP12T)
                                                        0.0000     1.5162 r
  x_sub_system/x_core/ex_block_i/gen_multdiv_fast.multdiv_i/U607/ZN (INVD0BWP12T)
                                                        0.2076     1.7239 f
  x_sub_system/x_core/ex_block_i/gen_multdiv_fast.multdiv_i/n987 (net)
                                               21       0.0000     1.7239 f
  x_sub_system/x_core/ex_block_i/gen_multdiv_fast.multdiv_i/U613/I0 (MUX2ND0BWP12T)
                                                        0.0000     1.7239 f
  x_sub_system/x_core/ex_block_i/gen_multdiv_fast.multdiv_i/U613/ZN (MUX2ND0BWP12T)
                                                        0.0838     1.8077 r
  x_sub_system/x_core/ex_block_i/gen_multdiv_fast.multdiv_i/n472 (net)
                                                3       0.0000     1.8077 r
  x_sub_system/x_core/ex_block_i/gen_multdiv_fast.multdiv_i/U24/I (INVD0BWP12T)
                                                        0.0000     1.8077 r
  x_sub_system/x_core/ex_block_i/gen_multdiv_fast.multdiv_i/U24/ZN (INVD0BWP12T)
                                                        0.0300     1.8376 f
  x_sub_system/x_core/ex_block_i/gen_multdiv_fast.multdiv_i/n474 (net)
                                                2       0.0000     1.8376 f
  x_sub_system/x_core/ex_block_i/gen_multdiv_fast.multdiv_i/U910/A2 (CKND2D0BWP12T)
                                                        0.0000     1.8376 f
  x_sub_system/x_core/ex_block_i/gen_multdiv_fast.multdiv_i/U910/ZN (CKND2D0BWP12T)
                                                        0.1889     2.0265 r
  x_sub_system/x_core/ex_block_i/gen_multdiv_fast.multdiv_i/n981 (net)
                                               17       0.0000     2.0265 r
  x_sub_system/x_core/ex_block_i/gen_multdiv_fast.multdiv_i/U914/C1 (OAI222D0BWP12T)
                                                        0.0000     2.0265 r
  x_sub_system/x_core/ex_block_i/gen_multdiv_fast.multdiv_i/U914/ZN (OAI222D0BWP12T)
                                                        0.1417     2.1682 f
  x_sub_system/x_core/ex_block_i/gen_multdiv_fast.multdiv_i/n479 (net)
                                                1       0.0000     2.1682 f
  x_sub_system/x_core/ex_block_i/gen_multdiv_fast.multdiv_i/U915/S (MUX2ND0BWP12T)
                                                        0.0000     2.1682 f
  x_sub_system/x_core/ex_block_i/gen_multdiv_fast.multdiv_i/U915/ZN (MUX2ND0BWP12T)
                                                        0.0790     2.2472 f
  x_sub_system/x_core/ex_block_i/gen_multdiv_fast.multdiv_i/intadd_11/A[1] (net)
                                                1       0.0000     2.2472 f
  x_sub_system/x_core/ex_block_i/gen_multdiv_fast.multdiv_i/intadd_11/U3/A (FA1D0BWP12T)
                                                        0.0000     2.2472 f
  x_sub_system/x_core/ex_block_i/gen_multdiv_fast.multdiv_i/intadd_11/U3/CO (FA1D0BWP12T)
                                                        0.1412     2.3884 f
  x_sub_system/x_core/ex_block_i/gen_multdiv_fast.multdiv_i/intadd_11/n2 (net)
                                                1       0.0000     2.3884 f
  x_sub_system/x_core/ex_block_i/gen_multdiv_fast.multdiv_i/intadd_11/U2/CI (FA1D0BWP12T)
                                                        0.0000     2.3884 f
  x_sub_system/x_core/ex_block_i/gen_multdiv_fast.multdiv_i/intadd_11/U2/CO (FA1D0BWP12T)
                                                        0.0651     2.4535 f
  x_sub_system/x_core/ex_block_i/gen_multdiv_fast.multdiv_i/intadd_11/n1 (net)
                                                1       0.0000     2.4535 f
  x_sub_system/x_core/ex_block_i/gen_multdiv_fast.multdiv_i/U865/I (INVD0BWP12T)
                                                        0.0000     2.4535 f
  x_sub_system/x_core/ex_block_i/gen_multdiv_fast.multdiv_i/U865/ZN (INVD0BWP12T)
                                                        0.0235     2.4770 r
  x_sub_system/x_core/ex_block_i/gen_multdiv_fast.multdiv_i/DP_OP_71J4_122_6124/n291 (net)
                                                1       0.0000     2.4770 r
  x_sub_system/x_core/ex_block_i/gen_multdiv_fast.multdiv_i/DP_OP_71J4_122_6124/U194/CIX (CMPE42D1BWP12T)
                                                        0.0000     2.4770 r
  x_sub_system/x_core/ex_block_i/gen_multdiv_fast.multdiv_i/DP_OP_71J4_122_6124/U194/S (CMPE42D1BWP12T)
                                                        0.0823     2.5593 r
  x_sub_system/x_core/ex_block_i/gen_multdiv_fast.multdiv_i/DP_OP_71J4_122_6124/n290 (net)
                                                1       0.0000     2.5593 r
  x_sub_system/x_core/ex_block_i/gen_multdiv_fast.multdiv_i/U856/I (INVD0BWP12T)
                                                        0.0000     2.5593 r
  x_sub_system/x_core/ex_block_i/gen_multdiv_fast.multdiv_i/U856/ZN (INVD0BWP12T)
                                                        0.0181     2.5774 f
  x_sub_system/x_core/ex_block_i/gen_multdiv_fast.multdiv_i/intadd_9/A[6] (net)
                                                1       0.0000     2.5774 f
  x_sub_system/x_core/ex_block_i/gen_multdiv_fast.multdiv_i/intadd_9/U27/A (FA1D0BWP12T)
                                                        0.0000     2.5774 f
  x_sub_system/x_core/ex_block_i/gen_multdiv_fast.multdiv_i/intadd_9/U27/CO (FA1D0BWP12T)
                                                        0.1268     2.7042 f
  x_sub_system/x_core/ex_block_i/gen_multdiv_fast.multdiv_i/intadd_9/n26 (net)
                                                1       0.0000     2.7042 f
  x_sub_system/x_core/ex_block_i/gen_multdiv_fast.multdiv_i/intadd_9/U26/CI (FA1D0BWP12T)
                                                        0.0000     2.7042 f
  x_sub_system/x_core/ex_block_i/gen_multdiv_fast.multdiv_i/intadd_9/U26/CO (FA1D0BWP12T)
                                                        0.0688     2.7730 f
  x_sub_system/x_core/ex_block_i/gen_multdiv_fast.multdiv_i/intadd_9/n25 (net)
                                                1       0.0000     2.7730 f
  x_sub_system/x_core/ex_block_i/gen_multdiv_fast.multdiv_i/intadd_9/U25/CI (FA1D0BWP12T)
                                                        0.0000     2.7730 f
  x_sub_system/x_core/ex_block_i/gen_multdiv_fast.multdiv_i/intadd_9/U25/CO (FA1D0BWP12T)
                                                        0.0688     2.8419 f
  x_sub_system/x_core/ex_block_i/gen_multdiv_fast.multdiv_i/intadd_9/n24 (net)
                                                1       0.0000     2.8419 f
  x_sub_system/x_core/ex_block_i/gen_multdiv_fast.multdiv_i/intadd_9/U24/CI (FA1D0BWP12T)
                                                        0.0000     2.8419 f
  x_sub_system/x_core/ex_block_i/gen_multdiv_fast.multdiv_i/intadd_9/U24/CO (FA1D0BWP12T)
                                                        0.0688     2.9107 f
  x_sub_system/x_core/ex_block_i/gen_multdiv_fast.multdiv_i/intadd_9/n23 (net)
                                                1       0.0000     2.9107 f
  x_sub_system/x_core/ex_block_i/gen_multdiv_fast.multdiv_i/intadd_9/U23/CI (FA1D0BWP12T)
                                                        0.0000     2.9107 f
  x_sub_system/x_core/ex_block_i/gen_multdiv_fast.multdiv_i/intadd_9/U23/CO (FA1D0BWP12T)
                                                        0.0688     2.9796 f
  x_sub_system/x_core/ex_block_i/gen_multdiv_fast.multdiv_i/intadd_9/n22 (net)
                                                1       0.0000     2.9796 f
  x_sub_system/x_core/ex_block_i/gen_multdiv_fast.multdiv_i/intadd_9/U22/CI (FA1D0BWP12T)
                                                        0.0000     2.9796 f
  x_sub_system/x_core/ex_block_i/gen_multdiv_fast.multdiv_i/intadd_9/U22/CO (FA1D0BWP12T)
                                                        0.0688     3.0484 f
  x_sub_system/x_core/ex_block_i/gen_multdiv_fast.multdiv_i/intadd_9/n21 (net)
                                                1       0.0000     3.0484 f
  x_sub_system/x_core/ex_block_i/gen_multdiv_fast.multdiv_i/intadd_9/U21/CI (FA1D0BWP12T)
                                                        0.0000     3.0484 f
  x_sub_system/x_core/ex_block_i/gen_multdiv_fast.multdiv_i/intadd_9/U21/CO (FA1D0BWP12T)
                                                        0.0688     3.1172 f
  x_sub_system/x_core/ex_block_i/gen_multdiv_fast.multdiv_i/intadd_9/n20 (net)
                                                1       0.0000     3.1172 f
  x_sub_system/x_core/ex_block_i/gen_multdiv_fast.multdiv_i/intadd_9/U20/CI (FA1D0BWP12T)
                                                        0.0000     3.1172 f
  x_sub_system/x_core/ex_block_i/gen_multdiv_fast.multdiv_i/intadd_9/U20/CO (FA1D0BWP12T)
                                                        0.0688     3.1861 f
  x_sub_system/x_core/ex_block_i/gen_multdiv_fast.multdiv_i/intadd_9/n19 (net)
                                                1       0.0000     3.1861 f
  x_sub_system/x_core/ex_block_i/gen_multdiv_fast.multdiv_i/intadd_9/U19/CI (FA1D0BWP12T)
                                                        0.0000     3.1861 f
  x_sub_system/x_core/ex_block_i/gen_multdiv_fast.multdiv_i/intadd_9/U19/CO (FA1D0BWP12T)
                                                        0.0688     3.2549 f
  x_sub_system/x_core/ex_block_i/gen_multdiv_fast.multdiv_i/intadd_9/n18 (net)
                                                1       0.0000     3.2549 f
  x_sub_system/x_core/ex_block_i/gen_multdiv_fast.multdiv_i/intadd_9/U18/CI (FA1D0BWP12T)
                                                        0.0000     3.2549 f
  x_sub_system/x_core/ex_block_i/gen_multdiv_fast.multdiv_i/intadd_9/U18/CO (FA1D0BWP12T)
                                                        0.0688     3.3238 f
  x_sub_system/x_core/ex_block_i/gen_multdiv_fast.multdiv_i/intadd_9/n17 (net)
                                                1       0.0000     3.3238 f
  x_sub_system/x_core/ex_block_i/gen_multdiv_fast.multdiv_i/intadd_9/U17/CI (FA1D0BWP12T)
                                                        0.0000     3.3238 f
  x_sub_system/x_core/ex_block_i/gen_multdiv_fast.multdiv_i/intadd_9/U17/CO (FA1D0BWP12T)
                                                        0.0688     3.3926 f
  x_sub_system/x_core/ex_block_i/gen_multdiv_fast.multdiv_i/intadd_9/n16 (net)
                                                1       0.0000     3.3926 f
  x_sub_system/x_core/ex_block_i/gen_multdiv_fast.multdiv_i/intadd_9/U16/CI (FA1D0BWP12T)
                                                        0.0000     3.3926 f
  x_sub_system/x_core/ex_block_i/gen_multdiv_fast.multdiv_i/intadd_9/U16/CO (FA1D0BWP12T)
                                                        0.0688     3.4615 f
  x_sub_system/x_core/ex_block_i/gen_multdiv_fast.multdiv_i/intadd_9/n15 (net)
                                                1       0.0000     3.4615 f
  x_sub_system/x_core/ex_block_i/gen_multdiv_fast.multdiv_i/intadd_9/U15/CI (FA1D0BWP12T)
                                                        0.0000     3.4615 f
  x_sub_system/x_core/ex_block_i/gen_multdiv_fast.multdiv_i/intadd_9/U15/CO (FA1D0BWP12T)
                                                        0.0688     3.5303 f
  x_sub_system/x_core/ex_block_i/gen_multdiv_fast.multdiv_i/intadd_9/n14 (net)
                                                1       0.0000     3.5303 f
  x_sub_system/x_core/ex_block_i/gen_multdiv_fast.multdiv_i/intadd_9/U14/CI (FA1D0BWP12T)
                                                        0.0000     3.5303 f
  x_sub_system/x_core/ex_block_i/gen_multdiv_fast.multdiv_i/intadd_9/U14/CO (FA1D0BWP12T)
                                                        0.0688     3.5991 f
  x_sub_system/x_core/ex_block_i/gen_multdiv_fast.multdiv_i/intadd_9/n13 (net)
                                                1       0.0000     3.5991 f
  x_sub_system/x_core/ex_block_i/gen_multdiv_fast.multdiv_i/intadd_9/U13/CI (FA1D0BWP12T)
                                                        0.0000     3.5991 f
  x_sub_system/x_core/ex_block_i/gen_multdiv_fast.multdiv_i/intadd_9/U13/CO (FA1D0BWP12T)
                                                        0.0688     3.6680 f
  x_sub_system/x_core/ex_block_i/gen_multdiv_fast.multdiv_i/intadd_9/n12 (net)
                                                1       0.0000     3.6680 f
  x_sub_system/x_core/ex_block_i/gen_multdiv_fast.multdiv_i/intadd_9/U12/CI (FA1D0BWP12T)
                                                        0.0000     3.6680 f
  x_sub_system/x_core/ex_block_i/gen_multdiv_fast.multdiv_i/intadd_9/U12/CO (FA1D0BWP12T)
                                                        0.0688     3.7368 f
  x_sub_system/x_core/ex_block_i/gen_multdiv_fast.multdiv_i/intadd_9/n11 (net)
                                                1       0.0000     3.7368 f
  x_sub_system/x_core/ex_block_i/gen_multdiv_fast.multdiv_i/intadd_9/U11/CI (FA1D0BWP12T)
                                                        0.0000     3.7368 f
  x_sub_system/x_core/ex_block_i/gen_multdiv_fast.multdiv_i/intadd_9/U11/CO (FA1D0BWP12T)
                                                        0.0688     3.8057 f
  x_sub_system/x_core/ex_block_i/gen_multdiv_fast.multdiv_i/intadd_9/n10 (net)
                                                1       0.0000     3.8057 f
  x_sub_system/x_core/ex_block_i/gen_multdiv_fast.multdiv_i/intadd_9/U10/CI (FA1D0BWP12T)
                                                        0.0000     3.8057 f
  x_sub_system/x_core/ex_block_i/gen_multdiv_fast.multdiv_i/intadd_9/U10/CO (FA1D0BWP12T)
                                                        0.0688     3.8745 f
  x_sub_system/x_core/ex_block_i/gen_multdiv_fast.multdiv_i/intadd_9/n9 (net)
                                                1       0.0000     3.8745 f
  x_sub_system/x_core/ex_block_i/gen_multdiv_fast.multdiv_i/intadd_9/U9/CI (FA1D0BWP12T)
                                                        0.0000     3.8745 f
  x_sub_system/x_core/ex_block_i/gen_multdiv_fast.multdiv_i/intadd_9/U9/CO (FA1D0BWP12T)
                                                        0.0688     3.9434 f
  x_sub_system/x_core/ex_block_i/gen_multdiv_fast.multdiv_i/intadd_9/n8 (net)
                                                1       0.0000     3.9434 f
  x_sub_system/x_core/ex_block_i/gen_multdiv_fast.multdiv_i/intadd_9/U8/CI (FA1D0BWP12T)
                                                        0.0000     3.9434 f
  x_sub_system/x_core/ex_block_i/gen_multdiv_fast.multdiv_i/intadd_9/U8/CO (FA1D0BWP12T)
                                                        0.0688     4.0122 f
  x_sub_system/x_core/ex_block_i/gen_multdiv_fast.multdiv_i/intadd_9/n7 (net)
                                                1       0.0000     4.0122 f
  x_sub_system/x_core/ex_block_i/gen_multdiv_fast.multdiv_i/intadd_9/U7/CI (FA1D0BWP12T)
                                                        0.0000     4.0122 f
  x_sub_system/x_core/ex_block_i/gen_multdiv_fast.multdiv_i/intadd_9/U7/CO (FA1D0BWP12T)
                                                        0.0688     4.0811 f
  x_sub_system/x_core/ex_block_i/gen_multdiv_fast.multdiv_i/intadd_9/n6 (net)
                                                1       0.0000     4.0811 f
  x_sub_system/x_core/ex_block_i/gen_multdiv_fast.multdiv_i/intadd_9/U6/CI (FA1D0BWP12T)
                                                        0.0000     4.0811 f
  x_sub_system/x_core/ex_block_i/gen_multdiv_fast.multdiv_i/intadd_9/U6/CO (FA1D0BWP12T)
                                                        0.0688     4.1499 f
  x_sub_system/x_core/ex_block_i/gen_multdiv_fast.multdiv_i/intadd_9/n5 (net)
                                                1       0.0000     4.1499 f
  x_sub_system/x_core/ex_block_i/gen_multdiv_fast.multdiv_i/intadd_9/U5/CI (FA1D0BWP12T)
                                                        0.0000     4.1499 f
  x_sub_system/x_core/ex_block_i/gen_multdiv_fast.multdiv_i/intadd_9/U5/CO (FA1D0BWP12T)
                                                        0.0688     4.2187 f
  x_sub_system/x_core/ex_block_i/gen_multdiv_fast.multdiv_i/intadd_9/n4 (net)
                                                1       0.0000     4.2187 f
  x_sub_system/x_core/ex_block_i/gen_multdiv_fast.multdiv_i/intadd_9/U4/CI (FA1D0BWP12T)
                                                        0.0000     4.2187 f
  x_sub_system/x_core/ex_block_i/gen_multdiv_fast.multdiv_i/intadd_9/U4/CO (FA1D0BWP12T)
                                                        0.0688     4.2876 f
  x_sub_system/x_core/ex_block_i/gen_multdiv_fast.multdiv_i/intadd_9/n3 (net)
                                                1       0.0000     4.2876 f
  x_sub_system/x_core/ex_block_i/gen_multdiv_fast.multdiv_i/intadd_9/U3/CI (FA1D0BWP12T)
                                                        0.0000     4.2876 f
  x_sub_system/x_core/ex_block_i/gen_multdiv_fast.multdiv_i/intadd_9/U3/S (FA1D0BWP12T)
                                                        0.0683     4.3558 f
  x_sub_system/x_core/ex_block_i/gen_multdiv_fast.multdiv_i/intadd_9/SUM[30] (net)
                                                1       0.0000     4.3558 f
  x_sub_system/x_core/ex_block_i/gen_multdiv_fast.multdiv_i/U170/B2 (AO221D0BWP12T)
                                                        0.0000     4.3558 f
  x_sub_system/x_core/ex_block_i/gen_multdiv_fast.multdiv_i/U170/Z (AO221D0BWP12T)
                                                        0.1410     4.4969 f
  x_sub_system/x_core/ex_block_i/gen_multdiv_fast.multdiv_i/n426 (net)
                                                2       0.0000     4.4969 f
  x_sub_system/x_core/ex_block_i/gen_multdiv_fast.multdiv_i/U833/B (OAI21D0BWP12T)
                                                        0.0000     4.4969 f
  x_sub_system/x_core/ex_block_i/gen_multdiv_fast.multdiv_i/U833/ZN (OAI21D0BWP12T)
                                                        0.0402     4.5370 r
  x_sub_system/x_core/ex_block_i/gen_multdiv_fast.multdiv_i/multdiv_result_o[30] (net)
                                                2       0.0000     4.5370 r
  x_sub_system/x_core/ex_block_i/gen_multdiv_fast.multdiv_i/multdiv_result_o[30] (ibex_multdiv_fast_RV32M2)
                                                        0.0000     4.5370 r
  x_sub_system/x_core/ex_block_i/multdiv_result[30] (net)
                                                        0.0000     4.5370 r
  x_sub_system/x_core/ex_block_i/U50/I1 (MUX2D0BWP12T)
                                                        0.0000     4.5370 r
  x_sub_system/x_core/ex_block_i/U50/Z (MUX2D0BWP12T)   0.0917     4.6287 r
  x_sub_system/x_core/ex_block_i/alu_operand_b_i_true[30] (net)
                                                5       0.0000     4.6287 r
  x_sub_system/x_core/ex_block_i/alu_i/operand_b_i[30] (ibex_alu_RV32B0)
                                                        0.0000     4.6287 r
  x_sub_system/x_core/ex_block_i/alu_i/operand_b_i[30] (net)
                                                        0.0000     4.6287 r
  x_sub_system/x_core/ex_block_i/alu_i/U712/I (INVD0BWP12T)
                                                        0.0000     4.6287 r
  x_sub_system/x_core/ex_block_i/alu_i/U712/ZN (INVD0BWP12T)
                                                        0.0253     4.6540 f
  x_sub_system/x_core/ex_block_i/alu_i/n582 (net)
                                                1       0.0000     4.6540 f
  x_sub_system/x_core/ex_block_i/alu_i/U5/B2 (AOI221D0BWP12T)
                                                        0.0000     4.6540 f
  x_sub_system/x_core/ex_block_i/alu_i/U5/ZN (AOI221D0BWP12T)
                                                        0.1329     4.7868 r
  x_sub_system/x_core/ex_block_i/alu_i/intadd_8/B[30] (net)
                                                1       0.0000     4.7868 r
  x_sub_system/x_core/ex_block_i/alu_i/intadd_8/U2/B (FA1D0BWP12T)
                                                        0.0000     4.7868 r
  x_sub_system/x_core/ex_block_i/alu_i/intadd_8/U2/CO (FA1D0BWP12T)
                                                        0.1322     4.9191 r
  x_sub_system/x_core/ex_block_i/alu_i/intadd_8/n1 (net)
                                                1       0.0000     4.9191 r
  x_sub_system/x_core/ex_block_i/alu_i/U6/A2 (XOR3D0BWP12T)
                                                        0.0000     4.9191 r
  x_sub_system/x_core/ex_block_i/alu_i/U6/Z (XOR3D0BWP12T)
                                                        0.1726     5.0916 r
  x_sub_system/x_core/ex_block_i/alu_i/adder_result_o[31] (net)
                                                9       0.0000     5.0916 r
  x_sub_system/x_core/ex_block_i/alu_i/U151/B2 (OAI22D0BWP12T)
                                                        0.0000     5.0916 r
  x_sub_system/x_core/ex_block_i/alu_i/U151/ZN (OAI22D0BWP12T)
                                                        0.0587     5.1504 f
  x_sub_system/x_core/ex_block_i/alu_i/n34 (net)
                                                1       0.0000     5.1504 f
  x_sub_system/x_core/ex_block_i/alu_i/U52/B (AOI31D0BWP12T)
                                                        0.0000     5.1504 f
  x_sub_system/x_core/ex_block_i/alu_i/U52/ZN (AOI31D0BWP12T)
                                                        0.0833     5.2336 r
  x_sub_system/x_core/ex_block_i/alu_i/n52 (net)
                                                2       0.0000     5.2336 r
  x_sub_system/x_core/ex_block_i/alu_i/U160/I (INVD0BWP12T)
                                                        0.0000     5.2336 r
  x_sub_system/x_core/ex_block_i/alu_i/U160/ZN (INVD0BWP12T)
                                                        0.0339     5.2675 f
  x_sub_system/x_core/ex_block_i/alu_i/n48 (net)
                                                2       0.0000     5.2675 f
  x_sub_system/x_core/ex_block_i/alu_i/U46/C (MAOI222D0BWP12T)
                                                        0.0000     5.2675 f
  x_sub_system/x_core/ex_block_i/alu_i/U46/ZN (MAOI222D0BWP12T)
                                                        0.0745     5.3421 r
  x_sub_system/x_core/ex_block_i/alu_i/n46 (net)
                                                1       0.0000     5.3421 r
  x_sub_system/x_core/ex_block_i/alu_i/U3/B (OAI31D0BWP12T)
                                                        0.0000     5.3421 r
  x_sub_system/x_core/ex_block_i/alu_i/U3/ZN (OAI31D0BWP12T)
                                                        0.0572     5.3993 f
  x_sub_system/x_core/ex_block_i/alu_i/n49 (net)
                                                1       0.0000     5.3993 f
  x_sub_system/x_core/ex_block_i/alu_i/U56/C (OAI211D0BWP12T)
                                                        0.0000     5.3993 f
  x_sub_system/x_core/ex_block_i/alu_i/U56/ZN (OAI211D0BWP12T)
                                                        0.0512     5.4505 r
  x_sub_system/x_core/ex_block_i/alu_i/comparison_result_o (net)
                                                3       0.0000     5.4505 r
  x_sub_system/x_core/ex_block_i/alu_i/comparison_result_o (ibex_alu_RV32B0)
                                                        0.0000     5.4505 r
  x_sub_system/x_core/ex_block_i/branch_decision_o (net)
                                                        0.0000     5.4505 r
  x_sub_system/x_core/ex_block_i/branch_decision_o (ibex_ex_block_2_0_0)
                                                        0.0000     5.4505 r
  x_sub_system/x_core/branch_decision (net)             0.0000     5.4505 r
  x_sub_system/x_core/id_stage_i/branch_decision_i (ibex_id_stage_0_2_0_0_0_0_0_0)
                                                        0.0000     5.4505 r
  x_sub_system/x_core/id_stage_i/branch_decision_i (net)
                                                        0.0000     5.4505 r
  x_sub_system/x_core/id_stage_i/U9/A3 (ND3D0BWP12T)    0.0000     5.4505 r
  x_sub_system/x_core/id_stage_i/U9/ZN (ND3D0BWP12T)    0.0615     5.5121 f
  x_sub_system/x_core/id_stage_i/n80 (net)      2       0.0000     5.5121 f
  x_sub_system/x_core/id_stage_i/U10/A1 (CKND2D0BWP12T)
                                                        0.0000     5.5121 f
  x_sub_system/x_core/id_stage_i/U10/ZN (CKND2D0BWP12T)
                                                        0.0511     5.5631 r
  x_sub_system/x_core/id_stage_i/n155 (net)     2       0.0000     5.5631 r
  x_sub_system/x_core/id_stage_i/U6/C (AO211D0BWP12T)   0.0000     5.5631 r
  x_sub_system/x_core/id_stage_i/U6/Z (AO211D0BWP12T)   0.0719     5.6350 r
  x_sub_system/x_core/id_stage_i/stall_id (net)
                                                4       0.0000     5.6350 r
  x_sub_system/x_core/id_stage_i/U126/A2 (NR3D0BWP12T)
                                                        0.0000     5.6350 r
  x_sub_system/x_core/id_stage_i/U126/ZN (NR3D0BWP12T)
                                                        0.0346     5.6696 f
  x_sub_system/x_core/id_stage_i/en_wb_o (net)
                                                2       0.0000     5.6696 f
  x_sub_system/x_core/id_stage_i/U4/A2 (AN2D0BWP12T)    0.0000     5.6696 f
  x_sub_system/x_core/id_stage_i/U4/Z (AN2D0BWP12T)     0.0508     5.7203 f
  x_sub_system/x_core/id_stage_i/csr_op_en_o (net)
                                                2       0.0000     5.7203 f
  x_sub_system/x_core/id_stage_i/csr_op_en_o (ibex_id_stage_0_2_0_0_0_0_0_0)
                                                        0.0000     5.7203 f
  x_sub_system/x_core/csr_op_en (net)                   0.0000     5.7203 f
  x_sub_system/x_core/cs_registers_i/csr_op_en_i (ibex_cs_registers_0_00000001_0_0_0_0_00000000_00000028_0_00000000_00000004_0_2_0)
                                                        0.0000     5.7203 f
  x_sub_system/x_core/cs_registers_i/csr_op_en_i (net)
                                                        0.0000     5.7203 f
  x_sub_system/x_core/cs_registers_i/U6/B (OAI21D0BWP12T)
                                                        0.0000     5.7203 f
  x_sub_system/x_core/cs_registers_i/U6/ZN (OAI21D0BWP12T)
                                                        0.0332     5.7536 r
  x_sub_system/x_core/cs_registers_i/n255 (net)
                                                2       0.0000     5.7536 r
  x_sub_system/x_core/cs_registers_i/U104/B1 (AOI22D0BWP12T)
                                                        0.0000     5.7536 r
  x_sub_system/x_core/cs_registers_i/U104/ZN (AOI22D0BWP12T)
                                                        0.0472     5.8008 f
  x_sub_system/x_core/cs_registers_i/n247 (net)
                                                1       0.0000     5.8008 f
  x_sub_system/x_core/cs_registers_i/U5/B1 (AOI32D0BWP12T)
                                                        0.0000     5.8008 f
  x_sub_system/x_core/cs_registers_i/U5/ZN (AOI32D0BWP12T)
                                                        0.0725     5.8733 r
  x_sub_system/x_core/cs_registers_i/n248 (net)
                                                1       0.0000     5.8733 r
  x_sub_system/x_core/cs_registers_i/U8/C (OAI211D0BWP12T)
                                                        0.0000     5.8733 r
  x_sub_system/x_core/cs_registers_i/U8/ZN (OAI211D0BWP12T)
                                                        0.0666     5.9399 f
  x_sub_system/x_core/cs_registers_i/n251 (net)
                                                1       0.0000     5.9399 f
  x_sub_system/x_core/cs_registers_i/U7/A3 (OA31D0BWP12T)
                                                        0.0000     5.9399 f
  x_sub_system/x_core/cs_registers_i/U7/Z (OA31D0BWP12T)
                                                        0.1134     6.0532 f
  x_sub_system/x_core/cs_registers_i/illegal_csr_insn_o (net)
                                                4       0.0000     6.0532 f
  x_sub_system/x_core/cs_registers_i/U10/A1 (NR2D0BWP12T)
                                                        0.0000     6.0532 f
  x_sub_system/x_core/cs_registers_i/U10/ZN (NR2D0BWP12T)
                                                        0.1030     6.1562 r
  x_sub_system/x_core/cs_registers_i/n767 (net)
                                                7       0.0000     6.1562 r
  x_sub_system/x_core/cs_registers_i/U9/A1 (CKND2D0BWP12T)
                                                        0.0000     6.1562 r
  x_sub_system/x_core/cs_registers_i/U9/ZN (CKND2D0BWP12T)
                                                        0.0652     6.2214 f
  x_sub_system/x_core/cs_registers_i/n606 (net)
                                                2       0.0000     6.2214 f
  x_sub_system/x_core/cs_registers_i/U11/A2 (NR2D0BWP12T)
                                                        0.0000     6.2214 f
  x_sub_system/x_core/cs_registers_i/U11/ZN (NR2D0BWP12T)
                                                        0.2284     6.4498 r
  x_sub_system/x_core/cs_registers_i/mhpmcounterh_we_0 (net)
                                               19       0.0000     6.4498 r
  x_sub_system/x_core/cs_registers_i/mcycle_counter_i/counterh_we_i (ibex_counter_CounterWidth64_1)
                                                        0.0000     6.4498 r
  x_sub_system/x_core/cs_registers_i/mcycle_counter_i/counterh_we_i (net)
                                                        0.0000     6.4498 r
  x_sub_system/x_core/cs_registers_i/mcycle_counter_i/U5/I (INVD0BWP12T)
                                                        0.0000     6.4498 r
  x_sub_system/x_core/cs_registers_i/mcycle_counter_i/U5/ZN (INVD0BWP12T)
                                                        0.0708     6.5206 f
  x_sub_system/x_core/cs_registers_i/mcycle_counter_i/n3 (net)
                                                4       0.0000     6.5206 f
  x_sub_system/x_core/cs_registers_i/mcycle_counter_i/U25/I (INVD0BWP12T)
                                                        0.0000     6.5206 f
  x_sub_system/x_core/cs_registers_i/mcycle_counter_i/U25/ZN (INVD0BWP12T)
                                                        0.1087     6.6294 r
  x_sub_system/x_core/cs_registers_i/mcycle_counter_i/n304 (net)
                                               15       0.0000     6.6294 r
  x_sub_system/x_core/cs_registers_i/mcycle_counter_i/U3/B2 (INR3D0BWP12T)
                                                        0.0000     6.6294 r
  x_sub_system/x_core/cs_registers_i/mcycle_counter_i/U3/ZN (INR3D0BWP12T)
                                                        0.1089     6.7383 f
  x_sub_system/x_core/cs_registers_i/mcycle_counter_i/n308 (net)
                                               18       0.0000     6.7383 f
  x_sub_system/x_core/cs_registers_i/mcycle_counter_i/U26/I (INVD0BWP12T)
                                                        0.0000     6.7383 f
  x_sub_system/x_core/cs_registers_i/mcycle_counter_i/U26/ZN (INVD0BWP12T)
                                                        0.2054     6.9437 r
  x_sub_system/x_core/cs_registers_i/mcycle_counter_i/n279 (net)
                                               32       0.0000     6.9437 r
  x_sub_system/x_core/cs_registers_i/mcycle_counter_i/U114/I (BUFFD0BWP12T)
                                                        0.0000     6.9437 r
  x_sub_system/x_core/cs_registers_i/mcycle_counter_i/U114/Z (BUFFD0BWP12T)
                                                        0.1472     7.0910 r
  x_sub_system/x_core/cs_registers_i/mcycle_counter_i/n289 (net)
                                               16       0.0000     7.0910 r
  x_sub_system/x_core/cs_registers_i/mcycle_counter_i/U4/A2 (CKND2D0BWP12T)
                                                        0.0000     7.0910 r
  x_sub_system/x_core/cs_registers_i/mcycle_counter_i/U4/ZN (CKND2D0BWP12T)
                                                        0.2622     7.3532 f
  x_sub_system/x_core/cs_registers_i/mcycle_counter_i/n290 (net)
                                               24       0.0000     7.3532 f
  x_sub_system/x_core/cs_registers_i/mcycle_counter_i/U120/I (BUFFD0BWP12T)
                                                        0.0000     7.3532 f
  x_sub_system/x_core/cs_registers_i/mcycle_counter_i/U120/Z (BUFFD0BWP12T)
                                                        0.1680     7.5212 f
  x_sub_system/x_core/cs_registers_i/mcycle_counter_i/n288 (net)
                                               21       0.0000     7.5212 f
  x_sub_system/x_core/cs_registers_i/mcycle_counter_i/U298/A2 (AOI32D0BWP12T)
                                                        0.0000     7.5212 f
  x_sub_system/x_core/cs_registers_i/mcycle_counter_i/U298/ZN (AOI32D0BWP12T)
                                                        0.0804     7.6016 r
  x_sub_system/x_core/cs_registers_i/mcycle_counter_i/n276 (net)
                                                1       0.0000     7.6016 r
  x_sub_system/x_core/cs_registers_i/mcycle_counter_i/U299/B2 (AOI22D0BWP12T)
                                                        0.0000     7.6016 r
  x_sub_system/x_core/cs_registers_i/mcycle_counter_i/U299/ZN (AOI22D0BWP12T)
                                                        0.0570     7.6585 f
  x_sub_system/x_core/cs_registers_i/mcycle_counter_i/n277 (net)
                                                1       0.0000     7.6585 f
  x_sub_system/x_core/cs_registers_i/mcycle_counter_i/U300/B (OAI31D0BWP12T)
                                                        0.0000     7.6585 f
  x_sub_system/x_core/cs_registers_i/mcycle_counter_i/U300/ZN (OAI31D0BWP12T)
                                                        0.0593     7.7179 r
  x_sub_system/x_core/cs_registers_i/mcycle_counter_i/n32 (net)
                                                1       0.0000     7.7179 r
  x_sub_system/x_core/cs_registers_i/mcycle_counter_i/counter_q_reg[42]/D (DFCNQD1BWP12T)
                                                        0.0000     7.7179 r
  data arrival time                                                7.7179

  clock clk1 (rise edge)                               10.0000    10.0000
  clock network delay (ideal)                           0.0000    10.0000
  clock uncertainty                                    -0.2000     9.8000
  x_sub_system/x_core/cs_registers_i/mcycle_counter_i/counter_q_reg[42]/CP (DFCNQD1BWP12T)
                                                        0.0000     9.8000 r
  library setup time                                   -0.0162     9.7838
  data required time                                               9.7838
  --------------------------------------------------------------------------
  data required time                                               9.7838
  data arrival time                                               -7.7179
  --------------------------------------------------------------------------
  slack (MET)                                                      2.0659


  Startpoint: x_sub_system/x_core/if_stage_i/instr_rdata_alu_id_o_reg[1]
              (rising edge-triggered flip-flop clocked by clk1)
  Endpoint: x_sub_system/x_core/cs_registers_i/mcycle_counter_i/counter_q_reg[40]
            (rising edge-triggered flip-flop clocked by clk1)
  Path Group: clk1
  Path Type: max

  Des/Clust/Port     Wire Load Model       Library
  ------------------------------------------------
  ibex_csr_32_0_0_5  ZeroWireload          tcbn65gplusbwp12twc
  ibex_csr_32_0_0_4  ZeroWireload          tcbn65gplusbwp12twc
  ibex_csr_32_0_0_3  ZeroWireload          tcbn65gplusbwp12twc
  ibex_csr_32_0_0_2  ZeroWireload          tcbn65gplusbwp12twc
  ibex_csr_32_0_0_1  ZeroWireload          tcbn65gplusbwp12twc
  ibex_counter_CounterWidth64_0
                     ZeroWireload          tcbn65gplusbwp12twc
  ibex_fetch_fifo_00000002
                     ZeroWireload          tcbn65gplusbwp12twc
  ibex_counter_CounterWidth64_1
                     ZeroWireload          tcbn65gplusbwp12twc
  ibex_csr_32_0_40000003
                     ZeroWireload          tcbn65gplusbwp12twc
  ibex_csr_32_0_00000001
                     ZeroWireload          tcbn65gplusbwp12twc
  ibex_csr_6_0_0_2   ZeroWireload          tcbn65gplusbwp12twc
  ibex_csr_18_0_0    ZeroWireload          tcbn65gplusbwp12twc
  ibex_csr_32_0_0_6  ZeroWireload          tcbn65gplusbwp12twc
  ibex_csr_6_0_10    ZeroWireload          tcbn65gplusbwp12twc
  ibex_multdiv_fast_RV32M2
                     ZeroWireload          tcbn65gplusbwp12twc
  ibex_controller_0_0
                     ZeroWireload          tcbn65gplusbwp12twc
  ibex_prefetch_buffer_0
                     ZeroWireload          tcbn65gplusbwp12twc
  ibex_cs_registers_0_00000001_0_0_0_0_00000000_00000028_0_00000000_00000004_0_2_0
                     ZeroWireload          tcbn65gplusbwp12twc
  ibex_load_store_unit
                     ZeroWireload          tcbn65gplusbwp12twc
  ibex_ex_block_2_0_0
                     ZeroWireload          tcbn65gplusbwp12twc
  ibex_id_stage_0_2_0_0_0_0_0_0
                     ZeroWireload          tcbn65gplusbwp12twc
  ibex_if_stage_00000000_00000000_0_0_0_0_0
                     ZeroWireload          tcbn65gplusbwp12twc
  prim_clock_gating  ZeroWireload          tcbn65gplusbwp12twc
  ibex_core_00000000_00000000
                     ZeroWireload          tcbn65gplusbwp12twc
  ibex_decoder_0_2_0_0
                     ZeroWireload          tcbn65gplusbwp12twc
  ibex_register_file_ff_0_00000020_0
                     ZeroWireload          tcbn65gplusbwp12twc
  ibex_alu_RV32B0    ZeroWireload          tcbn65gplusbwp12twc
  ibex_wb_stage_0    ZeroWireload          tcbn65gplusbwp12twc

  Point                                       Fanout      Incr       Path
  --------------------------------------------------------------------------
  clock clk1 (rise edge)                                0.0000     0.0000
  clock network delay (ideal)                           0.0000     0.0000
  x_sub_system/x_core/if_stage_i/instr_rdata_alu_id_o_reg[1]/CP (EDFQD1BWP12T)
                                                        0.0000     0.0000 r
  x_sub_system/x_core/if_stage_i/instr_rdata_alu_id_o_reg[1]/Q (EDFQD1BWP12T)
                                                        0.1057     0.1057 r
  x_sub_system/x_core/if_stage_i/instr_rdata_alu_id_o[1] (net)
                                                1       0.0000     0.1057 r
  x_sub_system/x_core/if_stage_i/instr_rdata_alu_id_o[1] (ibex_if_stage_00000000_00000000_0_0_0_0_0)
                                                        0.0000     0.1057 r
  x_sub_system/x_core/instr_rdata_alu_id[1] (net)       0.0000     0.1057 r
  x_sub_system/x_core/id_stage_i/instr_rdata_alu_i[1] (ibex_id_stage_0_2_0_0_0_0_0_0)
                                                        0.0000     0.1057 r
  x_sub_system/x_core/id_stage_i/instr_rdata_alu_i[1] (net)
                                                        0.0000     0.1057 r
  x_sub_system/x_core/id_stage_i/decoder_i/instr_rdata_alu_i[1] (ibex_decoder_0_2_0_0)
                                                        0.0000     0.1057 r
  x_sub_system/x_core/id_stage_i/decoder_i/instr_rdata_alu_i[1] (net)
                                                        0.0000     0.1057 r
  x_sub_system/x_core/id_stage_i/decoder_i/U42/A2 (CKND2D0BWP12T)
                                                        0.0000     0.1057 r
  x_sub_system/x_core/id_stage_i/decoder_i/U42/ZN (CKND2D0BWP12T)
                                                        0.0584     0.1641 f
  x_sub_system/x_core/id_stage_i/decoder_i/n65 (net)
                                                4       0.0000     0.1641 f
  x_sub_system/x_core/id_stage_i/decoder_i/U43/A4 (NR4D0BWP12T)
                                                        0.0000     0.1641 f
  x_sub_system/x_core/id_stage_i/decoder_i/U43/ZN (NR4D0BWP12T)
                                                        0.0922     0.2563 r
  x_sub_system/x_core/id_stage_i/decoder_i/n58 (net)
                                                2       0.0000     0.2563 r
  x_sub_system/x_core/id_stage_i/decoder_i/U44/A3 (ND3D0BWP12T)
                                                        0.0000     0.2563 r
  x_sub_system/x_core/id_stage_i/decoder_i/U44/ZN (ND3D0BWP12T)
                                                        0.0723     0.3286 f
  x_sub_system/x_core/id_stage_i/decoder_i/n83 (net)
                                                3       0.0000     0.3286 f
  x_sub_system/x_core/id_stage_i/decoder_i/U3/A2 (NR2D0BWP12T)
                                                        0.0000     0.3286 f
  x_sub_system/x_core/id_stage_i/decoder_i/U3/ZN (NR2D0BWP12T)
                                                        0.1506     0.4792 r
  x_sub_system/x_core/id_stage_i/decoder_i/n76 (net)
                                               10       0.0000     0.4792 r
  x_sub_system/x_core/id_stage_i/decoder_i/U123/B2 (MAOI22D0BWP12T)
                                                        0.0000     0.4792 r
  x_sub_system/x_core/id_stage_i/decoder_i/U123/ZN (MAOI22D0BWP12T)
                                                        0.1147     0.5939 r
  x_sub_system/x_core/id_stage_i/decoder_i/rf_raddr_a_o[1] (net)
                                                3       0.0000     0.5939 r
  x_sub_system/x_core/id_stage_i/decoder_i/rf_raddr_a_o[1] (ibex_decoder_0_2_0_0)
                                                        0.0000     0.5939 r
  x_sub_system/x_core/id_stage_i/rf_raddr_a_o[1] (net)
                                                        0.0000     0.5939 r
  x_sub_system/x_core/id_stage_i/rf_raddr_a_o[1] (ibex_id_stage_0_2_0_0_0_0_0_0)
                                                        0.0000     0.5939 r
  x_sub_system/x_core/rf_raddr_a[1] (net)               0.0000     0.5939 r
  x_sub_system/x_core/gen_regfile_ff.register_file_i/raddr_a_i[1] (ibex_register_file_ff_0_00000020_0)
                                                        0.0000     0.5939 r
  x_sub_system/x_core/gen_regfile_ff.register_file_i/raddr_a_i[1] (net)
                                                        0.0000     0.5939 r
  x_sub_system/x_core/gen_regfile_ff.register_file_i/U1269/I (INVD0BWP12T)
                                                        0.0000     0.5939 r
  x_sub_system/x_core/gen_regfile_ff.register_file_i/U1269/ZN (INVD0BWP12T)
                                                        0.0290     0.6229 f
  x_sub_system/x_core/gen_regfile_ff.register_file_i/n150 (net)
                                                2       0.0000     0.6229 f
  x_sub_system/x_core/gen_regfile_ff.register_file_i/U8/A2 (CKND2D0BWP12T)
                                                        0.0000     0.6229 f
  x_sub_system/x_core/gen_regfile_ff.register_file_i/U8/ZN (CKND2D0BWP12T)
                                                        0.1283     0.7512 r
  x_sub_system/x_core/gen_regfile_ff.register_file_i/n172 (net)
                                                8       0.0000     0.7512 r
  x_sub_system/x_core/gen_regfile_ff.register_file_i/U1312/A1 (NR2XD0BWP12T)
                                                        0.0000     0.7512 r
  x_sub_system/x_core/gen_regfile_ff.register_file_i/U1312/ZN (NR2XD0BWP12T)
                                                        0.1735     0.9247 f
  x_sub_system/x_core/gen_regfile_ff.register_file_i/n2468 (net)
                                               32       0.0000     0.9247 f
  x_sub_system/x_core/gen_regfile_ff.register_file_i/U2594/B1 (AOI22D0BWP12T)
                                                        0.0000     0.9247 f
  x_sub_system/x_core/gen_regfile_ff.register_file_i/U2594/ZN (AOI22D0BWP12T)
                                                        0.0970     1.0217 r
  x_sub_system/x_core/gen_regfile_ff.register_file_i/n2472 (net)
                                                1       0.0000     1.0217 r
  x_sub_system/x_core/gen_regfile_ff.register_file_i/U2596/A3 (ND4D0BWP12T)
                                                        0.0000     1.0217 r
  x_sub_system/x_core/gen_regfile_ff.register_file_i/U2596/ZN (ND4D0BWP12T)
                                                        0.0686     1.0903 f
  x_sub_system/x_core/gen_regfile_ff.register_file_i/n2514 (net)
                                                1       0.0000     1.0903 f
  x_sub_system/x_core/gen_regfile_ff.register_file_i/U2611/A1 (OR4D0BWP12T)
                                                        0.0000     1.0903 f
  x_sub_system/x_core/gen_regfile_ff.register_file_i/U2611/Z (OR4D0BWP12T)
                                                        0.1572     1.2475 f
  x_sub_system/x_core/gen_regfile_ff.register_file_i/rdata_a_o[21] (net)
                                                2       0.0000     1.2475 f
  x_sub_system/x_core/gen_regfile_ff.register_file_i/rdata_a_o[21] (ibex_register_file_ff_0_00000020_0)
                                                        0.0000     1.2475 f
  x_sub_system/x_core/rf_rdata_a[21] (net)              0.0000     1.2475 f
  x_sub_system/x_core/id_stage_i/rf_rdata_a_i[21] (ibex_id_stage_0_2_0_0_0_0_0_0)
                                                        0.0000     1.2475 f
  x_sub_system/x_core/id_stage_i/rf_rdata_a_i[21] (net)
                                                        0.0000     1.2475 f
  x_sub_system/x_core/id_stage_i/U105/I (BUFFD0BWP12T)
                                                        0.0000     1.2475 f
  x_sub_system/x_core/id_stage_i/U105/Z (BUFFD0BWP12T)
                                                        0.0506     1.2981 f
  x_sub_system/x_core/id_stage_i/multdiv_operand_a_ex_o[21] (net)
                                                2       0.0000     1.2981 f
  x_sub_system/x_core/id_stage_i/multdiv_operand_a_ex_o[21] (ibex_id_stage_0_2_0_0_0_0_0_0)
                                                        0.0000     1.2981 f
  x_sub_system/x_core/multdiv_operand_a_ex[21] (net)    0.0000     1.2981 f
  x_sub_system/x_core/ex_block_i/multdiv_operand_a_i[21] (ibex_ex_block_2_0_0)
                                                        0.0000     1.2981 f
  x_sub_system/x_core/ex_block_i/multdiv_operand_a_i[21] (net)
                                                        0.0000     1.2981 f
  x_sub_system/x_core/ex_block_i/gen_multdiv_fast.multdiv_i/op_a_i[21] (ibex_multdiv_fast_RV32M2)
                                                        0.0000     1.2981 f
  x_sub_system/x_core/ex_block_i/gen_multdiv_fast.multdiv_i/op_a_i[21] (net)
                                                        0.0000     1.2981 f
  x_sub_system/x_core/ex_block_i/gen_multdiv_fast.multdiv_i/U259/A2 (AOI22D1BWP12T)
                                                        0.0000     1.2981 f
  x_sub_system/x_core/ex_block_i/gen_multdiv_fast.multdiv_i/U259/ZN (AOI22D1BWP12T)
                                                        0.2181     1.5162 r
  x_sub_system/x_core/ex_block_i/gen_multdiv_fast.multdiv_i/intadd_11/A[0] (net)
                                               23       0.0000     1.5162 r
  x_sub_system/x_core/ex_block_i/gen_multdiv_fast.multdiv_i/U607/I (INVD0BWP12T)
                                                        0.0000     1.5162 r
  x_sub_system/x_core/ex_block_i/gen_multdiv_fast.multdiv_i/U607/ZN (INVD0BWP12T)
                                                        0.2076     1.7239 f
  x_sub_system/x_core/ex_block_i/gen_multdiv_fast.multdiv_i/n987 (net)
                                               21       0.0000     1.7239 f
  x_sub_system/x_core/ex_block_i/gen_multdiv_fast.multdiv_i/U613/I0 (MUX2ND0BWP12T)
                                                        0.0000     1.7239 f
  x_sub_system/x_core/ex_block_i/gen_multdiv_fast.multdiv_i/U613/ZN (MUX2ND0BWP12T)
                                                        0.0838     1.8077 r
  x_sub_system/x_core/ex_block_i/gen_multdiv_fast.multdiv_i/n472 (net)
                                                3       0.0000     1.8077 r
  x_sub_system/x_core/ex_block_i/gen_multdiv_fast.multdiv_i/U24/I (INVD0BWP12T)
                                                        0.0000     1.8077 r
  x_sub_system/x_core/ex_block_i/gen_multdiv_fast.multdiv_i/U24/ZN (INVD0BWP12T)
                                                        0.0300     1.8376 f
  x_sub_system/x_core/ex_block_i/gen_multdiv_fast.multdiv_i/n474 (net)
                                                2       0.0000     1.8376 f
  x_sub_system/x_core/ex_block_i/gen_multdiv_fast.multdiv_i/U910/A2 (CKND2D0BWP12T)
                                                        0.0000     1.8376 f
  x_sub_system/x_core/ex_block_i/gen_multdiv_fast.multdiv_i/U910/ZN (CKND2D0BWP12T)
                                                        0.1889     2.0265 r
  x_sub_system/x_core/ex_block_i/gen_multdiv_fast.multdiv_i/n981 (net)
                                               17       0.0000     2.0265 r
  x_sub_system/x_core/ex_block_i/gen_multdiv_fast.multdiv_i/U914/C1 (OAI222D0BWP12T)
                                                        0.0000     2.0265 r
  x_sub_system/x_core/ex_block_i/gen_multdiv_fast.multdiv_i/U914/ZN (OAI222D0BWP12T)
                                                        0.1417     2.1682 f
  x_sub_system/x_core/ex_block_i/gen_multdiv_fast.multdiv_i/n479 (net)
                                                1       0.0000     2.1682 f
  x_sub_system/x_core/ex_block_i/gen_multdiv_fast.multdiv_i/U915/S (MUX2ND0BWP12T)
                                                        0.0000     2.1682 f
  x_sub_system/x_core/ex_block_i/gen_multdiv_fast.multdiv_i/U915/ZN (MUX2ND0BWP12T)
                                                        0.0790     2.2472 f
  x_sub_system/x_core/ex_block_i/gen_multdiv_fast.multdiv_i/intadd_11/A[1] (net)
                                                1       0.0000     2.2472 f
  x_sub_system/x_core/ex_block_i/gen_multdiv_fast.multdiv_i/intadd_11/U3/A (FA1D0BWP12T)
                                                        0.0000     2.2472 f
  x_sub_system/x_core/ex_block_i/gen_multdiv_fast.multdiv_i/intadd_11/U3/CO (FA1D0BWP12T)
                                                        0.1412     2.3884 f
  x_sub_system/x_core/ex_block_i/gen_multdiv_fast.multdiv_i/intadd_11/n2 (net)
                                                1       0.0000     2.3884 f
  x_sub_system/x_core/ex_block_i/gen_multdiv_fast.multdiv_i/intadd_11/U2/CI (FA1D0BWP12T)
                                                        0.0000     2.3884 f
  x_sub_system/x_core/ex_block_i/gen_multdiv_fast.multdiv_i/intadd_11/U2/CO (FA1D0BWP12T)
                                                        0.0651     2.4535 f
  x_sub_system/x_core/ex_block_i/gen_multdiv_fast.multdiv_i/intadd_11/n1 (net)
                                                1       0.0000     2.4535 f
  x_sub_system/x_core/ex_block_i/gen_multdiv_fast.multdiv_i/U865/I (INVD0BWP12T)
                                                        0.0000     2.4535 f
  x_sub_system/x_core/ex_block_i/gen_multdiv_fast.multdiv_i/U865/ZN (INVD0BWP12T)
                                                        0.0235     2.4770 r
  x_sub_system/x_core/ex_block_i/gen_multdiv_fast.multdiv_i/DP_OP_71J4_122_6124/n291 (net)
                                                1       0.0000     2.4770 r
  x_sub_system/x_core/ex_block_i/gen_multdiv_fast.multdiv_i/DP_OP_71J4_122_6124/U194/CIX (CMPE42D1BWP12T)
                                                        0.0000     2.4770 r
  x_sub_system/x_core/ex_block_i/gen_multdiv_fast.multdiv_i/DP_OP_71J4_122_6124/U194/S (CMPE42D1BWP12T)
                                                        0.0823     2.5593 r
  x_sub_system/x_core/ex_block_i/gen_multdiv_fast.multdiv_i/DP_OP_71J4_122_6124/n290 (net)
                                                1       0.0000     2.5593 r
  x_sub_system/x_core/ex_block_i/gen_multdiv_fast.multdiv_i/U856/I (INVD0BWP12T)
                                                        0.0000     2.5593 r
  x_sub_system/x_core/ex_block_i/gen_multdiv_fast.multdiv_i/U856/ZN (INVD0BWP12T)
                                                        0.0181     2.5774 f
  x_sub_system/x_core/ex_block_i/gen_multdiv_fast.multdiv_i/intadd_9/A[6] (net)
                                                1       0.0000     2.5774 f
  x_sub_system/x_core/ex_block_i/gen_multdiv_fast.multdiv_i/intadd_9/U27/A (FA1D0BWP12T)
                                                        0.0000     2.5774 f
  x_sub_system/x_core/ex_block_i/gen_multdiv_fast.multdiv_i/intadd_9/U27/CO (FA1D0BWP12T)
                                                        0.1268     2.7042 f
  x_sub_system/x_core/ex_block_i/gen_multdiv_fast.multdiv_i/intadd_9/n26 (net)
                                                1       0.0000     2.7042 f
  x_sub_system/x_core/ex_block_i/gen_multdiv_fast.multdiv_i/intadd_9/U26/CI (FA1D0BWP12T)
                                                        0.0000     2.7042 f
  x_sub_system/x_core/ex_block_i/gen_multdiv_fast.multdiv_i/intadd_9/U26/CO (FA1D0BWP12T)
                                                        0.0688     2.7730 f
  x_sub_system/x_core/ex_block_i/gen_multdiv_fast.multdiv_i/intadd_9/n25 (net)
                                                1       0.0000     2.7730 f
  x_sub_system/x_core/ex_block_i/gen_multdiv_fast.multdiv_i/intadd_9/U25/CI (FA1D0BWP12T)
                                                        0.0000     2.7730 f
  x_sub_system/x_core/ex_block_i/gen_multdiv_fast.multdiv_i/intadd_9/U25/CO (FA1D0BWP12T)
                                                        0.0688     2.8419 f
  x_sub_system/x_core/ex_block_i/gen_multdiv_fast.multdiv_i/intadd_9/n24 (net)
                                                1       0.0000     2.8419 f
  x_sub_system/x_core/ex_block_i/gen_multdiv_fast.multdiv_i/intadd_9/U24/CI (FA1D0BWP12T)
                                                        0.0000     2.8419 f
  x_sub_system/x_core/ex_block_i/gen_multdiv_fast.multdiv_i/intadd_9/U24/CO (FA1D0BWP12T)
                                                        0.0688     2.9107 f
  x_sub_system/x_core/ex_block_i/gen_multdiv_fast.multdiv_i/intadd_9/n23 (net)
                                                1       0.0000     2.9107 f
  x_sub_system/x_core/ex_block_i/gen_multdiv_fast.multdiv_i/intadd_9/U23/CI (FA1D0BWP12T)
                                                        0.0000     2.9107 f
  x_sub_system/x_core/ex_block_i/gen_multdiv_fast.multdiv_i/intadd_9/U23/CO (FA1D0BWP12T)
                                                        0.0688     2.9796 f
  x_sub_system/x_core/ex_block_i/gen_multdiv_fast.multdiv_i/intadd_9/n22 (net)
                                                1       0.0000     2.9796 f
  x_sub_system/x_core/ex_block_i/gen_multdiv_fast.multdiv_i/intadd_9/U22/CI (FA1D0BWP12T)
                                                        0.0000     2.9796 f
  x_sub_system/x_core/ex_block_i/gen_multdiv_fast.multdiv_i/intadd_9/U22/CO (FA1D0BWP12T)
                                                        0.0688     3.0484 f
  x_sub_system/x_core/ex_block_i/gen_multdiv_fast.multdiv_i/intadd_9/n21 (net)
                                                1       0.0000     3.0484 f
  x_sub_system/x_core/ex_block_i/gen_multdiv_fast.multdiv_i/intadd_9/U21/CI (FA1D0BWP12T)
                                                        0.0000     3.0484 f
  x_sub_system/x_core/ex_block_i/gen_multdiv_fast.multdiv_i/intadd_9/U21/CO (FA1D0BWP12T)
                                                        0.0688     3.1172 f
  x_sub_system/x_core/ex_block_i/gen_multdiv_fast.multdiv_i/intadd_9/n20 (net)
                                                1       0.0000     3.1172 f
  x_sub_system/x_core/ex_block_i/gen_multdiv_fast.multdiv_i/intadd_9/U20/CI (FA1D0BWP12T)
                                                        0.0000     3.1172 f
  x_sub_system/x_core/ex_block_i/gen_multdiv_fast.multdiv_i/intadd_9/U20/CO (FA1D0BWP12T)
                                                        0.0688     3.1861 f
  x_sub_system/x_core/ex_block_i/gen_multdiv_fast.multdiv_i/intadd_9/n19 (net)
                                                1       0.0000     3.1861 f
  x_sub_system/x_core/ex_block_i/gen_multdiv_fast.multdiv_i/intadd_9/U19/CI (FA1D0BWP12T)
                                                        0.0000     3.1861 f
  x_sub_system/x_core/ex_block_i/gen_multdiv_fast.multdiv_i/intadd_9/U19/CO (FA1D0BWP12T)
                                                        0.0688     3.2549 f
  x_sub_system/x_core/ex_block_i/gen_multdiv_fast.multdiv_i/intadd_9/n18 (net)
                                                1       0.0000     3.2549 f
  x_sub_system/x_core/ex_block_i/gen_multdiv_fast.multdiv_i/intadd_9/U18/CI (FA1D0BWP12T)
                                                        0.0000     3.2549 f
  x_sub_system/x_core/ex_block_i/gen_multdiv_fast.multdiv_i/intadd_9/U18/CO (FA1D0BWP12T)
                                                        0.0688     3.3238 f
  x_sub_system/x_core/ex_block_i/gen_multdiv_fast.multdiv_i/intadd_9/n17 (net)
                                                1       0.0000     3.3238 f
  x_sub_system/x_core/ex_block_i/gen_multdiv_fast.multdiv_i/intadd_9/U17/CI (FA1D0BWP12T)
                                                        0.0000     3.3238 f
  x_sub_system/x_core/ex_block_i/gen_multdiv_fast.multdiv_i/intadd_9/U17/CO (FA1D0BWP12T)
                                                        0.0688     3.3926 f
  x_sub_system/x_core/ex_block_i/gen_multdiv_fast.multdiv_i/intadd_9/n16 (net)
                                                1       0.0000     3.3926 f
  x_sub_system/x_core/ex_block_i/gen_multdiv_fast.multdiv_i/intadd_9/U16/CI (FA1D0BWP12T)
                                                        0.0000     3.3926 f
  x_sub_system/x_core/ex_block_i/gen_multdiv_fast.multdiv_i/intadd_9/U16/CO (FA1D0BWP12T)
                                                        0.0688     3.4615 f
  x_sub_system/x_core/ex_block_i/gen_multdiv_fast.multdiv_i/intadd_9/n15 (net)
                                                1       0.0000     3.4615 f
  x_sub_system/x_core/ex_block_i/gen_multdiv_fast.multdiv_i/intadd_9/U15/CI (FA1D0BWP12T)
                                                        0.0000     3.4615 f
  x_sub_system/x_core/ex_block_i/gen_multdiv_fast.multdiv_i/intadd_9/U15/CO (FA1D0BWP12T)
                                                        0.0688     3.5303 f
  x_sub_system/x_core/ex_block_i/gen_multdiv_fast.multdiv_i/intadd_9/n14 (net)
                                                1       0.0000     3.5303 f
  x_sub_system/x_core/ex_block_i/gen_multdiv_fast.multdiv_i/intadd_9/U14/CI (FA1D0BWP12T)
                                                        0.0000     3.5303 f
  x_sub_system/x_core/ex_block_i/gen_multdiv_fast.multdiv_i/intadd_9/U14/CO (FA1D0BWP12T)
                                                        0.0688     3.5991 f
  x_sub_system/x_core/ex_block_i/gen_multdiv_fast.multdiv_i/intadd_9/n13 (net)
                                                1       0.0000     3.5991 f
  x_sub_system/x_core/ex_block_i/gen_multdiv_fast.multdiv_i/intadd_9/U13/CI (FA1D0BWP12T)
                                                        0.0000     3.5991 f
  x_sub_system/x_core/ex_block_i/gen_multdiv_fast.multdiv_i/intadd_9/U13/CO (FA1D0BWP12T)
                                                        0.0688     3.6680 f
  x_sub_system/x_core/ex_block_i/gen_multdiv_fast.multdiv_i/intadd_9/n12 (net)
                                                1       0.0000     3.6680 f
  x_sub_system/x_core/ex_block_i/gen_multdiv_fast.multdiv_i/intadd_9/U12/CI (FA1D0BWP12T)
                                                        0.0000     3.6680 f
  x_sub_system/x_core/ex_block_i/gen_multdiv_fast.multdiv_i/intadd_9/U12/CO (FA1D0BWP12T)
                                                        0.0688     3.7368 f
  x_sub_system/x_core/ex_block_i/gen_multdiv_fast.multdiv_i/intadd_9/n11 (net)
                                                1       0.0000     3.7368 f
  x_sub_system/x_core/ex_block_i/gen_multdiv_fast.multdiv_i/intadd_9/U11/CI (FA1D0BWP12T)
                                                        0.0000     3.7368 f
  x_sub_system/x_core/ex_block_i/gen_multdiv_fast.multdiv_i/intadd_9/U11/CO (FA1D0BWP12T)
                                                        0.0688     3.8057 f
  x_sub_system/x_core/ex_block_i/gen_multdiv_fast.multdiv_i/intadd_9/n10 (net)
                                                1       0.0000     3.8057 f
  x_sub_system/x_core/ex_block_i/gen_multdiv_fast.multdiv_i/intadd_9/U10/CI (FA1D0BWP12T)
                                                        0.0000     3.8057 f
  x_sub_system/x_core/ex_block_i/gen_multdiv_fast.multdiv_i/intadd_9/U10/CO (FA1D0BWP12T)
                                                        0.0688     3.8745 f
  x_sub_system/x_core/ex_block_i/gen_multdiv_fast.multdiv_i/intadd_9/n9 (net)
                                                1       0.0000     3.8745 f
  x_sub_system/x_core/ex_block_i/gen_multdiv_fast.multdiv_i/intadd_9/U9/CI (FA1D0BWP12T)
                                                        0.0000     3.8745 f
  x_sub_system/x_core/ex_block_i/gen_multdiv_fast.multdiv_i/intadd_9/U9/CO (FA1D0BWP12T)
                                                        0.0688     3.9434 f
  x_sub_system/x_core/ex_block_i/gen_multdiv_fast.multdiv_i/intadd_9/n8 (net)
                                                1       0.0000     3.9434 f
  x_sub_system/x_core/ex_block_i/gen_multdiv_fast.multdiv_i/intadd_9/U8/CI (FA1D0BWP12T)
                                                        0.0000     3.9434 f
  x_sub_system/x_core/ex_block_i/gen_multdiv_fast.multdiv_i/intadd_9/U8/CO (FA1D0BWP12T)
                                                        0.0688     4.0122 f
  x_sub_system/x_core/ex_block_i/gen_multdiv_fast.multdiv_i/intadd_9/n7 (net)
                                                1       0.0000     4.0122 f
  x_sub_system/x_core/ex_block_i/gen_multdiv_fast.multdiv_i/intadd_9/U7/CI (FA1D0BWP12T)
                                                        0.0000     4.0122 f
  x_sub_system/x_core/ex_block_i/gen_multdiv_fast.multdiv_i/intadd_9/U7/CO (FA1D0BWP12T)
                                                        0.0688     4.0811 f
  x_sub_system/x_core/ex_block_i/gen_multdiv_fast.multdiv_i/intadd_9/n6 (net)
                                                1       0.0000     4.0811 f
  x_sub_system/x_core/ex_block_i/gen_multdiv_fast.multdiv_i/intadd_9/U6/CI (FA1D0BWP12T)
                                                        0.0000     4.0811 f
  x_sub_system/x_core/ex_block_i/gen_multdiv_fast.multdiv_i/intadd_9/U6/CO (FA1D0BWP12T)
                                                        0.0688     4.1499 f
  x_sub_system/x_core/ex_block_i/gen_multdiv_fast.multdiv_i/intadd_9/n5 (net)
                                                1       0.0000     4.1499 f
  x_sub_system/x_core/ex_block_i/gen_multdiv_fast.multdiv_i/intadd_9/U5/CI (FA1D0BWP12T)
                                                        0.0000     4.1499 f
  x_sub_system/x_core/ex_block_i/gen_multdiv_fast.multdiv_i/intadd_9/U5/CO (FA1D0BWP12T)
                                                        0.0688     4.2187 f
  x_sub_system/x_core/ex_block_i/gen_multdiv_fast.multdiv_i/intadd_9/n4 (net)
                                                1       0.0000     4.2187 f
  x_sub_system/x_core/ex_block_i/gen_multdiv_fast.multdiv_i/intadd_9/U4/CI (FA1D0BWP12T)
                                                        0.0000     4.2187 f
  x_sub_system/x_core/ex_block_i/gen_multdiv_fast.multdiv_i/intadd_9/U4/CO (FA1D0BWP12T)
                                                        0.0688     4.2876 f
  x_sub_system/x_core/ex_block_i/gen_multdiv_fast.multdiv_i/intadd_9/n3 (net)
                                                1       0.0000     4.2876 f
  x_sub_system/x_core/ex_block_i/gen_multdiv_fast.multdiv_i/intadd_9/U3/CI (FA1D0BWP12T)
                                                        0.0000     4.2876 f
  x_sub_system/x_core/ex_block_i/gen_multdiv_fast.multdiv_i/intadd_9/U3/S (FA1D0BWP12T)
                                                        0.0683     4.3558 f
  x_sub_system/x_core/ex_block_i/gen_multdiv_fast.multdiv_i/intadd_9/SUM[30] (net)
                                                1       0.0000     4.3558 f
  x_sub_system/x_core/ex_block_i/gen_multdiv_fast.multdiv_i/U170/B2 (AO221D0BWP12T)
                                                        0.0000     4.3558 f
  x_sub_system/x_core/ex_block_i/gen_multdiv_fast.multdiv_i/U170/Z (AO221D0BWP12T)
                                                        0.1410     4.4969 f
  x_sub_system/x_core/ex_block_i/gen_multdiv_fast.multdiv_i/n426 (net)
                                                2       0.0000     4.4969 f
  x_sub_system/x_core/ex_block_i/gen_multdiv_fast.multdiv_i/U833/B (OAI21D0BWP12T)
                                                        0.0000     4.4969 f
  x_sub_system/x_core/ex_block_i/gen_multdiv_fast.multdiv_i/U833/ZN (OAI21D0BWP12T)
                                                        0.0402     4.5370 r
  x_sub_system/x_core/ex_block_i/gen_multdiv_fast.multdiv_i/multdiv_result_o[30] (net)
                                                2       0.0000     4.5370 r
  x_sub_system/x_core/ex_block_i/gen_multdiv_fast.multdiv_i/multdiv_result_o[30] (ibex_multdiv_fast_RV32M2)
                                                        0.0000     4.5370 r
  x_sub_system/x_core/ex_block_i/multdiv_result[30] (net)
                                                        0.0000     4.5370 r
  x_sub_system/x_core/ex_block_i/U50/I1 (MUX2D0BWP12T)
                                                        0.0000     4.5370 r
  x_sub_system/x_core/ex_block_i/U50/Z (MUX2D0BWP12T)   0.0917     4.6287 r
  x_sub_system/x_core/ex_block_i/alu_operand_b_i_true[30] (net)
                                                5       0.0000     4.6287 r
  x_sub_system/x_core/ex_block_i/alu_i/operand_b_i[30] (ibex_alu_RV32B0)
                                                        0.0000     4.6287 r
  x_sub_system/x_core/ex_block_i/alu_i/operand_b_i[30] (net)
                                                        0.0000     4.6287 r
  x_sub_system/x_core/ex_block_i/alu_i/U712/I (INVD0BWP12T)
                                                        0.0000     4.6287 r
  x_sub_system/x_core/ex_block_i/alu_i/U712/ZN (INVD0BWP12T)
                                                        0.0253     4.6540 f
  x_sub_system/x_core/ex_block_i/alu_i/n582 (net)
                                                1       0.0000     4.6540 f
  x_sub_system/x_core/ex_block_i/alu_i/U5/B2 (AOI221D0BWP12T)
                                                        0.0000     4.6540 f
  x_sub_system/x_core/ex_block_i/alu_i/U5/ZN (AOI221D0BWP12T)
                                                        0.1329     4.7868 r
  x_sub_system/x_core/ex_block_i/alu_i/intadd_8/B[30] (net)
                                                1       0.0000     4.7868 r
  x_sub_system/x_core/ex_block_i/alu_i/intadd_8/U2/B (FA1D0BWP12T)
                                                        0.0000     4.7868 r
  x_sub_system/x_core/ex_block_i/alu_i/intadd_8/U2/CO (FA1D0BWP12T)
                                                        0.1322     4.9191 r
  x_sub_system/x_core/ex_block_i/alu_i/intadd_8/n1 (net)
                                                1       0.0000     4.9191 r
  x_sub_system/x_core/ex_block_i/alu_i/U6/A2 (XOR3D0BWP12T)
                                                        0.0000     4.9191 r
  x_sub_system/x_core/ex_block_i/alu_i/U6/Z (XOR3D0BWP12T)
                                                        0.1726     5.0916 r
  x_sub_system/x_core/ex_block_i/alu_i/adder_result_o[31] (net)
                                                9       0.0000     5.0916 r
  x_sub_system/x_core/ex_block_i/alu_i/U151/B2 (OAI22D0BWP12T)
                                                        0.0000     5.0916 r
  x_sub_system/x_core/ex_block_i/alu_i/U151/ZN (OAI22D0BWP12T)
                                                        0.0587     5.1504 f
  x_sub_system/x_core/ex_block_i/alu_i/n34 (net)
                                                1       0.0000     5.1504 f
  x_sub_system/x_core/ex_block_i/alu_i/U52/B (AOI31D0BWP12T)
                                                        0.0000     5.1504 f
  x_sub_system/x_core/ex_block_i/alu_i/U52/ZN (AOI31D0BWP12T)
                                                        0.0833     5.2336 r
  x_sub_system/x_core/ex_block_i/alu_i/n52 (net)
                                                2       0.0000     5.2336 r
  x_sub_system/x_core/ex_block_i/alu_i/U160/I (INVD0BWP12T)
                                                        0.0000     5.2336 r
  x_sub_system/x_core/ex_block_i/alu_i/U160/ZN (INVD0BWP12T)
                                                        0.0339     5.2675 f
  x_sub_system/x_core/ex_block_i/alu_i/n48 (net)
                                                2       0.0000     5.2675 f
  x_sub_system/x_core/ex_block_i/alu_i/U46/C (MAOI222D0BWP12T)
                                                        0.0000     5.2675 f
  x_sub_system/x_core/ex_block_i/alu_i/U46/ZN (MAOI222D0BWP12T)
                                                        0.0745     5.3421 r
  x_sub_system/x_core/ex_block_i/alu_i/n46 (net)
                                                1       0.0000     5.3421 r
  x_sub_system/x_core/ex_block_i/alu_i/U3/B (OAI31D0BWP12T)
                                                        0.0000     5.3421 r
  x_sub_system/x_core/ex_block_i/alu_i/U3/ZN (OAI31D0BWP12T)
                                                        0.0572     5.3993 f
  x_sub_system/x_core/ex_block_i/alu_i/n49 (net)
                                                1       0.0000     5.3993 f
  x_sub_system/x_core/ex_block_i/alu_i/U56/C (OAI211D0BWP12T)
                                                        0.0000     5.3993 f
  x_sub_system/x_core/ex_block_i/alu_i/U56/ZN (OAI211D0BWP12T)
                                                        0.0512     5.4505 r
  x_sub_system/x_core/ex_block_i/alu_i/comparison_result_o (net)
                                                3       0.0000     5.4505 r
  x_sub_system/x_core/ex_block_i/alu_i/comparison_result_o (ibex_alu_RV32B0)
                                                        0.0000     5.4505 r
  x_sub_system/x_core/ex_block_i/branch_decision_o (net)
                                                        0.0000     5.4505 r
  x_sub_system/x_core/ex_block_i/branch_decision_o (ibex_ex_block_2_0_0)
                                                        0.0000     5.4505 r
  x_sub_system/x_core/branch_decision (net)             0.0000     5.4505 r
  x_sub_system/x_core/id_stage_i/branch_decision_i (ibex_id_stage_0_2_0_0_0_0_0_0)
                                                        0.0000     5.4505 r
  x_sub_system/x_core/id_stage_i/branch_decision_i (net)
                                                        0.0000     5.4505 r
  x_sub_system/x_core/id_stage_i/U9/A3 (ND3D0BWP12T)    0.0000     5.4505 r
  x_sub_system/x_core/id_stage_i/U9/ZN (ND3D0BWP12T)    0.0615     5.5121 f
  x_sub_system/x_core/id_stage_i/n80 (net)      2       0.0000     5.5121 f
  x_sub_system/x_core/id_stage_i/U10/A1 (CKND2D0BWP12T)
                                                        0.0000     5.5121 f
  x_sub_system/x_core/id_stage_i/U10/ZN (CKND2D0BWP12T)
                                                        0.0511     5.5631 r
  x_sub_system/x_core/id_stage_i/n155 (net)     2       0.0000     5.5631 r
  x_sub_system/x_core/id_stage_i/U6/C (AO211D0BWP12T)   0.0000     5.5631 r
  x_sub_system/x_core/id_stage_i/U6/Z (AO211D0BWP12T)   0.0719     5.6350 r
  x_sub_system/x_core/id_stage_i/stall_id (net)
                                                4       0.0000     5.6350 r
  x_sub_system/x_core/id_stage_i/U126/A2 (NR3D0BWP12T)
                                                        0.0000     5.6350 r
  x_sub_system/x_core/id_stage_i/U126/ZN (NR3D0BWP12T)
                                                        0.0346     5.6696 f
  x_sub_system/x_core/id_stage_i/en_wb_o (net)
                                                2       0.0000     5.6696 f
  x_sub_system/x_core/id_stage_i/U4/A2 (AN2D0BWP12T)    0.0000     5.6696 f
  x_sub_system/x_core/id_stage_i/U4/Z (AN2D0BWP12T)     0.0508     5.7203 f
  x_sub_system/x_core/id_stage_i/csr_op_en_o (net)
                                                2       0.0000     5.7203 f
  x_sub_system/x_core/id_stage_i/csr_op_en_o (ibex_id_stage_0_2_0_0_0_0_0_0)
                                                        0.0000     5.7203 f
  x_sub_system/x_core/csr_op_en (net)                   0.0000     5.7203 f
  x_sub_system/x_core/cs_registers_i/csr_op_en_i (ibex_cs_registers_0_00000001_0_0_0_0_00000000_00000028_0_00000000_00000004_0_2_0)
                                                        0.0000     5.7203 f
  x_sub_system/x_core/cs_registers_i/csr_op_en_i (net)
                                                        0.0000     5.7203 f
  x_sub_system/x_core/cs_registers_i/U6/B (OAI21D0BWP12T)
                                                        0.0000     5.7203 f
  x_sub_system/x_core/cs_registers_i/U6/ZN (OAI21D0BWP12T)
                                                        0.0332     5.7536 r
  x_sub_system/x_core/cs_registers_i/n255 (net)
                                                2       0.0000     5.7536 r
  x_sub_system/x_core/cs_registers_i/U104/B1 (AOI22D0BWP12T)
                                                        0.0000     5.7536 r
  x_sub_system/x_core/cs_registers_i/U104/ZN (AOI22D0BWP12T)
                                                        0.0472     5.8008 f
  x_sub_system/x_core/cs_registers_i/n247 (net)
                                                1       0.0000     5.8008 f
  x_sub_system/x_core/cs_registers_i/U5/B1 (AOI32D0BWP12T)
                                                        0.0000     5.8008 f
  x_sub_system/x_core/cs_registers_i/U5/ZN (AOI32D0BWP12T)
                                                        0.0725     5.8733 r
  x_sub_system/x_core/cs_registers_i/n248 (net)
                                                1       0.0000     5.8733 r
  x_sub_system/x_core/cs_registers_i/U8/C (OAI211D0BWP12T)
                                                        0.0000     5.8733 r
  x_sub_system/x_core/cs_registers_i/U8/ZN (OAI211D0BWP12T)
                                                        0.0666     5.9399 f
  x_sub_system/x_core/cs_registers_i/n251 (net)
                                                1       0.0000     5.9399 f
  x_sub_system/x_core/cs_registers_i/U7/A3 (OA31D0BWP12T)
                                                        0.0000     5.9399 f
  x_sub_system/x_core/cs_registers_i/U7/Z (OA31D0BWP12T)
                                                        0.1134     6.0532 f
  x_sub_system/x_core/cs_registers_i/illegal_csr_insn_o (net)
                                                4       0.0000     6.0532 f
  x_sub_system/x_core/cs_registers_i/U10/A1 (NR2D0BWP12T)
                                                        0.0000     6.0532 f
  x_sub_system/x_core/cs_registers_i/U10/ZN (NR2D0BWP12T)
                                                        0.1030     6.1562 r
  x_sub_system/x_core/cs_registers_i/n767 (net)
                                                7       0.0000     6.1562 r
  x_sub_system/x_core/cs_registers_i/U9/A1 (CKND2D0BWP12T)
                                                        0.0000     6.1562 r
  x_sub_system/x_core/cs_registers_i/U9/ZN (CKND2D0BWP12T)
                                                        0.0652     6.2214 f
  x_sub_system/x_core/cs_registers_i/n606 (net)
                                                2       0.0000     6.2214 f
  x_sub_system/x_core/cs_registers_i/U11/A2 (NR2D0BWP12T)
                                                        0.0000     6.2214 f
  x_sub_system/x_core/cs_registers_i/U11/ZN (NR2D0BWP12T)
                                                        0.2284     6.4498 r
  x_sub_system/x_core/cs_registers_i/mhpmcounterh_we_0 (net)
                                               19       0.0000     6.4498 r
  x_sub_system/x_core/cs_registers_i/mcycle_counter_i/counterh_we_i (ibex_counter_CounterWidth64_1)
                                                        0.0000     6.4498 r
  x_sub_system/x_core/cs_registers_i/mcycle_counter_i/counterh_we_i (net)
                                                        0.0000     6.4498 r
  x_sub_system/x_core/cs_registers_i/mcycle_counter_i/U5/I (INVD0BWP12T)
                                                        0.0000     6.4498 r
  x_sub_system/x_core/cs_registers_i/mcycle_counter_i/U5/ZN (INVD0BWP12T)
                                                        0.0708     6.5206 f
  x_sub_system/x_core/cs_registers_i/mcycle_counter_i/n3 (net)
                                                4       0.0000     6.5206 f
  x_sub_system/x_core/cs_registers_i/mcycle_counter_i/U25/I (INVD0BWP12T)
                                                        0.0000     6.5206 f
  x_sub_system/x_core/cs_registers_i/mcycle_counter_i/U25/ZN (INVD0BWP12T)
                                                        0.1087     6.6294 r
  x_sub_system/x_core/cs_registers_i/mcycle_counter_i/n304 (net)
                                               15       0.0000     6.6294 r
  x_sub_system/x_core/cs_registers_i/mcycle_counter_i/U3/B2 (INR3D0BWP12T)
                                                        0.0000     6.6294 r
  x_sub_system/x_core/cs_registers_i/mcycle_counter_i/U3/ZN (INR3D0BWP12T)
                                                        0.1089     6.7383 f
  x_sub_system/x_core/cs_registers_i/mcycle_counter_i/n308 (net)
                                               18       0.0000     6.7383 f
  x_sub_system/x_core/cs_registers_i/mcycle_counter_i/U26/I (INVD0BWP12T)
                                                        0.0000     6.7383 f
  x_sub_system/x_core/cs_registers_i/mcycle_counter_i/U26/ZN (INVD0BWP12T)
                                                        0.2054     6.9437 r
  x_sub_system/x_core/cs_registers_i/mcycle_counter_i/n279 (net)
                                               32       0.0000     6.9437 r
  x_sub_system/x_core/cs_registers_i/mcycle_counter_i/U114/I (BUFFD0BWP12T)
                                                        0.0000     6.9437 r
  x_sub_system/x_core/cs_registers_i/mcycle_counter_i/U114/Z (BUFFD0BWP12T)
                                                        0.1472     7.0910 r
  x_sub_system/x_core/cs_registers_i/mcycle_counter_i/n289 (net)
                                               16       0.0000     7.0910 r
  x_sub_system/x_core/cs_registers_i/mcycle_counter_i/U4/A2 (CKND2D0BWP12T)
                                                        0.0000     7.0910 r
  x_sub_system/x_core/cs_registers_i/mcycle_counter_i/U4/ZN (CKND2D0BWP12T)
                                                        0.2622     7.3532 f
  x_sub_system/x_core/cs_registers_i/mcycle_counter_i/n290 (net)
                                               24       0.0000     7.3532 f
  x_sub_system/x_core/cs_registers_i/mcycle_counter_i/U120/I (BUFFD0BWP12T)
                                                        0.0000     7.3532 f
  x_sub_system/x_core/cs_registers_i/mcycle_counter_i/U120/Z (BUFFD0BWP12T)
                                                        0.1680     7.5212 f
  x_sub_system/x_core/cs_registers_i/mcycle_counter_i/n288 (net)
                                               21       0.0000     7.5212 f
  x_sub_system/x_core/cs_registers_i/mcycle_counter_i/U295/A2 (AOI32D0BWP12T)
                                                        0.0000     7.5212 f
  x_sub_system/x_core/cs_registers_i/mcycle_counter_i/U295/ZN (AOI32D0BWP12T)
                                                        0.0804     7.6016 r
  x_sub_system/x_core/cs_registers_i/mcycle_counter_i/n272 (net)
                                                1       0.0000     7.6016 r
  x_sub_system/x_core/cs_registers_i/mcycle_counter_i/U296/B2 (AOI22D0BWP12T)
                                                        0.0000     7.6016 r
  x_sub_system/x_core/cs_registers_i/mcycle_counter_i/U296/ZN (AOI22D0BWP12T)
                                                        0.0570     7.6585 f
  x_sub_system/x_core/cs_registers_i/mcycle_counter_i/n273 (net)
                                                1       0.0000     7.6585 f
  x_sub_system/x_core/cs_registers_i/mcycle_counter_i/U297/B (OAI31D0BWP12T)
                                                        0.0000     7.6585 f
  x_sub_system/x_core/cs_registers_i/mcycle_counter_i/U297/ZN (OAI31D0BWP12T)
                                                        0.0593     7.7179 r
  x_sub_system/x_core/cs_registers_i/mcycle_counter_i/n34 (net)
                                                1       0.0000     7.7179 r
  x_sub_system/x_core/cs_registers_i/mcycle_counter_i/counter_q_reg[40]/D (DFCNQD1BWP12T)
                                                        0.0000     7.7179 r
  data arrival time                                                7.7179

  clock clk1 (rise edge)                               10.0000    10.0000
  clock network delay (ideal)                           0.0000    10.0000
  clock uncertainty                                    -0.2000     9.8000
  x_sub_system/x_core/cs_registers_i/mcycle_counter_i/counter_q_reg[40]/CP (DFCNQD1BWP12T)
                                                        0.0000     9.8000 r
  library setup time                                   -0.0161     9.7839
  data required time                                               9.7839
  --------------------------------------------------------------------------
  data required time                                               9.7839
  data arrival time                                               -7.7179
  --------------------------------------------------------------------------
  slack (MET)                                                      2.0660


  Startpoint: x_sub_system/x_core/if_stage_i/instr_rdata_alu_id_o_reg[1]
              (rising edge-triggered flip-flop clocked by clk1)
  Endpoint: x_sub_system/x_core/cs_registers_i/mcycle_counter_i/counter_q_reg[62]
            (rising edge-triggered flip-flop clocked by clk1)
  Path Group: clk1
  Path Type: max

  Des/Clust/Port     Wire Load Model       Library
  ------------------------------------------------
  ibex_csr_32_0_0_5  ZeroWireload          tcbn65gplusbwp12twc
  ibex_csr_32_0_0_4  ZeroWireload          tcbn65gplusbwp12twc
  ibex_csr_32_0_0_3  ZeroWireload          tcbn65gplusbwp12twc
  ibex_csr_32_0_0_2  ZeroWireload          tcbn65gplusbwp12twc
  ibex_csr_32_0_0_1  ZeroWireload          tcbn65gplusbwp12twc
  ibex_counter_CounterWidth64_0
                     ZeroWireload          tcbn65gplusbwp12twc
  ibex_fetch_fifo_00000002
                     ZeroWireload          tcbn65gplusbwp12twc
  ibex_counter_CounterWidth64_1
                     ZeroWireload          tcbn65gplusbwp12twc
  ibex_csr_32_0_40000003
                     ZeroWireload          tcbn65gplusbwp12twc
  ibex_csr_32_0_00000001
                     ZeroWireload          tcbn65gplusbwp12twc
  ibex_csr_6_0_0_2   ZeroWireload          tcbn65gplusbwp12twc
  ibex_csr_18_0_0    ZeroWireload          tcbn65gplusbwp12twc
  ibex_csr_32_0_0_6  ZeroWireload          tcbn65gplusbwp12twc
  ibex_csr_6_0_10    ZeroWireload          tcbn65gplusbwp12twc
  ibex_multdiv_fast_RV32M2
                     ZeroWireload          tcbn65gplusbwp12twc
  ibex_controller_0_0
                     ZeroWireload          tcbn65gplusbwp12twc
  ibex_prefetch_buffer_0
                     ZeroWireload          tcbn65gplusbwp12twc
  ibex_cs_registers_0_00000001_0_0_0_0_00000000_00000028_0_00000000_00000004_0_2_0
                     ZeroWireload          tcbn65gplusbwp12twc
  ibex_load_store_unit
                     ZeroWireload          tcbn65gplusbwp12twc
  ibex_ex_block_2_0_0
                     ZeroWireload          tcbn65gplusbwp12twc
  ibex_id_stage_0_2_0_0_0_0_0_0
                     ZeroWireload          tcbn65gplusbwp12twc
  ibex_if_stage_00000000_00000000_0_0_0_0_0
                     ZeroWireload          tcbn65gplusbwp12twc
  prim_clock_gating  ZeroWireload          tcbn65gplusbwp12twc
  ibex_core_00000000_00000000
                     ZeroWireload          tcbn65gplusbwp12twc
  ibex_decoder_0_2_0_0
                     ZeroWireload          tcbn65gplusbwp12twc
  ibex_register_file_ff_0_00000020_0
                     ZeroWireload          tcbn65gplusbwp12twc
  ibex_alu_RV32B0    ZeroWireload          tcbn65gplusbwp12twc
  ibex_wb_stage_0    ZeroWireload          tcbn65gplusbwp12twc

  Point                                       Fanout      Incr       Path
  --------------------------------------------------------------------------
  clock clk1 (rise edge)                                0.0000     0.0000
  clock network delay (ideal)                           0.0000     0.0000
  x_sub_system/x_core/if_stage_i/instr_rdata_alu_id_o_reg[1]/CP (EDFQD1BWP12T)
                                                        0.0000     0.0000 r
  x_sub_system/x_core/if_stage_i/instr_rdata_alu_id_o_reg[1]/Q (EDFQD1BWP12T)
                                                        0.1057     0.1057 r
  x_sub_system/x_core/if_stage_i/instr_rdata_alu_id_o[1] (net)
                                                1       0.0000     0.1057 r
  x_sub_system/x_core/if_stage_i/instr_rdata_alu_id_o[1] (ibex_if_stage_00000000_00000000_0_0_0_0_0)
                                                        0.0000     0.1057 r
  x_sub_system/x_core/instr_rdata_alu_id[1] (net)       0.0000     0.1057 r
  x_sub_system/x_core/id_stage_i/instr_rdata_alu_i[1] (ibex_id_stage_0_2_0_0_0_0_0_0)
                                                        0.0000     0.1057 r
  x_sub_system/x_core/id_stage_i/instr_rdata_alu_i[1] (net)
                                                        0.0000     0.1057 r
  x_sub_system/x_core/id_stage_i/decoder_i/instr_rdata_alu_i[1] (ibex_decoder_0_2_0_0)
                                                        0.0000     0.1057 r
  x_sub_system/x_core/id_stage_i/decoder_i/instr_rdata_alu_i[1] (net)
                                                        0.0000     0.1057 r
  x_sub_system/x_core/id_stage_i/decoder_i/U42/A2 (CKND2D0BWP12T)
                                                        0.0000     0.1057 r
  x_sub_system/x_core/id_stage_i/decoder_i/U42/ZN (CKND2D0BWP12T)
                                                        0.0584     0.1641 f
  x_sub_system/x_core/id_stage_i/decoder_i/n65 (net)
                                                4       0.0000     0.1641 f
  x_sub_system/x_core/id_stage_i/decoder_i/U43/A4 (NR4D0BWP12T)
                                                        0.0000     0.1641 f
  x_sub_system/x_core/id_stage_i/decoder_i/U43/ZN (NR4D0BWP12T)
                                                        0.0922     0.2563 r
  x_sub_system/x_core/id_stage_i/decoder_i/n58 (net)
                                                2       0.0000     0.2563 r
  x_sub_system/x_core/id_stage_i/decoder_i/U44/A3 (ND3D0BWP12T)
                                                        0.0000     0.2563 r
  x_sub_system/x_core/id_stage_i/decoder_i/U44/ZN (ND3D0BWP12T)
                                                        0.0723     0.3286 f
  x_sub_system/x_core/id_stage_i/decoder_i/n83 (net)
                                                3       0.0000     0.3286 f
  x_sub_system/x_core/id_stage_i/decoder_i/U3/A2 (NR2D0BWP12T)
                                                        0.0000     0.3286 f
  x_sub_system/x_core/id_stage_i/decoder_i/U3/ZN (NR2D0BWP12T)
                                                        0.1506     0.4792 r
  x_sub_system/x_core/id_stage_i/decoder_i/n76 (net)
                                               10       0.0000     0.4792 r
  x_sub_system/x_core/id_stage_i/decoder_i/U123/B2 (MAOI22D0BWP12T)
                                                        0.0000     0.4792 r
  x_sub_system/x_core/id_stage_i/decoder_i/U123/ZN (MAOI22D0BWP12T)
                                                        0.1147     0.5939 r
  x_sub_system/x_core/id_stage_i/decoder_i/rf_raddr_a_o[1] (net)
                                                3       0.0000     0.5939 r
  x_sub_system/x_core/id_stage_i/decoder_i/rf_raddr_a_o[1] (ibex_decoder_0_2_0_0)
                                                        0.0000     0.5939 r
  x_sub_system/x_core/id_stage_i/rf_raddr_a_o[1] (net)
                                                        0.0000     0.5939 r
  x_sub_system/x_core/id_stage_i/rf_raddr_a_o[1] (ibex_id_stage_0_2_0_0_0_0_0_0)
                                                        0.0000     0.5939 r
  x_sub_system/x_core/rf_raddr_a[1] (net)               0.0000     0.5939 r
  x_sub_system/x_core/gen_regfile_ff.register_file_i/raddr_a_i[1] (ibex_register_file_ff_0_00000020_0)
                                                        0.0000     0.5939 r
  x_sub_system/x_core/gen_regfile_ff.register_file_i/raddr_a_i[1] (net)
                                                        0.0000     0.5939 r
  x_sub_system/x_core/gen_regfile_ff.register_file_i/U1269/I (INVD0BWP12T)
                                                        0.0000     0.5939 r
  x_sub_system/x_core/gen_regfile_ff.register_file_i/U1269/ZN (INVD0BWP12T)
                                                        0.0290     0.6229 f
  x_sub_system/x_core/gen_regfile_ff.register_file_i/n150 (net)
                                                2       0.0000     0.6229 f
  x_sub_system/x_core/gen_regfile_ff.register_file_i/U8/A2 (CKND2D0BWP12T)
                                                        0.0000     0.6229 f
  x_sub_system/x_core/gen_regfile_ff.register_file_i/U8/ZN (CKND2D0BWP12T)
                                                        0.1283     0.7512 r
  x_sub_system/x_core/gen_regfile_ff.register_file_i/n172 (net)
                                                8       0.0000     0.7512 r
  x_sub_system/x_core/gen_regfile_ff.register_file_i/U1312/A1 (NR2XD0BWP12T)
                                                        0.0000     0.7512 r
  x_sub_system/x_core/gen_regfile_ff.register_file_i/U1312/ZN (NR2XD0BWP12T)
                                                        0.1735     0.9247 f
  x_sub_system/x_core/gen_regfile_ff.register_file_i/n2468 (net)
                                               32       0.0000     0.9247 f
  x_sub_system/x_core/gen_regfile_ff.register_file_i/U2594/B1 (AOI22D0BWP12T)
                                                        0.0000     0.9247 f
  x_sub_system/x_core/gen_regfile_ff.register_file_i/U2594/ZN (AOI22D0BWP12T)
                                                        0.0970     1.0217 r
  x_sub_system/x_core/gen_regfile_ff.register_file_i/n2472 (net)
                                                1       0.0000     1.0217 r
  x_sub_system/x_core/gen_regfile_ff.register_file_i/U2596/A3 (ND4D0BWP12T)
                                                        0.0000     1.0217 r
  x_sub_system/x_core/gen_regfile_ff.register_file_i/U2596/ZN (ND4D0BWP12T)
                                                        0.0686     1.0903 f
  x_sub_system/x_core/gen_regfile_ff.register_file_i/n2514 (net)
                                                1       0.0000     1.0903 f
  x_sub_system/x_core/gen_regfile_ff.register_file_i/U2611/A1 (OR4D0BWP12T)
                                                        0.0000     1.0903 f
  x_sub_system/x_core/gen_regfile_ff.register_file_i/U2611/Z (OR4D0BWP12T)
                                                        0.1572     1.2475 f
  x_sub_system/x_core/gen_regfile_ff.register_file_i/rdata_a_o[21] (net)
                                                2       0.0000     1.2475 f
  x_sub_system/x_core/gen_regfile_ff.register_file_i/rdata_a_o[21] (ibex_register_file_ff_0_00000020_0)
                                                        0.0000     1.2475 f
  x_sub_system/x_core/rf_rdata_a[21] (net)              0.0000     1.2475 f
  x_sub_system/x_core/id_stage_i/rf_rdata_a_i[21] (ibex_id_stage_0_2_0_0_0_0_0_0)
                                                        0.0000     1.2475 f
  x_sub_system/x_core/id_stage_i/rf_rdata_a_i[21] (net)
                                                        0.0000     1.2475 f
  x_sub_system/x_core/id_stage_i/U105/I (BUFFD0BWP12T)
                                                        0.0000     1.2475 f
  x_sub_system/x_core/id_stage_i/U105/Z (BUFFD0BWP12T)
                                                        0.0506     1.2981 f
  x_sub_system/x_core/id_stage_i/multdiv_operand_a_ex_o[21] (net)
                                                2       0.0000     1.2981 f
  x_sub_system/x_core/id_stage_i/multdiv_operand_a_ex_o[21] (ibex_id_stage_0_2_0_0_0_0_0_0)
                                                        0.0000     1.2981 f
  x_sub_system/x_core/multdiv_operand_a_ex[21] (net)    0.0000     1.2981 f
  x_sub_system/x_core/ex_block_i/multdiv_operand_a_i[21] (ibex_ex_block_2_0_0)
                                                        0.0000     1.2981 f
  x_sub_system/x_core/ex_block_i/multdiv_operand_a_i[21] (net)
                                                        0.0000     1.2981 f
  x_sub_system/x_core/ex_block_i/gen_multdiv_fast.multdiv_i/op_a_i[21] (ibex_multdiv_fast_RV32M2)
                                                        0.0000     1.2981 f
  x_sub_system/x_core/ex_block_i/gen_multdiv_fast.multdiv_i/op_a_i[21] (net)
                                                        0.0000     1.2981 f
  x_sub_system/x_core/ex_block_i/gen_multdiv_fast.multdiv_i/U259/A2 (AOI22D1BWP12T)
                                                        0.0000     1.2981 f
  x_sub_system/x_core/ex_block_i/gen_multdiv_fast.multdiv_i/U259/ZN (AOI22D1BWP12T)
                                                        0.2181     1.5162 r
  x_sub_system/x_core/ex_block_i/gen_multdiv_fast.multdiv_i/intadd_11/A[0] (net)
                                               23       0.0000     1.5162 r
  x_sub_system/x_core/ex_block_i/gen_multdiv_fast.multdiv_i/U607/I (INVD0BWP12T)
                                                        0.0000     1.5162 r
  x_sub_system/x_core/ex_block_i/gen_multdiv_fast.multdiv_i/U607/ZN (INVD0BWP12T)
                                                        0.2076     1.7239 f
  x_sub_system/x_core/ex_block_i/gen_multdiv_fast.multdiv_i/n987 (net)
                                               21       0.0000     1.7239 f
  x_sub_system/x_core/ex_block_i/gen_multdiv_fast.multdiv_i/U613/I0 (MUX2ND0BWP12T)
                                                        0.0000     1.7239 f
  x_sub_system/x_core/ex_block_i/gen_multdiv_fast.multdiv_i/U613/ZN (MUX2ND0BWP12T)
                                                        0.0838     1.8077 r
  x_sub_system/x_core/ex_block_i/gen_multdiv_fast.multdiv_i/n472 (net)
                                                3       0.0000     1.8077 r
  x_sub_system/x_core/ex_block_i/gen_multdiv_fast.multdiv_i/U24/I (INVD0BWP12T)
                                                        0.0000     1.8077 r
  x_sub_system/x_core/ex_block_i/gen_multdiv_fast.multdiv_i/U24/ZN (INVD0BWP12T)
                                                        0.0300     1.8376 f
  x_sub_system/x_core/ex_block_i/gen_multdiv_fast.multdiv_i/n474 (net)
                                                2       0.0000     1.8376 f
  x_sub_system/x_core/ex_block_i/gen_multdiv_fast.multdiv_i/U910/A2 (CKND2D0BWP12T)
                                                        0.0000     1.8376 f
  x_sub_system/x_core/ex_block_i/gen_multdiv_fast.multdiv_i/U910/ZN (CKND2D0BWP12T)
                                                        0.1889     2.0265 r
  x_sub_system/x_core/ex_block_i/gen_multdiv_fast.multdiv_i/n981 (net)
                                               17       0.0000     2.0265 r
  x_sub_system/x_core/ex_block_i/gen_multdiv_fast.multdiv_i/U914/C1 (OAI222D0BWP12T)
                                                        0.0000     2.0265 r
  x_sub_system/x_core/ex_block_i/gen_multdiv_fast.multdiv_i/U914/ZN (OAI222D0BWP12T)
                                                        0.1417     2.1682 f
  x_sub_system/x_core/ex_block_i/gen_multdiv_fast.multdiv_i/n479 (net)
                                                1       0.0000     2.1682 f
  x_sub_system/x_core/ex_block_i/gen_multdiv_fast.multdiv_i/U915/S (MUX2ND0BWP12T)
                                                        0.0000     2.1682 f
  x_sub_system/x_core/ex_block_i/gen_multdiv_fast.multdiv_i/U915/ZN (MUX2ND0BWP12T)
                                                        0.0790     2.2472 f
  x_sub_system/x_core/ex_block_i/gen_multdiv_fast.multdiv_i/intadd_11/A[1] (net)
                                                1       0.0000     2.2472 f
  x_sub_system/x_core/ex_block_i/gen_multdiv_fast.multdiv_i/intadd_11/U3/A (FA1D0BWP12T)
                                                        0.0000     2.2472 f
  x_sub_system/x_core/ex_block_i/gen_multdiv_fast.multdiv_i/intadd_11/U3/CO (FA1D0BWP12T)
                                                        0.1412     2.3884 f
  x_sub_system/x_core/ex_block_i/gen_multdiv_fast.multdiv_i/intadd_11/n2 (net)
                                                1       0.0000     2.3884 f
  x_sub_system/x_core/ex_block_i/gen_multdiv_fast.multdiv_i/intadd_11/U2/CI (FA1D0BWP12T)
                                                        0.0000     2.3884 f
  x_sub_system/x_core/ex_block_i/gen_multdiv_fast.multdiv_i/intadd_11/U2/CO (FA1D0BWP12T)
                                                        0.0651     2.4535 f
  x_sub_system/x_core/ex_block_i/gen_multdiv_fast.multdiv_i/intadd_11/n1 (net)
                                                1       0.0000     2.4535 f
  x_sub_system/x_core/ex_block_i/gen_multdiv_fast.multdiv_i/U865/I (INVD0BWP12T)
                                                        0.0000     2.4535 f
  x_sub_system/x_core/ex_block_i/gen_multdiv_fast.multdiv_i/U865/ZN (INVD0BWP12T)
                                                        0.0235     2.4770 r
  x_sub_system/x_core/ex_block_i/gen_multdiv_fast.multdiv_i/DP_OP_71J4_122_6124/n291 (net)
                                                1       0.0000     2.4770 r
  x_sub_system/x_core/ex_block_i/gen_multdiv_fast.multdiv_i/DP_OP_71J4_122_6124/U194/CIX (CMPE42D1BWP12T)
                                                        0.0000     2.4770 r
  x_sub_system/x_core/ex_block_i/gen_multdiv_fast.multdiv_i/DP_OP_71J4_122_6124/U194/S (CMPE42D1BWP12T)
                                                        0.0823     2.5593 r
  x_sub_system/x_core/ex_block_i/gen_multdiv_fast.multdiv_i/DP_OP_71J4_122_6124/n290 (net)
                                                1       0.0000     2.5593 r
  x_sub_system/x_core/ex_block_i/gen_multdiv_fast.multdiv_i/U856/I (INVD0BWP12T)
                                                        0.0000     2.5593 r
  x_sub_system/x_core/ex_block_i/gen_multdiv_fast.multdiv_i/U856/ZN (INVD0BWP12T)
                                                        0.0181     2.5774 f
  x_sub_system/x_core/ex_block_i/gen_multdiv_fast.multdiv_i/intadd_9/A[6] (net)
                                                1       0.0000     2.5774 f
  x_sub_system/x_core/ex_block_i/gen_multdiv_fast.multdiv_i/intadd_9/U27/A (FA1D0BWP12T)
                                                        0.0000     2.5774 f
  x_sub_system/x_core/ex_block_i/gen_multdiv_fast.multdiv_i/intadd_9/U27/CO (FA1D0BWP12T)
                                                        0.1268     2.7042 f
  x_sub_system/x_core/ex_block_i/gen_multdiv_fast.multdiv_i/intadd_9/n26 (net)
                                                1       0.0000     2.7042 f
  x_sub_system/x_core/ex_block_i/gen_multdiv_fast.multdiv_i/intadd_9/U26/CI (FA1D0BWP12T)
                                                        0.0000     2.7042 f
  x_sub_system/x_core/ex_block_i/gen_multdiv_fast.multdiv_i/intadd_9/U26/CO (FA1D0BWP12T)
                                                        0.0688     2.7730 f
  x_sub_system/x_core/ex_block_i/gen_multdiv_fast.multdiv_i/intadd_9/n25 (net)
                                                1       0.0000     2.7730 f
  x_sub_system/x_core/ex_block_i/gen_multdiv_fast.multdiv_i/intadd_9/U25/CI (FA1D0BWP12T)
                                                        0.0000     2.7730 f
  x_sub_system/x_core/ex_block_i/gen_multdiv_fast.multdiv_i/intadd_9/U25/CO (FA1D0BWP12T)
                                                        0.0688     2.8419 f
  x_sub_system/x_core/ex_block_i/gen_multdiv_fast.multdiv_i/intadd_9/n24 (net)
                                                1       0.0000     2.8419 f
  x_sub_system/x_core/ex_block_i/gen_multdiv_fast.multdiv_i/intadd_9/U24/CI (FA1D0BWP12T)
                                                        0.0000     2.8419 f
  x_sub_system/x_core/ex_block_i/gen_multdiv_fast.multdiv_i/intadd_9/U24/CO (FA1D0BWP12T)
                                                        0.0688     2.9107 f
  x_sub_system/x_core/ex_block_i/gen_multdiv_fast.multdiv_i/intadd_9/n23 (net)
                                                1       0.0000     2.9107 f
  x_sub_system/x_core/ex_block_i/gen_multdiv_fast.multdiv_i/intadd_9/U23/CI (FA1D0BWP12T)
                                                        0.0000     2.9107 f
  x_sub_system/x_core/ex_block_i/gen_multdiv_fast.multdiv_i/intadd_9/U23/CO (FA1D0BWP12T)
                                                        0.0688     2.9796 f
  x_sub_system/x_core/ex_block_i/gen_multdiv_fast.multdiv_i/intadd_9/n22 (net)
                                                1       0.0000     2.9796 f
  x_sub_system/x_core/ex_block_i/gen_multdiv_fast.multdiv_i/intadd_9/U22/CI (FA1D0BWP12T)
                                                        0.0000     2.9796 f
  x_sub_system/x_core/ex_block_i/gen_multdiv_fast.multdiv_i/intadd_9/U22/CO (FA1D0BWP12T)
                                                        0.0688     3.0484 f
  x_sub_system/x_core/ex_block_i/gen_multdiv_fast.multdiv_i/intadd_9/n21 (net)
                                                1       0.0000     3.0484 f
  x_sub_system/x_core/ex_block_i/gen_multdiv_fast.multdiv_i/intadd_9/U21/CI (FA1D0BWP12T)
                                                        0.0000     3.0484 f
  x_sub_system/x_core/ex_block_i/gen_multdiv_fast.multdiv_i/intadd_9/U21/CO (FA1D0BWP12T)
                                                        0.0688     3.1172 f
  x_sub_system/x_core/ex_block_i/gen_multdiv_fast.multdiv_i/intadd_9/n20 (net)
                                                1       0.0000     3.1172 f
  x_sub_system/x_core/ex_block_i/gen_multdiv_fast.multdiv_i/intadd_9/U20/CI (FA1D0BWP12T)
                                                        0.0000     3.1172 f
  x_sub_system/x_core/ex_block_i/gen_multdiv_fast.multdiv_i/intadd_9/U20/CO (FA1D0BWP12T)
                                                        0.0688     3.1861 f
  x_sub_system/x_core/ex_block_i/gen_multdiv_fast.multdiv_i/intadd_9/n19 (net)
                                                1       0.0000     3.1861 f
  x_sub_system/x_core/ex_block_i/gen_multdiv_fast.multdiv_i/intadd_9/U19/CI (FA1D0BWP12T)
                                                        0.0000     3.1861 f
  x_sub_system/x_core/ex_block_i/gen_multdiv_fast.multdiv_i/intadd_9/U19/CO (FA1D0BWP12T)
                                                        0.0688     3.2549 f
  x_sub_system/x_core/ex_block_i/gen_multdiv_fast.multdiv_i/intadd_9/n18 (net)
                                                1       0.0000     3.2549 f
  x_sub_system/x_core/ex_block_i/gen_multdiv_fast.multdiv_i/intadd_9/U18/CI (FA1D0BWP12T)
                                                        0.0000     3.2549 f
  x_sub_system/x_core/ex_block_i/gen_multdiv_fast.multdiv_i/intadd_9/U18/CO (FA1D0BWP12T)
                                                        0.0688     3.3238 f
  x_sub_system/x_core/ex_block_i/gen_multdiv_fast.multdiv_i/intadd_9/n17 (net)
                                                1       0.0000     3.3238 f
  x_sub_system/x_core/ex_block_i/gen_multdiv_fast.multdiv_i/intadd_9/U17/CI (FA1D0BWP12T)
                                                        0.0000     3.3238 f
  x_sub_system/x_core/ex_block_i/gen_multdiv_fast.multdiv_i/intadd_9/U17/CO (FA1D0BWP12T)
                                                        0.0688     3.3926 f
  x_sub_system/x_core/ex_block_i/gen_multdiv_fast.multdiv_i/intadd_9/n16 (net)
                                                1       0.0000     3.3926 f
  x_sub_system/x_core/ex_block_i/gen_multdiv_fast.multdiv_i/intadd_9/U16/CI (FA1D0BWP12T)
                                                        0.0000     3.3926 f
  x_sub_system/x_core/ex_block_i/gen_multdiv_fast.multdiv_i/intadd_9/U16/CO (FA1D0BWP12T)
                                                        0.0688     3.4615 f
  x_sub_system/x_core/ex_block_i/gen_multdiv_fast.multdiv_i/intadd_9/n15 (net)
                                                1       0.0000     3.4615 f
  x_sub_system/x_core/ex_block_i/gen_multdiv_fast.multdiv_i/intadd_9/U15/CI (FA1D0BWP12T)
                                                        0.0000     3.4615 f
  x_sub_system/x_core/ex_block_i/gen_multdiv_fast.multdiv_i/intadd_9/U15/CO (FA1D0BWP12T)
                                                        0.0688     3.5303 f
  x_sub_system/x_core/ex_block_i/gen_multdiv_fast.multdiv_i/intadd_9/n14 (net)
                                                1       0.0000     3.5303 f
  x_sub_system/x_core/ex_block_i/gen_multdiv_fast.multdiv_i/intadd_9/U14/CI (FA1D0BWP12T)
                                                        0.0000     3.5303 f
  x_sub_system/x_core/ex_block_i/gen_multdiv_fast.multdiv_i/intadd_9/U14/CO (FA1D0BWP12T)
                                                        0.0688     3.5991 f
  x_sub_system/x_core/ex_block_i/gen_multdiv_fast.multdiv_i/intadd_9/n13 (net)
                                                1       0.0000     3.5991 f
  x_sub_system/x_core/ex_block_i/gen_multdiv_fast.multdiv_i/intadd_9/U13/CI (FA1D0BWP12T)
                                                        0.0000     3.5991 f
  x_sub_system/x_core/ex_block_i/gen_multdiv_fast.multdiv_i/intadd_9/U13/CO (FA1D0BWP12T)
                                                        0.0688     3.6680 f
  x_sub_system/x_core/ex_block_i/gen_multdiv_fast.multdiv_i/intadd_9/n12 (net)
                                                1       0.0000     3.6680 f
  x_sub_system/x_core/ex_block_i/gen_multdiv_fast.multdiv_i/intadd_9/U12/CI (FA1D0BWP12T)
                                                        0.0000     3.6680 f
  x_sub_system/x_core/ex_block_i/gen_multdiv_fast.multdiv_i/intadd_9/U12/CO (FA1D0BWP12T)
                                                        0.0688     3.7368 f
  x_sub_system/x_core/ex_block_i/gen_multdiv_fast.multdiv_i/intadd_9/n11 (net)
                                                1       0.0000     3.7368 f
  x_sub_system/x_core/ex_block_i/gen_multdiv_fast.multdiv_i/intadd_9/U11/CI (FA1D0BWP12T)
                                                        0.0000     3.7368 f
  x_sub_system/x_core/ex_block_i/gen_multdiv_fast.multdiv_i/intadd_9/U11/CO (FA1D0BWP12T)
                                                        0.0688     3.8057 f
  x_sub_system/x_core/ex_block_i/gen_multdiv_fast.multdiv_i/intadd_9/n10 (net)
                                                1       0.0000     3.8057 f
  x_sub_system/x_core/ex_block_i/gen_multdiv_fast.multdiv_i/intadd_9/U10/CI (FA1D0BWP12T)
                                                        0.0000     3.8057 f
  x_sub_system/x_core/ex_block_i/gen_multdiv_fast.multdiv_i/intadd_9/U10/CO (FA1D0BWP12T)
                                                        0.0688     3.8745 f
  x_sub_system/x_core/ex_block_i/gen_multdiv_fast.multdiv_i/intadd_9/n9 (net)
                                                1       0.0000     3.8745 f
  x_sub_system/x_core/ex_block_i/gen_multdiv_fast.multdiv_i/intadd_9/U9/CI (FA1D0BWP12T)
                                                        0.0000     3.8745 f
  x_sub_system/x_core/ex_block_i/gen_multdiv_fast.multdiv_i/intadd_9/U9/CO (FA1D0BWP12T)
                                                        0.0688     3.9434 f
  x_sub_system/x_core/ex_block_i/gen_multdiv_fast.multdiv_i/intadd_9/n8 (net)
                                                1       0.0000     3.9434 f
  x_sub_system/x_core/ex_block_i/gen_multdiv_fast.multdiv_i/intadd_9/U8/CI (FA1D0BWP12T)
                                                        0.0000     3.9434 f
  x_sub_system/x_core/ex_block_i/gen_multdiv_fast.multdiv_i/intadd_9/U8/CO (FA1D0BWP12T)
                                                        0.0688     4.0122 f
  x_sub_system/x_core/ex_block_i/gen_multdiv_fast.multdiv_i/intadd_9/n7 (net)
                                                1       0.0000     4.0122 f
  x_sub_system/x_core/ex_block_i/gen_multdiv_fast.multdiv_i/intadd_9/U7/CI (FA1D0BWP12T)
                                                        0.0000     4.0122 f
  x_sub_system/x_core/ex_block_i/gen_multdiv_fast.multdiv_i/intadd_9/U7/CO (FA1D0BWP12T)
                                                        0.0688     4.0811 f
  x_sub_system/x_core/ex_block_i/gen_multdiv_fast.multdiv_i/intadd_9/n6 (net)
                                                1       0.0000     4.0811 f
  x_sub_system/x_core/ex_block_i/gen_multdiv_fast.multdiv_i/intadd_9/U6/CI (FA1D0BWP12T)
                                                        0.0000     4.0811 f
  x_sub_system/x_core/ex_block_i/gen_multdiv_fast.multdiv_i/intadd_9/U6/CO (FA1D0BWP12T)
                                                        0.0688     4.1499 f
  x_sub_system/x_core/ex_block_i/gen_multdiv_fast.multdiv_i/intadd_9/n5 (net)
                                                1       0.0000     4.1499 f
  x_sub_system/x_core/ex_block_i/gen_multdiv_fast.multdiv_i/intadd_9/U5/CI (FA1D0BWP12T)
                                                        0.0000     4.1499 f
  x_sub_system/x_core/ex_block_i/gen_multdiv_fast.multdiv_i/intadd_9/U5/CO (FA1D0BWP12T)
                                                        0.0688     4.2187 f
  x_sub_system/x_core/ex_block_i/gen_multdiv_fast.multdiv_i/intadd_9/n4 (net)
                                                1       0.0000     4.2187 f
  x_sub_system/x_core/ex_block_i/gen_multdiv_fast.multdiv_i/intadd_9/U4/CI (FA1D0BWP12T)
                                                        0.0000     4.2187 f
  x_sub_system/x_core/ex_block_i/gen_multdiv_fast.multdiv_i/intadd_9/U4/CO (FA1D0BWP12T)
                                                        0.0688     4.2876 f
  x_sub_system/x_core/ex_block_i/gen_multdiv_fast.multdiv_i/intadd_9/n3 (net)
                                                1       0.0000     4.2876 f
  x_sub_system/x_core/ex_block_i/gen_multdiv_fast.multdiv_i/intadd_9/U3/CI (FA1D0BWP12T)
                                                        0.0000     4.2876 f
  x_sub_system/x_core/ex_block_i/gen_multdiv_fast.multdiv_i/intadd_9/U3/S (FA1D0BWP12T)
                                                        0.0683     4.3558 f
  x_sub_system/x_core/ex_block_i/gen_multdiv_fast.multdiv_i/intadd_9/SUM[30] (net)
                                                1       0.0000     4.3558 f
  x_sub_system/x_core/ex_block_i/gen_multdiv_fast.multdiv_i/U170/B2 (AO221D0BWP12T)
                                                        0.0000     4.3558 f
  x_sub_system/x_core/ex_block_i/gen_multdiv_fast.multdiv_i/U170/Z (AO221D0BWP12T)
                                                        0.1410     4.4969 f
  x_sub_system/x_core/ex_block_i/gen_multdiv_fast.multdiv_i/n426 (net)
                                                2       0.0000     4.4969 f
  x_sub_system/x_core/ex_block_i/gen_multdiv_fast.multdiv_i/U833/B (OAI21D0BWP12T)
                                                        0.0000     4.4969 f
  x_sub_system/x_core/ex_block_i/gen_multdiv_fast.multdiv_i/U833/ZN (OAI21D0BWP12T)
                                                        0.0402     4.5370 r
  x_sub_system/x_core/ex_block_i/gen_multdiv_fast.multdiv_i/multdiv_result_o[30] (net)
                                                2       0.0000     4.5370 r
  x_sub_system/x_core/ex_block_i/gen_multdiv_fast.multdiv_i/multdiv_result_o[30] (ibex_multdiv_fast_RV32M2)
                                                        0.0000     4.5370 r
  x_sub_system/x_core/ex_block_i/multdiv_result[30] (net)
                                                        0.0000     4.5370 r
  x_sub_system/x_core/ex_block_i/U50/I1 (MUX2D0BWP12T)
                                                        0.0000     4.5370 r
  x_sub_system/x_core/ex_block_i/U50/Z (MUX2D0BWP12T)   0.0917     4.6287 r
  x_sub_system/x_core/ex_block_i/alu_operand_b_i_true[30] (net)
                                                5       0.0000     4.6287 r
  x_sub_system/x_core/ex_block_i/alu_i/operand_b_i[30] (ibex_alu_RV32B0)
                                                        0.0000     4.6287 r
  x_sub_system/x_core/ex_block_i/alu_i/operand_b_i[30] (net)
                                                        0.0000     4.6287 r
  x_sub_system/x_core/ex_block_i/alu_i/U712/I (INVD0BWP12T)
                                                        0.0000     4.6287 r
  x_sub_system/x_core/ex_block_i/alu_i/U712/ZN (INVD0BWP12T)
                                                        0.0253     4.6540 f
  x_sub_system/x_core/ex_block_i/alu_i/n582 (net)
                                                1       0.0000     4.6540 f
  x_sub_system/x_core/ex_block_i/alu_i/U5/B2 (AOI221D0BWP12T)
                                                        0.0000     4.6540 f
  x_sub_system/x_core/ex_block_i/alu_i/U5/ZN (AOI221D0BWP12T)
                                                        0.1329     4.7868 r
  x_sub_system/x_core/ex_block_i/alu_i/intadd_8/B[30] (net)
                                                1       0.0000     4.7868 r
  x_sub_system/x_core/ex_block_i/alu_i/intadd_8/U2/B (FA1D0BWP12T)
                                                        0.0000     4.7868 r
  x_sub_system/x_core/ex_block_i/alu_i/intadd_8/U2/CO (FA1D0BWP12T)
                                                        0.1322     4.9191 r
  x_sub_system/x_core/ex_block_i/alu_i/intadd_8/n1 (net)
                                                1       0.0000     4.9191 r
  x_sub_system/x_core/ex_block_i/alu_i/U6/A2 (XOR3D0BWP12T)
                                                        0.0000     4.9191 r
  x_sub_system/x_core/ex_block_i/alu_i/U6/Z (XOR3D0BWP12T)
                                                        0.1726     5.0916 r
  x_sub_system/x_core/ex_block_i/alu_i/adder_result_o[31] (net)
                                                9       0.0000     5.0916 r
  x_sub_system/x_core/ex_block_i/alu_i/U151/B2 (OAI22D0BWP12T)
                                                        0.0000     5.0916 r
  x_sub_system/x_core/ex_block_i/alu_i/U151/ZN (OAI22D0BWP12T)
                                                        0.0587     5.1504 f
  x_sub_system/x_core/ex_block_i/alu_i/n34 (net)
                                                1       0.0000     5.1504 f
  x_sub_system/x_core/ex_block_i/alu_i/U52/B (AOI31D0BWP12T)
                                                        0.0000     5.1504 f
  x_sub_system/x_core/ex_block_i/alu_i/U52/ZN (AOI31D0BWP12T)
                                                        0.0833     5.2336 r
  x_sub_system/x_core/ex_block_i/alu_i/n52 (net)
                                                2       0.0000     5.2336 r
  x_sub_system/x_core/ex_block_i/alu_i/U160/I (INVD0BWP12T)
                                                        0.0000     5.2336 r
  x_sub_system/x_core/ex_block_i/alu_i/U160/ZN (INVD0BWP12T)
                                                        0.0339     5.2675 f
  x_sub_system/x_core/ex_block_i/alu_i/n48 (net)
                                                2       0.0000     5.2675 f
  x_sub_system/x_core/ex_block_i/alu_i/U46/C (MAOI222D0BWP12T)
                                                        0.0000     5.2675 f
  x_sub_system/x_core/ex_block_i/alu_i/U46/ZN (MAOI222D0BWP12T)
                                                        0.0745     5.3421 r
  x_sub_system/x_core/ex_block_i/alu_i/n46 (net)
                                                1       0.0000     5.3421 r
  x_sub_system/x_core/ex_block_i/alu_i/U3/B (OAI31D0BWP12T)
                                                        0.0000     5.3421 r
  x_sub_system/x_core/ex_block_i/alu_i/U3/ZN (OAI31D0BWP12T)
                                                        0.0572     5.3993 f
  x_sub_system/x_core/ex_block_i/alu_i/n49 (net)
                                                1       0.0000     5.3993 f
  x_sub_system/x_core/ex_block_i/alu_i/U56/C (OAI211D0BWP12T)
                                                        0.0000     5.3993 f
  x_sub_system/x_core/ex_block_i/alu_i/U56/ZN (OAI211D0BWP12T)
                                                        0.0512     5.4505 r
  x_sub_system/x_core/ex_block_i/alu_i/comparison_result_o (net)
                                                3       0.0000     5.4505 r
  x_sub_system/x_core/ex_block_i/alu_i/comparison_result_o (ibex_alu_RV32B0)
                                                        0.0000     5.4505 r
  x_sub_system/x_core/ex_block_i/branch_decision_o (net)
                                                        0.0000     5.4505 r
  x_sub_system/x_core/ex_block_i/branch_decision_o (ibex_ex_block_2_0_0)
                                                        0.0000     5.4505 r
  x_sub_system/x_core/branch_decision (net)             0.0000     5.4505 r
  x_sub_system/x_core/id_stage_i/branch_decision_i (ibex_id_stage_0_2_0_0_0_0_0_0)
                                                        0.0000     5.4505 r
  x_sub_system/x_core/id_stage_i/branch_decision_i (net)
                                                        0.0000     5.4505 r
  x_sub_system/x_core/id_stage_i/U9/A3 (ND3D0BWP12T)    0.0000     5.4505 r
  x_sub_system/x_core/id_stage_i/U9/ZN (ND3D0BWP12T)    0.0615     5.5121 f
  x_sub_system/x_core/id_stage_i/n80 (net)      2       0.0000     5.5121 f
  x_sub_system/x_core/id_stage_i/U10/A1 (CKND2D0BWP12T)
                                                        0.0000     5.5121 f
  x_sub_system/x_core/id_stage_i/U10/ZN (CKND2D0BWP12T)
                                                        0.0511     5.5631 r
  x_sub_system/x_core/id_stage_i/n155 (net)     2       0.0000     5.5631 r
  x_sub_system/x_core/id_stage_i/U6/C (AO211D0BWP12T)   0.0000     5.5631 r
  x_sub_system/x_core/id_stage_i/U6/Z (AO211D0BWP12T)   0.0719     5.6350 r
  x_sub_system/x_core/id_stage_i/stall_id (net)
                                                4       0.0000     5.6350 r
  x_sub_system/x_core/id_stage_i/U126/A2 (NR3D0BWP12T)
                                                        0.0000     5.6350 r
  x_sub_system/x_core/id_stage_i/U126/ZN (NR3D0BWP12T)
                                                        0.0346     5.6696 f
  x_sub_system/x_core/id_stage_i/en_wb_o (net)
                                                2       0.0000     5.6696 f
  x_sub_system/x_core/id_stage_i/U4/A2 (AN2D0BWP12T)    0.0000     5.6696 f
  x_sub_system/x_core/id_stage_i/U4/Z (AN2D0BWP12T)     0.0508     5.7203 f
  x_sub_system/x_core/id_stage_i/csr_op_en_o (net)
                                                2       0.0000     5.7203 f
  x_sub_system/x_core/id_stage_i/csr_op_en_o (ibex_id_stage_0_2_0_0_0_0_0_0)
                                                        0.0000     5.7203 f
  x_sub_system/x_core/csr_op_en (net)                   0.0000     5.7203 f
  x_sub_system/x_core/cs_registers_i/csr_op_en_i (ibex_cs_registers_0_00000001_0_0_0_0_00000000_00000028_0_00000000_00000004_0_2_0)
                                                        0.0000     5.7203 f
  x_sub_system/x_core/cs_registers_i/csr_op_en_i (net)
                                                        0.0000     5.7203 f
  x_sub_system/x_core/cs_registers_i/U6/B (OAI21D0BWP12T)
                                                        0.0000     5.7203 f
  x_sub_system/x_core/cs_registers_i/U6/ZN (OAI21D0BWP12T)
                                                        0.0332     5.7536 r
  x_sub_system/x_core/cs_registers_i/n255 (net)
                                                2       0.0000     5.7536 r
  x_sub_system/x_core/cs_registers_i/U104/B1 (AOI22D0BWP12T)
                                                        0.0000     5.7536 r
  x_sub_system/x_core/cs_registers_i/U104/ZN (AOI22D0BWP12T)
                                                        0.0472     5.8008 f
  x_sub_system/x_core/cs_registers_i/n247 (net)
                                                1       0.0000     5.8008 f
  x_sub_system/x_core/cs_registers_i/U5/B1 (AOI32D0BWP12T)
                                                        0.0000     5.8008 f
  x_sub_system/x_core/cs_registers_i/U5/ZN (AOI32D0BWP12T)
                                                        0.0725     5.8733 r
  x_sub_system/x_core/cs_registers_i/n248 (net)
                                                1       0.0000     5.8733 r
  x_sub_system/x_core/cs_registers_i/U8/C (OAI211D0BWP12T)
                                                        0.0000     5.8733 r
  x_sub_system/x_core/cs_registers_i/U8/ZN (OAI211D0BWP12T)
                                                        0.0666     5.9399 f
  x_sub_system/x_core/cs_registers_i/n251 (net)
                                                1       0.0000     5.9399 f
  x_sub_system/x_core/cs_registers_i/U7/A3 (OA31D0BWP12T)
                                                        0.0000     5.9399 f
  x_sub_system/x_core/cs_registers_i/U7/Z (OA31D0BWP12T)
                                                        0.1134     6.0532 f
  x_sub_system/x_core/cs_registers_i/illegal_csr_insn_o (net)
                                                4       0.0000     6.0532 f
  x_sub_system/x_core/cs_registers_i/U10/A1 (NR2D0BWP12T)
                                                        0.0000     6.0532 f
  x_sub_system/x_core/cs_registers_i/U10/ZN (NR2D0BWP12T)
                                                        0.1030     6.1562 r
  x_sub_system/x_core/cs_registers_i/n767 (net)
                                                7       0.0000     6.1562 r
  x_sub_system/x_core/cs_registers_i/U9/A1 (CKND2D0BWP12T)
                                                        0.0000     6.1562 r
  x_sub_system/x_core/cs_registers_i/U9/ZN (CKND2D0BWP12T)
                                                        0.0652     6.2214 f
  x_sub_system/x_core/cs_registers_i/n606 (net)
                                                2       0.0000     6.2214 f
  x_sub_system/x_core/cs_registers_i/U11/A2 (NR2D0BWP12T)
                                                        0.0000     6.2214 f
  x_sub_system/x_core/cs_registers_i/U11/ZN (NR2D0BWP12T)
                                                        0.2284     6.4498 r
  x_sub_system/x_core/cs_registers_i/mhpmcounterh_we_0 (net)
                                               19       0.0000     6.4498 r
  x_sub_system/x_core/cs_registers_i/mcycle_counter_i/counterh_we_i (ibex_counter_CounterWidth64_1)
                                                        0.0000     6.4498 r
  x_sub_system/x_core/cs_registers_i/mcycle_counter_i/counterh_we_i (net)
                                                        0.0000     6.4498 r
  x_sub_system/x_core/cs_registers_i/mcycle_counter_i/U5/I (INVD0BWP12T)
                                                        0.0000     6.4498 r
  x_sub_system/x_core/cs_registers_i/mcycle_counter_i/U5/ZN (INVD0BWP12T)
                                                        0.0708     6.5206 f
  x_sub_system/x_core/cs_registers_i/mcycle_counter_i/n3 (net)
                                                4       0.0000     6.5206 f
  x_sub_system/x_core/cs_registers_i/mcycle_counter_i/U25/I (INVD0BWP12T)
                                                        0.0000     6.5206 f
  x_sub_system/x_core/cs_registers_i/mcycle_counter_i/U25/ZN (INVD0BWP12T)
                                                        0.1087     6.6294 r
  x_sub_system/x_core/cs_registers_i/mcycle_counter_i/n304 (net)
                                               15       0.0000     6.6294 r
  x_sub_system/x_core/cs_registers_i/mcycle_counter_i/U3/B2 (INR3D0BWP12T)
                                                        0.0000     6.6294 r
  x_sub_system/x_core/cs_registers_i/mcycle_counter_i/U3/ZN (INR3D0BWP12T)
                                                        0.1089     6.7383 f
  x_sub_system/x_core/cs_registers_i/mcycle_counter_i/n308 (net)
                                               18       0.0000     6.7383 f
  x_sub_system/x_core/cs_registers_i/mcycle_counter_i/U26/I (INVD0BWP12T)
                                                        0.0000     6.7383 f
  x_sub_system/x_core/cs_registers_i/mcycle_counter_i/U26/ZN (INVD0BWP12T)
                                                        0.2054     6.9437 r
  x_sub_system/x_core/cs_registers_i/mcycle_counter_i/n279 (net)
                                               32       0.0000     6.9437 r
  x_sub_system/x_core/cs_registers_i/mcycle_counter_i/U114/I (BUFFD0BWP12T)
                                                        0.0000     6.9437 r
  x_sub_system/x_core/cs_registers_i/mcycle_counter_i/U114/Z (BUFFD0BWP12T)
                                                        0.1472     7.0910 r
  x_sub_system/x_core/cs_registers_i/mcycle_counter_i/n289 (net)
                                               16       0.0000     7.0910 r
  x_sub_system/x_core/cs_registers_i/mcycle_counter_i/U4/A2 (CKND2D0BWP12T)
                                                        0.0000     7.0910 r
  x_sub_system/x_core/cs_registers_i/mcycle_counter_i/U4/ZN (CKND2D0BWP12T)
                                                        0.2622     7.3532 f
  x_sub_system/x_core/cs_registers_i/mcycle_counter_i/n290 (net)
                                               24       0.0000     7.3532 f
  x_sub_system/x_core/cs_registers_i/mcycle_counter_i/U120/I (BUFFD0BWP12T)
                                                        0.0000     7.3532 f
  x_sub_system/x_core/cs_registers_i/mcycle_counter_i/U120/Z (BUFFD0BWP12T)
                                                        0.1680     7.5212 f
  x_sub_system/x_core/cs_registers_i/mcycle_counter_i/n288 (net)
                                               21       0.0000     7.5212 f
  x_sub_system/x_core/cs_registers_i/mcycle_counter_i/U121/B (OAI21D0BWP12T)
                                                        0.0000     7.5212 f
  x_sub_system/x_core/cs_registers_i/mcycle_counter_i/U121/ZN (OAI21D0BWP12T)
                                                        0.0640     7.5852 r
  x_sub_system/x_core/cs_registers_i/mcycle_counter_i/n306 (net)
                                                2       0.0000     7.5852 r
  x_sub_system/x_core/cs_registers_i/mcycle_counter_i/U122/B (AOI21D0BWP12T)
                                                        0.0000     7.5852 r
  x_sub_system/x_core/cs_registers_i/mcycle_counter_i/U122/ZN (AOI21D0BWP12T)
                                                        0.0405     7.6257 f
  x_sub_system/x_core/cs_registers_i/mcycle_counter_i/n296 (net)
                                                2       0.0000     7.6257 f
  x_sub_system/x_core/cs_registers_i/mcycle_counter_i/U124/B2 (OAI221D0BWP12T)
                                                        0.0000     7.6257 f
  x_sub_system/x_core/cs_registers_i/mcycle_counter_i/U124/ZN (OAI221D0BWP12T)
                                                        0.0780     7.7037 r
  x_sub_system/x_core/cs_registers_i/mcycle_counter_i/n12 (net)
                                                1       0.0000     7.7037 r
  x_sub_system/x_core/cs_registers_i/mcycle_counter_i/counter_q_reg[62]/D (DFCNQD1BWP12T)
                                                        0.0000     7.7037 r
  data arrival time                                                7.7037

  clock clk1 (rise edge)                               10.0000    10.0000
  clock network delay (ideal)                           0.0000    10.0000
  clock uncertainty                                    -0.2000     9.8000
  x_sub_system/x_core/cs_registers_i/mcycle_counter_i/counter_q_reg[62]/CP (DFCNQD1BWP12T)
                                                        0.0000     9.8000 r
  library setup time                                   -0.0145     9.7855
  data required time                                               9.7855
  --------------------------------------------------------------------------
  data required time                                               9.7855
  data arrival time                                               -7.7037
  --------------------------------------------------------------------------
  slack (MET)                                                      2.0819


  Startpoint: x_sub_system/x_core/if_stage_i/instr_rdata_alu_id_o_reg[1]
              (rising edge-triggered flip-flop clocked by clk1)
  Endpoint: x_sub_system/x_core/cs_registers_i/mcycle_counter_i/counter_q_reg[47]
            (rising edge-triggered flip-flop clocked by clk1)
  Path Group: clk1
  Path Type: max

  Des/Clust/Port     Wire Load Model       Library
  ------------------------------------------------
  ibex_csr_32_0_0_5  ZeroWireload          tcbn65gplusbwp12twc
  ibex_csr_32_0_0_4  ZeroWireload          tcbn65gplusbwp12twc
  ibex_csr_32_0_0_3  ZeroWireload          tcbn65gplusbwp12twc
  ibex_csr_32_0_0_2  ZeroWireload          tcbn65gplusbwp12twc
  ibex_csr_32_0_0_1  ZeroWireload          tcbn65gplusbwp12twc
  ibex_counter_CounterWidth64_0
                     ZeroWireload          tcbn65gplusbwp12twc
  ibex_fetch_fifo_00000002
                     ZeroWireload          tcbn65gplusbwp12twc
  ibex_counter_CounterWidth64_1
                     ZeroWireload          tcbn65gplusbwp12twc
  ibex_csr_32_0_40000003
                     ZeroWireload          tcbn65gplusbwp12twc
  ibex_csr_32_0_00000001
                     ZeroWireload          tcbn65gplusbwp12twc
  ibex_csr_6_0_0_2   ZeroWireload          tcbn65gplusbwp12twc
  ibex_csr_18_0_0    ZeroWireload          tcbn65gplusbwp12twc
  ibex_csr_32_0_0_6  ZeroWireload          tcbn65gplusbwp12twc
  ibex_csr_6_0_10    ZeroWireload          tcbn65gplusbwp12twc
  ibex_multdiv_fast_RV32M2
                     ZeroWireload          tcbn65gplusbwp12twc
  ibex_controller_0_0
                     ZeroWireload          tcbn65gplusbwp12twc
  ibex_prefetch_buffer_0
                     ZeroWireload          tcbn65gplusbwp12twc
  ibex_cs_registers_0_00000001_0_0_0_0_00000000_00000028_0_00000000_00000004_0_2_0
                     ZeroWireload          tcbn65gplusbwp12twc
  ibex_load_store_unit
                     ZeroWireload          tcbn65gplusbwp12twc
  ibex_ex_block_2_0_0
                     ZeroWireload          tcbn65gplusbwp12twc
  ibex_id_stage_0_2_0_0_0_0_0_0
                     ZeroWireload          tcbn65gplusbwp12twc
  ibex_if_stage_00000000_00000000_0_0_0_0_0
                     ZeroWireload          tcbn65gplusbwp12twc
  prim_clock_gating  ZeroWireload          tcbn65gplusbwp12twc
  ibex_core_00000000_00000000
                     ZeroWireload          tcbn65gplusbwp12twc
  ibex_decoder_0_2_0_0
                     ZeroWireload          tcbn65gplusbwp12twc
  ibex_register_file_ff_0_00000020_0
                     ZeroWireload          tcbn65gplusbwp12twc
  ibex_alu_RV32B0    ZeroWireload          tcbn65gplusbwp12twc
  ibex_wb_stage_0    ZeroWireload          tcbn65gplusbwp12twc

  Point                                       Fanout      Incr       Path
  --------------------------------------------------------------------------
  clock clk1 (rise edge)                                0.0000     0.0000
  clock network delay (ideal)                           0.0000     0.0000
  x_sub_system/x_core/if_stage_i/instr_rdata_alu_id_o_reg[1]/CP (EDFQD1BWP12T)
                                                        0.0000     0.0000 r
  x_sub_system/x_core/if_stage_i/instr_rdata_alu_id_o_reg[1]/Q (EDFQD1BWP12T)
                                                        0.1057     0.1057 r
  x_sub_system/x_core/if_stage_i/instr_rdata_alu_id_o[1] (net)
                                                1       0.0000     0.1057 r
  x_sub_system/x_core/if_stage_i/instr_rdata_alu_id_o[1] (ibex_if_stage_00000000_00000000_0_0_0_0_0)
                                                        0.0000     0.1057 r
  x_sub_system/x_core/instr_rdata_alu_id[1] (net)       0.0000     0.1057 r
  x_sub_system/x_core/id_stage_i/instr_rdata_alu_i[1] (ibex_id_stage_0_2_0_0_0_0_0_0)
                                                        0.0000     0.1057 r
  x_sub_system/x_core/id_stage_i/instr_rdata_alu_i[1] (net)
                                                        0.0000     0.1057 r
  x_sub_system/x_core/id_stage_i/decoder_i/instr_rdata_alu_i[1] (ibex_decoder_0_2_0_0)
                                                        0.0000     0.1057 r
  x_sub_system/x_core/id_stage_i/decoder_i/instr_rdata_alu_i[1] (net)
                                                        0.0000     0.1057 r
  x_sub_system/x_core/id_stage_i/decoder_i/U42/A2 (CKND2D0BWP12T)
                                                        0.0000     0.1057 r
  x_sub_system/x_core/id_stage_i/decoder_i/U42/ZN (CKND2D0BWP12T)
                                                        0.0584     0.1641 f
  x_sub_system/x_core/id_stage_i/decoder_i/n65 (net)
                                                4       0.0000     0.1641 f
  x_sub_system/x_core/id_stage_i/decoder_i/U43/A4 (NR4D0BWP12T)
                                                        0.0000     0.1641 f
  x_sub_system/x_core/id_stage_i/decoder_i/U43/ZN (NR4D0BWP12T)
                                                        0.0922     0.2563 r
  x_sub_system/x_core/id_stage_i/decoder_i/n58 (net)
                                                2       0.0000     0.2563 r
  x_sub_system/x_core/id_stage_i/decoder_i/U44/A3 (ND3D0BWP12T)
                                                        0.0000     0.2563 r
  x_sub_system/x_core/id_stage_i/decoder_i/U44/ZN (ND3D0BWP12T)
                                                        0.0723     0.3286 f
  x_sub_system/x_core/id_stage_i/decoder_i/n83 (net)
                                                3       0.0000     0.3286 f
  x_sub_system/x_core/id_stage_i/decoder_i/U3/A2 (NR2D0BWP12T)
                                                        0.0000     0.3286 f
  x_sub_system/x_core/id_stage_i/decoder_i/U3/ZN (NR2D0BWP12T)
                                                        0.1506     0.4792 r
  x_sub_system/x_core/id_stage_i/decoder_i/n76 (net)
                                               10       0.0000     0.4792 r
  x_sub_system/x_core/id_stage_i/decoder_i/U123/B2 (MAOI22D0BWP12T)
                                                        0.0000     0.4792 r
  x_sub_system/x_core/id_stage_i/decoder_i/U123/ZN (MAOI22D0BWP12T)
                                                        0.1147     0.5939 r
  x_sub_system/x_core/id_stage_i/decoder_i/rf_raddr_a_o[1] (net)
                                                3       0.0000     0.5939 r
  x_sub_system/x_core/id_stage_i/decoder_i/rf_raddr_a_o[1] (ibex_decoder_0_2_0_0)
                                                        0.0000     0.5939 r
  x_sub_system/x_core/id_stage_i/rf_raddr_a_o[1] (net)
                                                        0.0000     0.5939 r
  x_sub_system/x_core/id_stage_i/rf_raddr_a_o[1] (ibex_id_stage_0_2_0_0_0_0_0_0)
                                                        0.0000     0.5939 r
  x_sub_system/x_core/rf_raddr_a[1] (net)               0.0000     0.5939 r
  x_sub_system/x_core/gen_regfile_ff.register_file_i/raddr_a_i[1] (ibex_register_file_ff_0_00000020_0)
                                                        0.0000     0.5939 r
  x_sub_system/x_core/gen_regfile_ff.register_file_i/raddr_a_i[1] (net)
                                                        0.0000     0.5939 r
  x_sub_system/x_core/gen_regfile_ff.register_file_i/U1269/I (INVD0BWP12T)
                                                        0.0000     0.5939 r
  x_sub_system/x_core/gen_regfile_ff.register_file_i/U1269/ZN (INVD0BWP12T)
                                                        0.0290     0.6229 f
  x_sub_system/x_core/gen_regfile_ff.register_file_i/n150 (net)
                                                2       0.0000     0.6229 f
  x_sub_system/x_core/gen_regfile_ff.register_file_i/U8/A2 (CKND2D0BWP12T)
                                                        0.0000     0.6229 f
  x_sub_system/x_core/gen_regfile_ff.register_file_i/U8/ZN (CKND2D0BWP12T)
                                                        0.1283     0.7512 r
  x_sub_system/x_core/gen_regfile_ff.register_file_i/n172 (net)
                                                8       0.0000     0.7512 r
  x_sub_system/x_core/gen_regfile_ff.register_file_i/U1312/A1 (NR2XD0BWP12T)
                                                        0.0000     0.7512 r
  x_sub_system/x_core/gen_regfile_ff.register_file_i/U1312/ZN (NR2XD0BWP12T)
                                                        0.1735     0.9247 f
  x_sub_system/x_core/gen_regfile_ff.register_file_i/n2468 (net)
                                               32       0.0000     0.9247 f
  x_sub_system/x_core/gen_regfile_ff.register_file_i/U2594/B1 (AOI22D0BWP12T)
                                                        0.0000     0.9247 f
  x_sub_system/x_core/gen_regfile_ff.register_file_i/U2594/ZN (AOI22D0BWP12T)
                                                        0.0970     1.0217 r
  x_sub_system/x_core/gen_regfile_ff.register_file_i/n2472 (net)
                                                1       0.0000     1.0217 r
  x_sub_system/x_core/gen_regfile_ff.register_file_i/U2596/A3 (ND4D0BWP12T)
                                                        0.0000     1.0217 r
  x_sub_system/x_core/gen_regfile_ff.register_file_i/U2596/ZN (ND4D0BWP12T)
                                                        0.0686     1.0903 f
  x_sub_system/x_core/gen_regfile_ff.register_file_i/n2514 (net)
                                                1       0.0000     1.0903 f
  x_sub_system/x_core/gen_regfile_ff.register_file_i/U2611/A1 (OR4D0BWP12T)
                                                        0.0000     1.0903 f
  x_sub_system/x_core/gen_regfile_ff.register_file_i/U2611/Z (OR4D0BWP12T)
                                                        0.1572     1.2475 f
  x_sub_system/x_core/gen_regfile_ff.register_file_i/rdata_a_o[21] (net)
                                                2       0.0000     1.2475 f
  x_sub_system/x_core/gen_regfile_ff.register_file_i/rdata_a_o[21] (ibex_register_file_ff_0_00000020_0)
                                                        0.0000     1.2475 f
  x_sub_system/x_core/rf_rdata_a[21] (net)              0.0000     1.2475 f
  x_sub_system/x_core/id_stage_i/rf_rdata_a_i[21] (ibex_id_stage_0_2_0_0_0_0_0_0)
                                                        0.0000     1.2475 f
  x_sub_system/x_core/id_stage_i/rf_rdata_a_i[21] (net)
                                                        0.0000     1.2475 f
  x_sub_system/x_core/id_stage_i/U105/I (BUFFD0BWP12T)
                                                        0.0000     1.2475 f
  x_sub_system/x_core/id_stage_i/U105/Z (BUFFD0BWP12T)
                                                        0.0506     1.2981 f
  x_sub_system/x_core/id_stage_i/multdiv_operand_a_ex_o[21] (net)
                                                2       0.0000     1.2981 f
  x_sub_system/x_core/id_stage_i/multdiv_operand_a_ex_o[21] (ibex_id_stage_0_2_0_0_0_0_0_0)
                                                        0.0000     1.2981 f
  x_sub_system/x_core/multdiv_operand_a_ex[21] (net)    0.0000     1.2981 f
  x_sub_system/x_core/ex_block_i/multdiv_operand_a_i[21] (ibex_ex_block_2_0_0)
                                                        0.0000     1.2981 f
  x_sub_system/x_core/ex_block_i/multdiv_operand_a_i[21] (net)
                                                        0.0000     1.2981 f
  x_sub_system/x_core/ex_block_i/gen_multdiv_fast.multdiv_i/op_a_i[21] (ibex_multdiv_fast_RV32M2)
                                                        0.0000     1.2981 f
  x_sub_system/x_core/ex_block_i/gen_multdiv_fast.multdiv_i/op_a_i[21] (net)
                                                        0.0000     1.2981 f
  x_sub_system/x_core/ex_block_i/gen_multdiv_fast.multdiv_i/U259/A2 (AOI22D1BWP12T)
                                                        0.0000     1.2981 f
  x_sub_system/x_core/ex_block_i/gen_multdiv_fast.multdiv_i/U259/ZN (AOI22D1BWP12T)
                                                        0.2181     1.5162 r
  x_sub_system/x_core/ex_block_i/gen_multdiv_fast.multdiv_i/intadd_11/A[0] (net)
                                               23       0.0000     1.5162 r
  x_sub_system/x_core/ex_block_i/gen_multdiv_fast.multdiv_i/U607/I (INVD0BWP12T)
                                                        0.0000     1.5162 r
  x_sub_system/x_core/ex_block_i/gen_multdiv_fast.multdiv_i/U607/ZN (INVD0BWP12T)
                                                        0.2076     1.7239 f
  x_sub_system/x_core/ex_block_i/gen_multdiv_fast.multdiv_i/n987 (net)
                                               21       0.0000     1.7239 f
  x_sub_system/x_core/ex_block_i/gen_multdiv_fast.multdiv_i/U613/I0 (MUX2ND0BWP12T)
                                                        0.0000     1.7239 f
  x_sub_system/x_core/ex_block_i/gen_multdiv_fast.multdiv_i/U613/ZN (MUX2ND0BWP12T)
                                                        0.0838     1.8077 r
  x_sub_system/x_core/ex_block_i/gen_multdiv_fast.multdiv_i/n472 (net)
                                                3       0.0000     1.8077 r
  x_sub_system/x_core/ex_block_i/gen_multdiv_fast.multdiv_i/U24/I (INVD0BWP12T)
                                                        0.0000     1.8077 r
  x_sub_system/x_core/ex_block_i/gen_multdiv_fast.multdiv_i/U24/ZN (INVD0BWP12T)
                                                        0.0300     1.8376 f
  x_sub_system/x_core/ex_block_i/gen_multdiv_fast.multdiv_i/n474 (net)
                                                2       0.0000     1.8376 f
  x_sub_system/x_core/ex_block_i/gen_multdiv_fast.multdiv_i/U910/A2 (CKND2D0BWP12T)
                                                        0.0000     1.8376 f
  x_sub_system/x_core/ex_block_i/gen_multdiv_fast.multdiv_i/U910/ZN (CKND2D0BWP12T)
                                                        0.1889     2.0265 r
  x_sub_system/x_core/ex_block_i/gen_multdiv_fast.multdiv_i/n981 (net)
                                               17       0.0000     2.0265 r
  x_sub_system/x_core/ex_block_i/gen_multdiv_fast.multdiv_i/U914/C1 (OAI222D0BWP12T)
                                                        0.0000     2.0265 r
  x_sub_system/x_core/ex_block_i/gen_multdiv_fast.multdiv_i/U914/ZN (OAI222D0BWP12T)
                                                        0.1417     2.1682 f
  x_sub_system/x_core/ex_block_i/gen_multdiv_fast.multdiv_i/n479 (net)
                                                1       0.0000     2.1682 f
  x_sub_system/x_core/ex_block_i/gen_multdiv_fast.multdiv_i/U915/S (MUX2ND0BWP12T)
                                                        0.0000     2.1682 f
  x_sub_system/x_core/ex_block_i/gen_multdiv_fast.multdiv_i/U915/ZN (MUX2ND0BWP12T)
                                                        0.0790     2.2472 f
  x_sub_system/x_core/ex_block_i/gen_multdiv_fast.multdiv_i/intadd_11/A[1] (net)
                                                1       0.0000     2.2472 f
  x_sub_system/x_core/ex_block_i/gen_multdiv_fast.multdiv_i/intadd_11/U3/A (FA1D0BWP12T)
                                                        0.0000     2.2472 f
  x_sub_system/x_core/ex_block_i/gen_multdiv_fast.multdiv_i/intadd_11/U3/CO (FA1D0BWP12T)
                                                        0.1412     2.3884 f
  x_sub_system/x_core/ex_block_i/gen_multdiv_fast.multdiv_i/intadd_11/n2 (net)
                                                1       0.0000     2.3884 f
  x_sub_system/x_core/ex_block_i/gen_multdiv_fast.multdiv_i/intadd_11/U2/CI (FA1D0BWP12T)
                                                        0.0000     2.3884 f
  x_sub_system/x_core/ex_block_i/gen_multdiv_fast.multdiv_i/intadd_11/U2/CO (FA1D0BWP12T)
                                                        0.0651     2.4535 f
  x_sub_system/x_core/ex_block_i/gen_multdiv_fast.multdiv_i/intadd_11/n1 (net)
                                                1       0.0000     2.4535 f
  x_sub_system/x_core/ex_block_i/gen_multdiv_fast.multdiv_i/U865/I (INVD0BWP12T)
                                                        0.0000     2.4535 f
  x_sub_system/x_core/ex_block_i/gen_multdiv_fast.multdiv_i/U865/ZN (INVD0BWP12T)
                                                        0.0235     2.4770 r
  x_sub_system/x_core/ex_block_i/gen_multdiv_fast.multdiv_i/DP_OP_71J4_122_6124/n291 (net)
                                                1       0.0000     2.4770 r
  x_sub_system/x_core/ex_block_i/gen_multdiv_fast.multdiv_i/DP_OP_71J4_122_6124/U194/CIX (CMPE42D1BWP12T)
                                                        0.0000     2.4770 r
  x_sub_system/x_core/ex_block_i/gen_multdiv_fast.multdiv_i/DP_OP_71J4_122_6124/U194/S (CMPE42D1BWP12T)
                                                        0.0823     2.5593 r
  x_sub_system/x_core/ex_block_i/gen_multdiv_fast.multdiv_i/DP_OP_71J4_122_6124/n290 (net)
                                                1       0.0000     2.5593 r
  x_sub_system/x_core/ex_block_i/gen_multdiv_fast.multdiv_i/U856/I (INVD0BWP12T)
                                                        0.0000     2.5593 r
  x_sub_system/x_core/ex_block_i/gen_multdiv_fast.multdiv_i/U856/ZN (INVD0BWP12T)
                                                        0.0181     2.5774 f
  x_sub_system/x_core/ex_block_i/gen_multdiv_fast.multdiv_i/intadd_9/A[6] (net)
                                                1       0.0000     2.5774 f
  x_sub_system/x_core/ex_block_i/gen_multdiv_fast.multdiv_i/intadd_9/U27/A (FA1D0BWP12T)
                                                        0.0000     2.5774 f
  x_sub_system/x_core/ex_block_i/gen_multdiv_fast.multdiv_i/intadd_9/U27/CO (FA1D0BWP12T)
                                                        0.1268     2.7042 f
  x_sub_system/x_core/ex_block_i/gen_multdiv_fast.multdiv_i/intadd_9/n26 (net)
                                                1       0.0000     2.7042 f
  x_sub_system/x_core/ex_block_i/gen_multdiv_fast.multdiv_i/intadd_9/U26/CI (FA1D0BWP12T)
                                                        0.0000     2.7042 f
  x_sub_system/x_core/ex_block_i/gen_multdiv_fast.multdiv_i/intadd_9/U26/CO (FA1D0BWP12T)
                                                        0.0688     2.7730 f
  x_sub_system/x_core/ex_block_i/gen_multdiv_fast.multdiv_i/intadd_9/n25 (net)
                                                1       0.0000     2.7730 f
  x_sub_system/x_core/ex_block_i/gen_multdiv_fast.multdiv_i/intadd_9/U25/CI (FA1D0BWP12T)
                                                        0.0000     2.7730 f
  x_sub_system/x_core/ex_block_i/gen_multdiv_fast.multdiv_i/intadd_9/U25/CO (FA1D0BWP12T)
                                                        0.0688     2.8419 f
  x_sub_system/x_core/ex_block_i/gen_multdiv_fast.multdiv_i/intadd_9/n24 (net)
                                                1       0.0000     2.8419 f
  x_sub_system/x_core/ex_block_i/gen_multdiv_fast.multdiv_i/intadd_9/U24/CI (FA1D0BWP12T)
                                                        0.0000     2.8419 f
  x_sub_system/x_core/ex_block_i/gen_multdiv_fast.multdiv_i/intadd_9/U24/CO (FA1D0BWP12T)
                                                        0.0688     2.9107 f
  x_sub_system/x_core/ex_block_i/gen_multdiv_fast.multdiv_i/intadd_9/n23 (net)
                                                1       0.0000     2.9107 f
  x_sub_system/x_core/ex_block_i/gen_multdiv_fast.multdiv_i/intadd_9/U23/CI (FA1D0BWP12T)
                                                        0.0000     2.9107 f
  x_sub_system/x_core/ex_block_i/gen_multdiv_fast.multdiv_i/intadd_9/U23/CO (FA1D0BWP12T)
                                                        0.0688     2.9796 f
  x_sub_system/x_core/ex_block_i/gen_multdiv_fast.multdiv_i/intadd_9/n22 (net)
                                                1       0.0000     2.9796 f
  x_sub_system/x_core/ex_block_i/gen_multdiv_fast.multdiv_i/intadd_9/U22/CI (FA1D0BWP12T)
                                                        0.0000     2.9796 f
  x_sub_system/x_core/ex_block_i/gen_multdiv_fast.multdiv_i/intadd_9/U22/CO (FA1D0BWP12T)
                                                        0.0688     3.0484 f
  x_sub_system/x_core/ex_block_i/gen_multdiv_fast.multdiv_i/intadd_9/n21 (net)
                                                1       0.0000     3.0484 f
  x_sub_system/x_core/ex_block_i/gen_multdiv_fast.multdiv_i/intadd_9/U21/CI (FA1D0BWP12T)
                                                        0.0000     3.0484 f
  x_sub_system/x_core/ex_block_i/gen_multdiv_fast.multdiv_i/intadd_9/U21/CO (FA1D0BWP12T)
                                                        0.0688     3.1172 f
  x_sub_system/x_core/ex_block_i/gen_multdiv_fast.multdiv_i/intadd_9/n20 (net)
                                                1       0.0000     3.1172 f
  x_sub_system/x_core/ex_block_i/gen_multdiv_fast.multdiv_i/intadd_9/U20/CI (FA1D0BWP12T)
                                                        0.0000     3.1172 f
  x_sub_system/x_core/ex_block_i/gen_multdiv_fast.multdiv_i/intadd_9/U20/CO (FA1D0BWP12T)
                                                        0.0688     3.1861 f
  x_sub_system/x_core/ex_block_i/gen_multdiv_fast.multdiv_i/intadd_9/n19 (net)
                                                1       0.0000     3.1861 f
  x_sub_system/x_core/ex_block_i/gen_multdiv_fast.multdiv_i/intadd_9/U19/CI (FA1D0BWP12T)
                                                        0.0000     3.1861 f
  x_sub_system/x_core/ex_block_i/gen_multdiv_fast.multdiv_i/intadd_9/U19/CO (FA1D0BWP12T)
                                                        0.0688     3.2549 f
  x_sub_system/x_core/ex_block_i/gen_multdiv_fast.multdiv_i/intadd_9/n18 (net)
                                                1       0.0000     3.2549 f
  x_sub_system/x_core/ex_block_i/gen_multdiv_fast.multdiv_i/intadd_9/U18/CI (FA1D0BWP12T)
                                                        0.0000     3.2549 f
  x_sub_system/x_core/ex_block_i/gen_multdiv_fast.multdiv_i/intadd_9/U18/CO (FA1D0BWP12T)
                                                        0.0688     3.3238 f
  x_sub_system/x_core/ex_block_i/gen_multdiv_fast.multdiv_i/intadd_9/n17 (net)
                                                1       0.0000     3.3238 f
  x_sub_system/x_core/ex_block_i/gen_multdiv_fast.multdiv_i/intadd_9/U17/CI (FA1D0BWP12T)
                                                        0.0000     3.3238 f
  x_sub_system/x_core/ex_block_i/gen_multdiv_fast.multdiv_i/intadd_9/U17/CO (FA1D0BWP12T)
                                                        0.0688     3.3926 f
  x_sub_system/x_core/ex_block_i/gen_multdiv_fast.multdiv_i/intadd_9/n16 (net)
                                                1       0.0000     3.3926 f
  x_sub_system/x_core/ex_block_i/gen_multdiv_fast.multdiv_i/intadd_9/U16/CI (FA1D0BWP12T)
                                                        0.0000     3.3926 f
  x_sub_system/x_core/ex_block_i/gen_multdiv_fast.multdiv_i/intadd_9/U16/CO (FA1D0BWP12T)
                                                        0.0688     3.4615 f
  x_sub_system/x_core/ex_block_i/gen_multdiv_fast.multdiv_i/intadd_9/n15 (net)
                                                1       0.0000     3.4615 f
  x_sub_system/x_core/ex_block_i/gen_multdiv_fast.multdiv_i/intadd_9/U15/CI (FA1D0BWP12T)
                                                        0.0000     3.4615 f
  x_sub_system/x_core/ex_block_i/gen_multdiv_fast.multdiv_i/intadd_9/U15/CO (FA1D0BWP12T)
                                                        0.0688     3.5303 f
  x_sub_system/x_core/ex_block_i/gen_multdiv_fast.multdiv_i/intadd_9/n14 (net)
                                                1       0.0000     3.5303 f
  x_sub_system/x_core/ex_block_i/gen_multdiv_fast.multdiv_i/intadd_9/U14/CI (FA1D0BWP12T)
                                                        0.0000     3.5303 f
  x_sub_system/x_core/ex_block_i/gen_multdiv_fast.multdiv_i/intadd_9/U14/CO (FA1D0BWP12T)
                                                        0.0688     3.5991 f
  x_sub_system/x_core/ex_block_i/gen_multdiv_fast.multdiv_i/intadd_9/n13 (net)
                                                1       0.0000     3.5991 f
  x_sub_system/x_core/ex_block_i/gen_multdiv_fast.multdiv_i/intadd_9/U13/CI (FA1D0BWP12T)
                                                        0.0000     3.5991 f
  x_sub_system/x_core/ex_block_i/gen_multdiv_fast.multdiv_i/intadd_9/U13/CO (FA1D0BWP12T)
                                                        0.0688     3.6680 f
  x_sub_system/x_core/ex_block_i/gen_multdiv_fast.multdiv_i/intadd_9/n12 (net)
                                                1       0.0000     3.6680 f
  x_sub_system/x_core/ex_block_i/gen_multdiv_fast.multdiv_i/intadd_9/U12/CI (FA1D0BWP12T)
                                                        0.0000     3.6680 f
  x_sub_system/x_core/ex_block_i/gen_multdiv_fast.multdiv_i/intadd_9/U12/CO (FA1D0BWP12T)
                                                        0.0688     3.7368 f
  x_sub_system/x_core/ex_block_i/gen_multdiv_fast.multdiv_i/intadd_9/n11 (net)
                                                1       0.0000     3.7368 f
  x_sub_system/x_core/ex_block_i/gen_multdiv_fast.multdiv_i/intadd_9/U11/CI (FA1D0BWP12T)
                                                        0.0000     3.7368 f
  x_sub_system/x_core/ex_block_i/gen_multdiv_fast.multdiv_i/intadd_9/U11/CO (FA1D0BWP12T)
                                                        0.0688     3.8057 f
  x_sub_system/x_core/ex_block_i/gen_multdiv_fast.multdiv_i/intadd_9/n10 (net)
                                                1       0.0000     3.8057 f
  x_sub_system/x_core/ex_block_i/gen_multdiv_fast.multdiv_i/intadd_9/U10/CI (FA1D0BWP12T)
                                                        0.0000     3.8057 f
  x_sub_system/x_core/ex_block_i/gen_multdiv_fast.multdiv_i/intadd_9/U10/CO (FA1D0BWP12T)
                                                        0.0688     3.8745 f
  x_sub_system/x_core/ex_block_i/gen_multdiv_fast.multdiv_i/intadd_9/n9 (net)
                                                1       0.0000     3.8745 f
  x_sub_system/x_core/ex_block_i/gen_multdiv_fast.multdiv_i/intadd_9/U9/CI (FA1D0BWP12T)
                                                        0.0000     3.8745 f
  x_sub_system/x_core/ex_block_i/gen_multdiv_fast.multdiv_i/intadd_9/U9/CO (FA1D0BWP12T)
                                                        0.0688     3.9434 f
  x_sub_system/x_core/ex_block_i/gen_multdiv_fast.multdiv_i/intadd_9/n8 (net)
                                                1       0.0000     3.9434 f
  x_sub_system/x_core/ex_block_i/gen_multdiv_fast.multdiv_i/intadd_9/U8/CI (FA1D0BWP12T)
                                                        0.0000     3.9434 f
  x_sub_system/x_core/ex_block_i/gen_multdiv_fast.multdiv_i/intadd_9/U8/CO (FA1D0BWP12T)
                                                        0.0688     4.0122 f
  x_sub_system/x_core/ex_block_i/gen_multdiv_fast.multdiv_i/intadd_9/n7 (net)
                                                1       0.0000     4.0122 f
  x_sub_system/x_core/ex_block_i/gen_multdiv_fast.multdiv_i/intadd_9/U7/CI (FA1D0BWP12T)
                                                        0.0000     4.0122 f
  x_sub_system/x_core/ex_block_i/gen_multdiv_fast.multdiv_i/intadd_9/U7/CO (FA1D0BWP12T)
                                                        0.0688     4.0811 f
  x_sub_system/x_core/ex_block_i/gen_multdiv_fast.multdiv_i/intadd_9/n6 (net)
                                                1       0.0000     4.0811 f
  x_sub_system/x_core/ex_block_i/gen_multdiv_fast.multdiv_i/intadd_9/U6/CI (FA1D0BWP12T)
                                                        0.0000     4.0811 f
  x_sub_system/x_core/ex_block_i/gen_multdiv_fast.multdiv_i/intadd_9/U6/CO (FA1D0BWP12T)
                                                        0.0688     4.1499 f
  x_sub_system/x_core/ex_block_i/gen_multdiv_fast.multdiv_i/intadd_9/n5 (net)
                                                1       0.0000     4.1499 f
  x_sub_system/x_core/ex_block_i/gen_multdiv_fast.multdiv_i/intadd_9/U5/CI (FA1D0BWP12T)
                                                        0.0000     4.1499 f
  x_sub_system/x_core/ex_block_i/gen_multdiv_fast.multdiv_i/intadd_9/U5/CO (FA1D0BWP12T)
                                                        0.0688     4.2187 f
  x_sub_system/x_core/ex_block_i/gen_multdiv_fast.multdiv_i/intadd_9/n4 (net)
                                                1       0.0000     4.2187 f
  x_sub_system/x_core/ex_block_i/gen_multdiv_fast.multdiv_i/intadd_9/U4/CI (FA1D0BWP12T)
                                                        0.0000     4.2187 f
  x_sub_system/x_core/ex_block_i/gen_multdiv_fast.multdiv_i/intadd_9/U4/CO (FA1D0BWP12T)
                                                        0.0688     4.2876 f
  x_sub_system/x_core/ex_block_i/gen_multdiv_fast.multdiv_i/intadd_9/n3 (net)
                                                1       0.0000     4.2876 f
  x_sub_system/x_core/ex_block_i/gen_multdiv_fast.multdiv_i/intadd_9/U3/CI (FA1D0BWP12T)
                                                        0.0000     4.2876 f
  x_sub_system/x_core/ex_block_i/gen_multdiv_fast.multdiv_i/intadd_9/U3/S (FA1D0BWP12T)
                                                        0.0683     4.3558 f
  x_sub_system/x_core/ex_block_i/gen_multdiv_fast.multdiv_i/intadd_9/SUM[30] (net)
                                                1       0.0000     4.3558 f
  x_sub_system/x_core/ex_block_i/gen_multdiv_fast.multdiv_i/U170/B2 (AO221D0BWP12T)
                                                        0.0000     4.3558 f
  x_sub_system/x_core/ex_block_i/gen_multdiv_fast.multdiv_i/U170/Z (AO221D0BWP12T)
                                                        0.1410     4.4969 f
  x_sub_system/x_core/ex_block_i/gen_multdiv_fast.multdiv_i/n426 (net)
                                                2       0.0000     4.4969 f
  x_sub_system/x_core/ex_block_i/gen_multdiv_fast.multdiv_i/U833/B (OAI21D0BWP12T)
                                                        0.0000     4.4969 f
  x_sub_system/x_core/ex_block_i/gen_multdiv_fast.multdiv_i/U833/ZN (OAI21D0BWP12T)
                                                        0.0402     4.5370 r
  x_sub_system/x_core/ex_block_i/gen_multdiv_fast.multdiv_i/multdiv_result_o[30] (net)
                                                2       0.0000     4.5370 r
  x_sub_system/x_core/ex_block_i/gen_multdiv_fast.multdiv_i/multdiv_result_o[30] (ibex_multdiv_fast_RV32M2)
                                                        0.0000     4.5370 r
  x_sub_system/x_core/ex_block_i/multdiv_result[30] (net)
                                                        0.0000     4.5370 r
  x_sub_system/x_core/ex_block_i/U50/I1 (MUX2D0BWP12T)
                                                        0.0000     4.5370 r
  x_sub_system/x_core/ex_block_i/U50/Z (MUX2D0BWP12T)   0.0917     4.6287 r
  x_sub_system/x_core/ex_block_i/alu_operand_b_i_true[30] (net)
                                                5       0.0000     4.6287 r
  x_sub_system/x_core/ex_block_i/alu_i/operand_b_i[30] (ibex_alu_RV32B0)
                                                        0.0000     4.6287 r
  x_sub_system/x_core/ex_block_i/alu_i/operand_b_i[30] (net)
                                                        0.0000     4.6287 r
  x_sub_system/x_core/ex_block_i/alu_i/U712/I (INVD0BWP12T)
                                                        0.0000     4.6287 r
  x_sub_system/x_core/ex_block_i/alu_i/U712/ZN (INVD0BWP12T)
                                                        0.0253     4.6540 f
  x_sub_system/x_core/ex_block_i/alu_i/n582 (net)
                                                1       0.0000     4.6540 f
  x_sub_system/x_core/ex_block_i/alu_i/U5/B2 (AOI221D0BWP12T)
                                                        0.0000     4.6540 f
  x_sub_system/x_core/ex_block_i/alu_i/U5/ZN (AOI221D0BWP12T)
                                                        0.1329     4.7868 r
  x_sub_system/x_core/ex_block_i/alu_i/intadd_8/B[30] (net)
                                                1       0.0000     4.7868 r
  x_sub_system/x_core/ex_block_i/alu_i/intadd_8/U2/B (FA1D0BWP12T)
                                                        0.0000     4.7868 r
  x_sub_system/x_core/ex_block_i/alu_i/intadd_8/U2/CO (FA1D0BWP12T)
                                                        0.1322     4.9191 r
  x_sub_system/x_core/ex_block_i/alu_i/intadd_8/n1 (net)
                                                1       0.0000     4.9191 r
  x_sub_system/x_core/ex_block_i/alu_i/U6/A2 (XOR3D0BWP12T)
                                                        0.0000     4.9191 r
  x_sub_system/x_core/ex_block_i/alu_i/U6/Z (XOR3D0BWP12T)
                                                        0.1726     5.0916 r
  x_sub_system/x_core/ex_block_i/alu_i/adder_result_o[31] (net)
                                                9       0.0000     5.0916 r
  x_sub_system/x_core/ex_block_i/alu_i/U151/B2 (OAI22D0BWP12T)
                                                        0.0000     5.0916 r
  x_sub_system/x_core/ex_block_i/alu_i/U151/ZN (OAI22D0BWP12T)
                                                        0.0587     5.1504 f
  x_sub_system/x_core/ex_block_i/alu_i/n34 (net)
                                                1       0.0000     5.1504 f
  x_sub_system/x_core/ex_block_i/alu_i/U52/B (AOI31D0BWP12T)
                                                        0.0000     5.1504 f
  x_sub_system/x_core/ex_block_i/alu_i/U52/ZN (AOI31D0BWP12T)
                                                        0.0833     5.2336 r
  x_sub_system/x_core/ex_block_i/alu_i/n52 (net)
                                                2       0.0000     5.2336 r
  x_sub_system/x_core/ex_block_i/alu_i/U160/I (INVD0BWP12T)
                                                        0.0000     5.2336 r
  x_sub_system/x_core/ex_block_i/alu_i/U160/ZN (INVD0BWP12T)
                                                        0.0339     5.2675 f
  x_sub_system/x_core/ex_block_i/alu_i/n48 (net)
                                                2       0.0000     5.2675 f
  x_sub_system/x_core/ex_block_i/alu_i/U46/C (MAOI222D0BWP12T)
                                                        0.0000     5.2675 f
  x_sub_system/x_core/ex_block_i/alu_i/U46/ZN (MAOI222D0BWP12T)
                                                        0.0745     5.3421 r
  x_sub_system/x_core/ex_block_i/alu_i/n46 (net)
                                                1       0.0000     5.3421 r
  x_sub_system/x_core/ex_block_i/alu_i/U3/B (OAI31D0BWP12T)
                                                        0.0000     5.3421 r
  x_sub_system/x_core/ex_block_i/alu_i/U3/ZN (OAI31D0BWP12T)
                                                        0.0572     5.3993 f
  x_sub_system/x_core/ex_block_i/alu_i/n49 (net)
                                                1       0.0000     5.3993 f
  x_sub_system/x_core/ex_block_i/alu_i/U56/C (OAI211D0BWP12T)
                                                        0.0000     5.3993 f
  x_sub_system/x_core/ex_block_i/alu_i/U56/ZN (OAI211D0BWP12T)
                                                        0.0512     5.4505 r
  x_sub_system/x_core/ex_block_i/alu_i/comparison_result_o (net)
                                                3       0.0000     5.4505 r
  x_sub_system/x_core/ex_block_i/alu_i/comparison_result_o (ibex_alu_RV32B0)
                                                        0.0000     5.4505 r
  x_sub_system/x_core/ex_block_i/branch_decision_o (net)
                                                        0.0000     5.4505 r
  x_sub_system/x_core/ex_block_i/branch_decision_o (ibex_ex_block_2_0_0)
                                                        0.0000     5.4505 r
  x_sub_system/x_core/branch_decision (net)             0.0000     5.4505 r
  x_sub_system/x_core/id_stage_i/branch_decision_i (ibex_id_stage_0_2_0_0_0_0_0_0)
                                                        0.0000     5.4505 r
  x_sub_system/x_core/id_stage_i/branch_decision_i (net)
                                                        0.0000     5.4505 r
  x_sub_system/x_core/id_stage_i/U9/A3 (ND3D0BWP12T)    0.0000     5.4505 r
  x_sub_system/x_core/id_stage_i/U9/ZN (ND3D0BWP12T)    0.0615     5.5121 f
  x_sub_system/x_core/id_stage_i/n80 (net)      2       0.0000     5.5121 f
  x_sub_system/x_core/id_stage_i/U10/A1 (CKND2D0BWP12T)
                                                        0.0000     5.5121 f
  x_sub_system/x_core/id_stage_i/U10/ZN (CKND2D0BWP12T)
                                                        0.0511     5.5631 r
  x_sub_system/x_core/id_stage_i/n155 (net)     2       0.0000     5.5631 r
  x_sub_system/x_core/id_stage_i/U6/C (AO211D0BWP12T)   0.0000     5.5631 r
  x_sub_system/x_core/id_stage_i/U6/Z (AO211D0BWP12T)   0.0719     5.6350 r
  x_sub_system/x_core/id_stage_i/stall_id (net)
                                                4       0.0000     5.6350 r
  x_sub_system/x_core/id_stage_i/U126/A2 (NR3D0BWP12T)
                                                        0.0000     5.6350 r
  x_sub_system/x_core/id_stage_i/U126/ZN (NR3D0BWP12T)
                                                        0.0346     5.6696 f
  x_sub_system/x_core/id_stage_i/en_wb_o (net)
                                                2       0.0000     5.6696 f
  x_sub_system/x_core/id_stage_i/U4/A2 (AN2D0BWP12T)    0.0000     5.6696 f
  x_sub_system/x_core/id_stage_i/U4/Z (AN2D0BWP12T)     0.0508     5.7203 f
  x_sub_system/x_core/id_stage_i/csr_op_en_o (net)
                                                2       0.0000     5.7203 f
  x_sub_system/x_core/id_stage_i/csr_op_en_o (ibex_id_stage_0_2_0_0_0_0_0_0)
                                                        0.0000     5.7203 f
  x_sub_system/x_core/csr_op_en (net)                   0.0000     5.7203 f
  x_sub_system/x_core/cs_registers_i/csr_op_en_i (ibex_cs_registers_0_00000001_0_0_0_0_00000000_00000028_0_00000000_00000004_0_2_0)
                                                        0.0000     5.7203 f
  x_sub_system/x_core/cs_registers_i/csr_op_en_i (net)
                                                        0.0000     5.7203 f
  x_sub_system/x_core/cs_registers_i/U6/B (OAI21D0BWP12T)
                                                        0.0000     5.7203 f
  x_sub_system/x_core/cs_registers_i/U6/ZN (OAI21D0BWP12T)
                                                        0.0332     5.7536 r
  x_sub_system/x_core/cs_registers_i/n255 (net)
                                                2       0.0000     5.7536 r
  x_sub_system/x_core/cs_registers_i/U104/B1 (AOI22D0BWP12T)
                                                        0.0000     5.7536 r
  x_sub_system/x_core/cs_registers_i/U104/ZN (AOI22D0BWP12T)
                                                        0.0472     5.8008 f
  x_sub_system/x_core/cs_registers_i/n247 (net)
                                                1       0.0000     5.8008 f
  x_sub_system/x_core/cs_registers_i/U5/B1 (AOI32D0BWP12T)
                                                        0.0000     5.8008 f
  x_sub_system/x_core/cs_registers_i/U5/ZN (AOI32D0BWP12T)
                                                        0.0725     5.8733 r
  x_sub_system/x_core/cs_registers_i/n248 (net)
                                                1       0.0000     5.8733 r
  x_sub_system/x_core/cs_registers_i/U8/C (OAI211D0BWP12T)
                                                        0.0000     5.8733 r
  x_sub_system/x_core/cs_registers_i/U8/ZN (OAI211D0BWP12T)
                                                        0.0666     5.9399 f
  x_sub_system/x_core/cs_registers_i/n251 (net)
                                                1       0.0000     5.9399 f
  x_sub_system/x_core/cs_registers_i/U7/A3 (OA31D0BWP12T)
                                                        0.0000     5.9399 f
  x_sub_system/x_core/cs_registers_i/U7/Z (OA31D0BWP12T)
                                                        0.1134     6.0532 f
  x_sub_system/x_core/cs_registers_i/illegal_csr_insn_o (net)
                                                4       0.0000     6.0532 f
  x_sub_system/x_core/cs_registers_i/U10/A1 (NR2D0BWP12T)
                                                        0.0000     6.0532 f
  x_sub_system/x_core/cs_registers_i/U10/ZN (NR2D0BWP12T)
                                                        0.1030     6.1562 r
  x_sub_system/x_core/cs_registers_i/n767 (net)
                                                7       0.0000     6.1562 r
  x_sub_system/x_core/cs_registers_i/U9/A1 (CKND2D0BWP12T)
                                                        0.0000     6.1562 r
  x_sub_system/x_core/cs_registers_i/U9/ZN (CKND2D0BWP12T)
                                                        0.0652     6.2214 f
  x_sub_system/x_core/cs_registers_i/n606 (net)
                                                2       0.0000     6.2214 f
  x_sub_system/x_core/cs_registers_i/U11/A2 (NR2D0BWP12T)
                                                        0.0000     6.2214 f
  x_sub_system/x_core/cs_registers_i/U11/ZN (NR2D0BWP12T)
                                                        0.2284     6.4498 r
  x_sub_system/x_core/cs_registers_i/mhpmcounterh_we_0 (net)
                                               19       0.0000     6.4498 r
  x_sub_system/x_core/cs_registers_i/mcycle_counter_i/counterh_we_i (ibex_counter_CounterWidth64_1)
                                                        0.0000     6.4498 r
  x_sub_system/x_core/cs_registers_i/mcycle_counter_i/counterh_we_i (net)
                                                        0.0000     6.4498 r
  x_sub_system/x_core/cs_registers_i/mcycle_counter_i/U5/I (INVD0BWP12T)
                                                        0.0000     6.4498 r
  x_sub_system/x_core/cs_registers_i/mcycle_counter_i/U5/ZN (INVD0BWP12T)
                                                        0.0708     6.5206 f
  x_sub_system/x_core/cs_registers_i/mcycle_counter_i/n3 (net)
                                                4       0.0000     6.5206 f
  x_sub_system/x_core/cs_registers_i/mcycle_counter_i/U25/I (INVD0BWP12T)
                                                        0.0000     6.5206 f
  x_sub_system/x_core/cs_registers_i/mcycle_counter_i/U25/ZN (INVD0BWP12T)
                                                        0.1087     6.6294 r
  x_sub_system/x_core/cs_registers_i/mcycle_counter_i/n304 (net)
                                               15       0.0000     6.6294 r
  x_sub_system/x_core/cs_registers_i/mcycle_counter_i/U3/B2 (INR3D0BWP12T)
                                                        0.0000     6.6294 r
  x_sub_system/x_core/cs_registers_i/mcycle_counter_i/U3/ZN (INR3D0BWP12T)
                                                        0.1089     6.7383 f
  x_sub_system/x_core/cs_registers_i/mcycle_counter_i/n308 (net)
                                               18       0.0000     6.7383 f
  x_sub_system/x_core/cs_registers_i/mcycle_counter_i/U26/I (INVD0BWP12T)
                                                        0.0000     6.7383 f
  x_sub_system/x_core/cs_registers_i/mcycle_counter_i/U26/ZN (INVD0BWP12T)
                                                        0.2054     6.9437 r
  x_sub_system/x_core/cs_registers_i/mcycle_counter_i/n279 (net)
                                               32       0.0000     6.9437 r
  x_sub_system/x_core/cs_registers_i/mcycle_counter_i/U114/I (BUFFD0BWP12T)
                                                        0.0000     6.9437 r
  x_sub_system/x_core/cs_registers_i/mcycle_counter_i/U114/Z (BUFFD0BWP12T)
                                                        0.1472     7.0910 r
  x_sub_system/x_core/cs_registers_i/mcycle_counter_i/n289 (net)
                                               16       0.0000     7.0910 r
  x_sub_system/x_core/cs_registers_i/mcycle_counter_i/U4/A2 (CKND2D0BWP12T)
                                                        0.0000     7.0910 r
  x_sub_system/x_core/cs_registers_i/mcycle_counter_i/U4/ZN (CKND2D0BWP12T)
                                                        0.2622     7.3532 f
  x_sub_system/x_core/cs_registers_i/mcycle_counter_i/n290 (net)
                                               24       0.0000     7.3532 f
  x_sub_system/x_core/cs_registers_i/mcycle_counter_i/U120/I (BUFFD0BWP12T)
                                                        0.0000     7.3532 f
  x_sub_system/x_core/cs_registers_i/mcycle_counter_i/U120/Z (BUFFD0BWP12T)
                                                        0.1680     7.5212 f
  x_sub_system/x_core/cs_registers_i/mcycle_counter_i/n288 (net)
                                               21       0.0000     7.5212 f
  x_sub_system/x_core/cs_registers_i/mcycle_counter_i/U292/B (OAI21D0BWP12T)
                                                        0.0000     7.5212 f
  x_sub_system/x_core/cs_registers_i/mcycle_counter_i/U292/ZN (OAI21D0BWP12T)
                                                        0.0565     7.5778 r
  x_sub_system/x_core/cs_registers_i/mcycle_counter_i/n268 (net)
                                                1       0.0000     7.5778 r
  x_sub_system/x_core/cs_registers_i/mcycle_counter_i/U293/B2 (AOI22D0BWP12T)
                                                        0.0000     7.5778 r
  x_sub_system/x_core/cs_registers_i/mcycle_counter_i/U293/ZN (AOI22D0BWP12T)
                                                        0.0511     7.6289 f
  x_sub_system/x_core/cs_registers_i/mcycle_counter_i/n269 (net)
                                                1       0.0000     7.6289 f
  x_sub_system/x_core/cs_registers_i/mcycle_counter_i/U294/B (OAI31D0BWP12T)
                                                        0.0000     7.6289 f
  x_sub_system/x_core/cs_registers_i/mcycle_counter_i/U294/ZN (OAI31D0BWP12T)
                                                        0.0593     7.6882 r
  x_sub_system/x_core/cs_registers_i/mcycle_counter_i/n27 (net)
                                                1       0.0000     7.6882 r
  x_sub_system/x_core/cs_registers_i/mcycle_counter_i/counter_q_reg[47]/D (DFCNQD1BWP12T)
                                                        0.0000     7.6882 r
  data arrival time                                                7.6882

  clock clk1 (rise edge)                               10.0000    10.0000
  clock network delay (ideal)                           0.0000    10.0000
  clock uncertainty                                    -0.2000     9.8000
  x_sub_system/x_core/cs_registers_i/mcycle_counter_i/counter_q_reg[47]/CP (DFCNQD1BWP12T)
                                                        0.0000     9.8000 r
  library setup time                                   -0.0162     9.7838
  data required time                                               9.7838
  --------------------------------------------------------------------------
  data required time                                               9.7838
  data arrival time                                               -7.6882
  --------------------------------------------------------------------------
  slack (MET)                                                      2.0956


  Startpoint: x_sub_system/x_core/if_stage_i/instr_rdata_alu_id_o_reg[1]
              (rising edge-triggered flip-flop clocked by clk1)
  Endpoint: x_sub_system/x_core/cs_registers_i/mcycle_counter_i/counter_q_reg[41]
            (rising edge-triggered flip-flop clocked by clk1)
  Path Group: clk1
  Path Type: max

  Des/Clust/Port     Wire Load Model       Library
  ------------------------------------------------
  ibex_csr_32_0_0_5  ZeroWireload          tcbn65gplusbwp12twc
  ibex_csr_32_0_0_4  ZeroWireload          tcbn65gplusbwp12twc
  ibex_csr_32_0_0_3  ZeroWireload          tcbn65gplusbwp12twc
  ibex_csr_32_0_0_2  ZeroWireload          tcbn65gplusbwp12twc
  ibex_csr_32_0_0_1  ZeroWireload          tcbn65gplusbwp12twc
  ibex_counter_CounterWidth64_0
                     ZeroWireload          tcbn65gplusbwp12twc
  ibex_fetch_fifo_00000002
                     ZeroWireload          tcbn65gplusbwp12twc
  ibex_counter_CounterWidth64_1
                     ZeroWireload          tcbn65gplusbwp12twc
  ibex_csr_32_0_40000003
                     ZeroWireload          tcbn65gplusbwp12twc
  ibex_csr_32_0_00000001
                     ZeroWireload          tcbn65gplusbwp12twc
  ibex_csr_6_0_0_2   ZeroWireload          tcbn65gplusbwp12twc
  ibex_csr_18_0_0    ZeroWireload          tcbn65gplusbwp12twc
  ibex_csr_32_0_0_6  ZeroWireload          tcbn65gplusbwp12twc
  ibex_csr_6_0_10    ZeroWireload          tcbn65gplusbwp12twc
  ibex_multdiv_fast_RV32M2
                     ZeroWireload          tcbn65gplusbwp12twc
  ibex_controller_0_0
                     ZeroWireload          tcbn65gplusbwp12twc
  ibex_prefetch_buffer_0
                     ZeroWireload          tcbn65gplusbwp12twc
  ibex_cs_registers_0_00000001_0_0_0_0_00000000_00000028_0_00000000_00000004_0_2_0
                     ZeroWireload          tcbn65gplusbwp12twc
  ibex_load_store_unit
                     ZeroWireload          tcbn65gplusbwp12twc
  ibex_ex_block_2_0_0
                     ZeroWireload          tcbn65gplusbwp12twc
  ibex_id_stage_0_2_0_0_0_0_0_0
                     ZeroWireload          tcbn65gplusbwp12twc
  ibex_if_stage_00000000_00000000_0_0_0_0_0
                     ZeroWireload          tcbn65gplusbwp12twc
  prim_clock_gating  ZeroWireload          tcbn65gplusbwp12twc
  ibex_core_00000000_00000000
                     ZeroWireload          tcbn65gplusbwp12twc
  ibex_decoder_0_2_0_0
                     ZeroWireload          tcbn65gplusbwp12twc
  ibex_register_file_ff_0_00000020_0
                     ZeroWireload          tcbn65gplusbwp12twc
  ibex_alu_RV32B0    ZeroWireload          tcbn65gplusbwp12twc
  ibex_wb_stage_0    ZeroWireload          tcbn65gplusbwp12twc

  Point                                       Fanout      Incr       Path
  --------------------------------------------------------------------------
  clock clk1 (rise edge)                                0.0000     0.0000
  clock network delay (ideal)                           0.0000     0.0000
  x_sub_system/x_core/if_stage_i/instr_rdata_alu_id_o_reg[1]/CP (EDFQD1BWP12T)
                                                        0.0000     0.0000 r
  x_sub_system/x_core/if_stage_i/instr_rdata_alu_id_o_reg[1]/Q (EDFQD1BWP12T)
                                                        0.1057     0.1057 r
  x_sub_system/x_core/if_stage_i/instr_rdata_alu_id_o[1] (net)
                                                1       0.0000     0.1057 r
  x_sub_system/x_core/if_stage_i/instr_rdata_alu_id_o[1] (ibex_if_stage_00000000_00000000_0_0_0_0_0)
                                                        0.0000     0.1057 r
  x_sub_system/x_core/instr_rdata_alu_id[1] (net)       0.0000     0.1057 r
  x_sub_system/x_core/id_stage_i/instr_rdata_alu_i[1] (ibex_id_stage_0_2_0_0_0_0_0_0)
                                                        0.0000     0.1057 r
  x_sub_system/x_core/id_stage_i/instr_rdata_alu_i[1] (net)
                                                        0.0000     0.1057 r
  x_sub_system/x_core/id_stage_i/decoder_i/instr_rdata_alu_i[1] (ibex_decoder_0_2_0_0)
                                                        0.0000     0.1057 r
  x_sub_system/x_core/id_stage_i/decoder_i/instr_rdata_alu_i[1] (net)
                                                        0.0000     0.1057 r
  x_sub_system/x_core/id_stage_i/decoder_i/U42/A2 (CKND2D0BWP12T)
                                                        0.0000     0.1057 r
  x_sub_system/x_core/id_stage_i/decoder_i/U42/ZN (CKND2D0BWP12T)
                                                        0.0584     0.1641 f
  x_sub_system/x_core/id_stage_i/decoder_i/n65 (net)
                                                4       0.0000     0.1641 f
  x_sub_system/x_core/id_stage_i/decoder_i/U43/A4 (NR4D0BWP12T)
                                                        0.0000     0.1641 f
  x_sub_system/x_core/id_stage_i/decoder_i/U43/ZN (NR4D0BWP12T)
                                                        0.0922     0.2563 r
  x_sub_system/x_core/id_stage_i/decoder_i/n58 (net)
                                                2       0.0000     0.2563 r
  x_sub_system/x_core/id_stage_i/decoder_i/U44/A3 (ND3D0BWP12T)
                                                        0.0000     0.2563 r
  x_sub_system/x_core/id_stage_i/decoder_i/U44/ZN (ND3D0BWP12T)
                                                        0.0723     0.3286 f
  x_sub_system/x_core/id_stage_i/decoder_i/n83 (net)
                                                3       0.0000     0.3286 f
  x_sub_system/x_core/id_stage_i/decoder_i/U3/A2 (NR2D0BWP12T)
                                                        0.0000     0.3286 f
  x_sub_system/x_core/id_stage_i/decoder_i/U3/ZN (NR2D0BWP12T)
                                                        0.1506     0.4792 r
  x_sub_system/x_core/id_stage_i/decoder_i/n76 (net)
                                               10       0.0000     0.4792 r
  x_sub_system/x_core/id_stage_i/decoder_i/U123/B2 (MAOI22D0BWP12T)
                                                        0.0000     0.4792 r
  x_sub_system/x_core/id_stage_i/decoder_i/U123/ZN (MAOI22D0BWP12T)
                                                        0.1147     0.5939 r
  x_sub_system/x_core/id_stage_i/decoder_i/rf_raddr_a_o[1] (net)
                                                3       0.0000     0.5939 r
  x_sub_system/x_core/id_stage_i/decoder_i/rf_raddr_a_o[1] (ibex_decoder_0_2_0_0)
                                                        0.0000     0.5939 r
  x_sub_system/x_core/id_stage_i/rf_raddr_a_o[1] (net)
                                                        0.0000     0.5939 r
  x_sub_system/x_core/id_stage_i/rf_raddr_a_o[1] (ibex_id_stage_0_2_0_0_0_0_0_0)
                                                        0.0000     0.5939 r
  x_sub_system/x_core/rf_raddr_a[1] (net)               0.0000     0.5939 r
  x_sub_system/x_core/gen_regfile_ff.register_file_i/raddr_a_i[1] (ibex_register_file_ff_0_00000020_0)
                                                        0.0000     0.5939 r
  x_sub_system/x_core/gen_regfile_ff.register_file_i/raddr_a_i[1] (net)
                                                        0.0000     0.5939 r
  x_sub_system/x_core/gen_regfile_ff.register_file_i/U1269/I (INVD0BWP12T)
                                                        0.0000     0.5939 r
  x_sub_system/x_core/gen_regfile_ff.register_file_i/U1269/ZN (INVD0BWP12T)
                                                        0.0290     0.6229 f
  x_sub_system/x_core/gen_regfile_ff.register_file_i/n150 (net)
                                                2       0.0000     0.6229 f
  x_sub_system/x_core/gen_regfile_ff.register_file_i/U8/A2 (CKND2D0BWP12T)
                                                        0.0000     0.6229 f
  x_sub_system/x_core/gen_regfile_ff.register_file_i/U8/ZN (CKND2D0BWP12T)
                                                        0.1283     0.7512 r
  x_sub_system/x_core/gen_regfile_ff.register_file_i/n172 (net)
                                                8       0.0000     0.7512 r
  x_sub_system/x_core/gen_regfile_ff.register_file_i/U1312/A1 (NR2XD0BWP12T)
                                                        0.0000     0.7512 r
  x_sub_system/x_core/gen_regfile_ff.register_file_i/U1312/ZN (NR2XD0BWP12T)
                                                        0.1735     0.9247 f
  x_sub_system/x_core/gen_regfile_ff.register_file_i/n2468 (net)
                                               32       0.0000     0.9247 f
  x_sub_system/x_core/gen_regfile_ff.register_file_i/U2594/B1 (AOI22D0BWP12T)
                                                        0.0000     0.9247 f
  x_sub_system/x_core/gen_regfile_ff.register_file_i/U2594/ZN (AOI22D0BWP12T)
                                                        0.0970     1.0217 r
  x_sub_system/x_core/gen_regfile_ff.register_file_i/n2472 (net)
                                                1       0.0000     1.0217 r
  x_sub_system/x_core/gen_regfile_ff.register_file_i/U2596/A3 (ND4D0BWP12T)
                                                        0.0000     1.0217 r
  x_sub_system/x_core/gen_regfile_ff.register_file_i/U2596/ZN (ND4D0BWP12T)
                                                        0.0686     1.0903 f
  x_sub_system/x_core/gen_regfile_ff.register_file_i/n2514 (net)
                                                1       0.0000     1.0903 f
  x_sub_system/x_core/gen_regfile_ff.register_file_i/U2611/A1 (OR4D0BWP12T)
                                                        0.0000     1.0903 f
  x_sub_system/x_core/gen_regfile_ff.register_file_i/U2611/Z (OR4D0BWP12T)
                                                        0.1572     1.2475 f
  x_sub_system/x_core/gen_regfile_ff.register_file_i/rdata_a_o[21] (net)
                                                2       0.0000     1.2475 f
  x_sub_system/x_core/gen_regfile_ff.register_file_i/rdata_a_o[21] (ibex_register_file_ff_0_00000020_0)
                                                        0.0000     1.2475 f
  x_sub_system/x_core/rf_rdata_a[21] (net)              0.0000     1.2475 f
  x_sub_system/x_core/id_stage_i/rf_rdata_a_i[21] (ibex_id_stage_0_2_0_0_0_0_0_0)
                                                        0.0000     1.2475 f
  x_sub_system/x_core/id_stage_i/rf_rdata_a_i[21] (net)
                                                        0.0000     1.2475 f
  x_sub_system/x_core/id_stage_i/U105/I (BUFFD0BWP12T)
                                                        0.0000     1.2475 f
  x_sub_system/x_core/id_stage_i/U105/Z (BUFFD0BWP12T)
                                                        0.0506     1.2981 f
  x_sub_system/x_core/id_stage_i/multdiv_operand_a_ex_o[21] (net)
                                                2       0.0000     1.2981 f
  x_sub_system/x_core/id_stage_i/multdiv_operand_a_ex_o[21] (ibex_id_stage_0_2_0_0_0_0_0_0)
                                                        0.0000     1.2981 f
  x_sub_system/x_core/multdiv_operand_a_ex[21] (net)    0.0000     1.2981 f
  x_sub_system/x_core/ex_block_i/multdiv_operand_a_i[21] (ibex_ex_block_2_0_0)
                                                        0.0000     1.2981 f
  x_sub_system/x_core/ex_block_i/multdiv_operand_a_i[21] (net)
                                                        0.0000     1.2981 f
  x_sub_system/x_core/ex_block_i/gen_multdiv_fast.multdiv_i/op_a_i[21] (ibex_multdiv_fast_RV32M2)
                                                        0.0000     1.2981 f
  x_sub_system/x_core/ex_block_i/gen_multdiv_fast.multdiv_i/op_a_i[21] (net)
                                                        0.0000     1.2981 f
  x_sub_system/x_core/ex_block_i/gen_multdiv_fast.multdiv_i/U259/A2 (AOI22D1BWP12T)
                                                        0.0000     1.2981 f
  x_sub_system/x_core/ex_block_i/gen_multdiv_fast.multdiv_i/U259/ZN (AOI22D1BWP12T)
                                                        0.2181     1.5162 r
  x_sub_system/x_core/ex_block_i/gen_multdiv_fast.multdiv_i/intadd_11/A[0] (net)
                                               23       0.0000     1.5162 r
  x_sub_system/x_core/ex_block_i/gen_multdiv_fast.multdiv_i/U607/I (INVD0BWP12T)
                                                        0.0000     1.5162 r
  x_sub_system/x_core/ex_block_i/gen_multdiv_fast.multdiv_i/U607/ZN (INVD0BWP12T)
                                                        0.2076     1.7239 f
  x_sub_system/x_core/ex_block_i/gen_multdiv_fast.multdiv_i/n987 (net)
                                               21       0.0000     1.7239 f
  x_sub_system/x_core/ex_block_i/gen_multdiv_fast.multdiv_i/U613/I0 (MUX2ND0BWP12T)
                                                        0.0000     1.7239 f
  x_sub_system/x_core/ex_block_i/gen_multdiv_fast.multdiv_i/U613/ZN (MUX2ND0BWP12T)
                                                        0.0838     1.8077 r
  x_sub_system/x_core/ex_block_i/gen_multdiv_fast.multdiv_i/n472 (net)
                                                3       0.0000     1.8077 r
  x_sub_system/x_core/ex_block_i/gen_multdiv_fast.multdiv_i/U24/I (INVD0BWP12T)
                                                        0.0000     1.8077 r
  x_sub_system/x_core/ex_block_i/gen_multdiv_fast.multdiv_i/U24/ZN (INVD0BWP12T)
                                                        0.0300     1.8376 f
  x_sub_system/x_core/ex_block_i/gen_multdiv_fast.multdiv_i/n474 (net)
                                                2       0.0000     1.8376 f
  x_sub_system/x_core/ex_block_i/gen_multdiv_fast.multdiv_i/U910/A2 (CKND2D0BWP12T)
                                                        0.0000     1.8376 f
  x_sub_system/x_core/ex_block_i/gen_multdiv_fast.multdiv_i/U910/ZN (CKND2D0BWP12T)
                                                        0.1889     2.0265 r
  x_sub_system/x_core/ex_block_i/gen_multdiv_fast.multdiv_i/n981 (net)
                                               17       0.0000     2.0265 r
  x_sub_system/x_core/ex_block_i/gen_multdiv_fast.multdiv_i/U914/C1 (OAI222D0BWP12T)
                                                        0.0000     2.0265 r
  x_sub_system/x_core/ex_block_i/gen_multdiv_fast.multdiv_i/U914/ZN (OAI222D0BWP12T)
                                                        0.1417     2.1682 f
  x_sub_system/x_core/ex_block_i/gen_multdiv_fast.multdiv_i/n479 (net)
                                                1       0.0000     2.1682 f
  x_sub_system/x_core/ex_block_i/gen_multdiv_fast.multdiv_i/U915/S (MUX2ND0BWP12T)
                                                        0.0000     2.1682 f
  x_sub_system/x_core/ex_block_i/gen_multdiv_fast.multdiv_i/U915/ZN (MUX2ND0BWP12T)
                                                        0.0790     2.2472 f
  x_sub_system/x_core/ex_block_i/gen_multdiv_fast.multdiv_i/intadd_11/A[1] (net)
                                                1       0.0000     2.2472 f
  x_sub_system/x_core/ex_block_i/gen_multdiv_fast.multdiv_i/intadd_11/U3/A (FA1D0BWP12T)
                                                        0.0000     2.2472 f
  x_sub_system/x_core/ex_block_i/gen_multdiv_fast.multdiv_i/intadd_11/U3/CO (FA1D0BWP12T)
                                                        0.1412     2.3884 f
  x_sub_system/x_core/ex_block_i/gen_multdiv_fast.multdiv_i/intadd_11/n2 (net)
                                                1       0.0000     2.3884 f
  x_sub_system/x_core/ex_block_i/gen_multdiv_fast.multdiv_i/intadd_11/U2/CI (FA1D0BWP12T)
                                                        0.0000     2.3884 f
  x_sub_system/x_core/ex_block_i/gen_multdiv_fast.multdiv_i/intadd_11/U2/CO (FA1D0BWP12T)
                                                        0.0651     2.4535 f
  x_sub_system/x_core/ex_block_i/gen_multdiv_fast.multdiv_i/intadd_11/n1 (net)
                                                1       0.0000     2.4535 f
  x_sub_system/x_core/ex_block_i/gen_multdiv_fast.multdiv_i/U865/I (INVD0BWP12T)
                                                        0.0000     2.4535 f
  x_sub_system/x_core/ex_block_i/gen_multdiv_fast.multdiv_i/U865/ZN (INVD0BWP12T)
                                                        0.0235     2.4770 r
  x_sub_system/x_core/ex_block_i/gen_multdiv_fast.multdiv_i/DP_OP_71J4_122_6124/n291 (net)
                                                1       0.0000     2.4770 r
  x_sub_system/x_core/ex_block_i/gen_multdiv_fast.multdiv_i/DP_OP_71J4_122_6124/U194/CIX (CMPE42D1BWP12T)
                                                        0.0000     2.4770 r
  x_sub_system/x_core/ex_block_i/gen_multdiv_fast.multdiv_i/DP_OP_71J4_122_6124/U194/S (CMPE42D1BWP12T)
                                                        0.0823     2.5593 r
  x_sub_system/x_core/ex_block_i/gen_multdiv_fast.multdiv_i/DP_OP_71J4_122_6124/n290 (net)
                                                1       0.0000     2.5593 r
  x_sub_system/x_core/ex_block_i/gen_multdiv_fast.multdiv_i/U856/I (INVD0BWP12T)
                                                        0.0000     2.5593 r
  x_sub_system/x_core/ex_block_i/gen_multdiv_fast.multdiv_i/U856/ZN (INVD0BWP12T)
                                                        0.0181     2.5774 f
  x_sub_system/x_core/ex_block_i/gen_multdiv_fast.multdiv_i/intadd_9/A[6] (net)
                                                1       0.0000     2.5774 f
  x_sub_system/x_core/ex_block_i/gen_multdiv_fast.multdiv_i/intadd_9/U27/A (FA1D0BWP12T)
                                                        0.0000     2.5774 f
  x_sub_system/x_core/ex_block_i/gen_multdiv_fast.multdiv_i/intadd_9/U27/CO (FA1D0BWP12T)
                                                        0.1268     2.7042 f
  x_sub_system/x_core/ex_block_i/gen_multdiv_fast.multdiv_i/intadd_9/n26 (net)
                                                1       0.0000     2.7042 f
  x_sub_system/x_core/ex_block_i/gen_multdiv_fast.multdiv_i/intadd_9/U26/CI (FA1D0BWP12T)
                                                        0.0000     2.7042 f
  x_sub_system/x_core/ex_block_i/gen_multdiv_fast.multdiv_i/intadd_9/U26/CO (FA1D0BWP12T)
                                                        0.0688     2.7730 f
  x_sub_system/x_core/ex_block_i/gen_multdiv_fast.multdiv_i/intadd_9/n25 (net)
                                                1       0.0000     2.7730 f
  x_sub_system/x_core/ex_block_i/gen_multdiv_fast.multdiv_i/intadd_9/U25/CI (FA1D0BWP12T)
                                                        0.0000     2.7730 f
  x_sub_system/x_core/ex_block_i/gen_multdiv_fast.multdiv_i/intadd_9/U25/CO (FA1D0BWP12T)
                                                        0.0688     2.8419 f
  x_sub_system/x_core/ex_block_i/gen_multdiv_fast.multdiv_i/intadd_9/n24 (net)
                                                1       0.0000     2.8419 f
  x_sub_system/x_core/ex_block_i/gen_multdiv_fast.multdiv_i/intadd_9/U24/CI (FA1D0BWP12T)
                                                        0.0000     2.8419 f
  x_sub_system/x_core/ex_block_i/gen_multdiv_fast.multdiv_i/intadd_9/U24/CO (FA1D0BWP12T)
                                                        0.0688     2.9107 f
  x_sub_system/x_core/ex_block_i/gen_multdiv_fast.multdiv_i/intadd_9/n23 (net)
                                                1       0.0000     2.9107 f
  x_sub_system/x_core/ex_block_i/gen_multdiv_fast.multdiv_i/intadd_9/U23/CI (FA1D0BWP12T)
                                                        0.0000     2.9107 f
  x_sub_system/x_core/ex_block_i/gen_multdiv_fast.multdiv_i/intadd_9/U23/CO (FA1D0BWP12T)
                                                        0.0688     2.9796 f
  x_sub_system/x_core/ex_block_i/gen_multdiv_fast.multdiv_i/intadd_9/n22 (net)
                                                1       0.0000     2.9796 f
  x_sub_system/x_core/ex_block_i/gen_multdiv_fast.multdiv_i/intadd_9/U22/CI (FA1D0BWP12T)
                                                        0.0000     2.9796 f
  x_sub_system/x_core/ex_block_i/gen_multdiv_fast.multdiv_i/intadd_9/U22/CO (FA1D0BWP12T)
                                                        0.0688     3.0484 f
  x_sub_system/x_core/ex_block_i/gen_multdiv_fast.multdiv_i/intadd_9/n21 (net)
                                                1       0.0000     3.0484 f
  x_sub_system/x_core/ex_block_i/gen_multdiv_fast.multdiv_i/intadd_9/U21/CI (FA1D0BWP12T)
                                                        0.0000     3.0484 f
  x_sub_system/x_core/ex_block_i/gen_multdiv_fast.multdiv_i/intadd_9/U21/CO (FA1D0BWP12T)
                                                        0.0688     3.1172 f
  x_sub_system/x_core/ex_block_i/gen_multdiv_fast.multdiv_i/intadd_9/n20 (net)
                                                1       0.0000     3.1172 f
  x_sub_system/x_core/ex_block_i/gen_multdiv_fast.multdiv_i/intadd_9/U20/CI (FA1D0BWP12T)
                                                        0.0000     3.1172 f
  x_sub_system/x_core/ex_block_i/gen_multdiv_fast.multdiv_i/intadd_9/U20/CO (FA1D0BWP12T)
                                                        0.0688     3.1861 f
  x_sub_system/x_core/ex_block_i/gen_multdiv_fast.multdiv_i/intadd_9/n19 (net)
                                                1       0.0000     3.1861 f
  x_sub_system/x_core/ex_block_i/gen_multdiv_fast.multdiv_i/intadd_9/U19/CI (FA1D0BWP12T)
                                                        0.0000     3.1861 f
  x_sub_system/x_core/ex_block_i/gen_multdiv_fast.multdiv_i/intadd_9/U19/CO (FA1D0BWP12T)
                                                        0.0688     3.2549 f
  x_sub_system/x_core/ex_block_i/gen_multdiv_fast.multdiv_i/intadd_9/n18 (net)
                                                1       0.0000     3.2549 f
  x_sub_system/x_core/ex_block_i/gen_multdiv_fast.multdiv_i/intadd_9/U18/CI (FA1D0BWP12T)
                                                        0.0000     3.2549 f
  x_sub_system/x_core/ex_block_i/gen_multdiv_fast.multdiv_i/intadd_9/U18/CO (FA1D0BWP12T)
                                                        0.0688     3.3238 f
  x_sub_system/x_core/ex_block_i/gen_multdiv_fast.multdiv_i/intadd_9/n17 (net)
                                                1       0.0000     3.3238 f
  x_sub_system/x_core/ex_block_i/gen_multdiv_fast.multdiv_i/intadd_9/U17/CI (FA1D0BWP12T)
                                                        0.0000     3.3238 f
  x_sub_system/x_core/ex_block_i/gen_multdiv_fast.multdiv_i/intadd_9/U17/CO (FA1D0BWP12T)
                                                        0.0688     3.3926 f
  x_sub_system/x_core/ex_block_i/gen_multdiv_fast.multdiv_i/intadd_9/n16 (net)
                                                1       0.0000     3.3926 f
  x_sub_system/x_core/ex_block_i/gen_multdiv_fast.multdiv_i/intadd_9/U16/CI (FA1D0BWP12T)
                                                        0.0000     3.3926 f
  x_sub_system/x_core/ex_block_i/gen_multdiv_fast.multdiv_i/intadd_9/U16/CO (FA1D0BWP12T)
                                                        0.0688     3.4615 f
  x_sub_system/x_core/ex_block_i/gen_multdiv_fast.multdiv_i/intadd_9/n15 (net)
                                                1       0.0000     3.4615 f
  x_sub_system/x_core/ex_block_i/gen_multdiv_fast.multdiv_i/intadd_9/U15/CI (FA1D0BWP12T)
                                                        0.0000     3.4615 f
  x_sub_system/x_core/ex_block_i/gen_multdiv_fast.multdiv_i/intadd_9/U15/CO (FA1D0BWP12T)
                                                        0.0688     3.5303 f
  x_sub_system/x_core/ex_block_i/gen_multdiv_fast.multdiv_i/intadd_9/n14 (net)
                                                1       0.0000     3.5303 f
  x_sub_system/x_core/ex_block_i/gen_multdiv_fast.multdiv_i/intadd_9/U14/CI (FA1D0BWP12T)
                                                        0.0000     3.5303 f
  x_sub_system/x_core/ex_block_i/gen_multdiv_fast.multdiv_i/intadd_9/U14/CO (FA1D0BWP12T)
                                                        0.0688     3.5991 f
  x_sub_system/x_core/ex_block_i/gen_multdiv_fast.multdiv_i/intadd_9/n13 (net)
                                                1       0.0000     3.5991 f
  x_sub_system/x_core/ex_block_i/gen_multdiv_fast.multdiv_i/intadd_9/U13/CI (FA1D0BWP12T)
                                                        0.0000     3.5991 f
  x_sub_system/x_core/ex_block_i/gen_multdiv_fast.multdiv_i/intadd_9/U13/CO (FA1D0BWP12T)
                                                        0.0688     3.6680 f
  x_sub_system/x_core/ex_block_i/gen_multdiv_fast.multdiv_i/intadd_9/n12 (net)
                                                1       0.0000     3.6680 f
  x_sub_system/x_core/ex_block_i/gen_multdiv_fast.multdiv_i/intadd_9/U12/CI (FA1D0BWP12T)
                                                        0.0000     3.6680 f
  x_sub_system/x_core/ex_block_i/gen_multdiv_fast.multdiv_i/intadd_9/U12/CO (FA1D0BWP12T)
                                                        0.0688     3.7368 f
  x_sub_system/x_core/ex_block_i/gen_multdiv_fast.multdiv_i/intadd_9/n11 (net)
                                                1       0.0000     3.7368 f
  x_sub_system/x_core/ex_block_i/gen_multdiv_fast.multdiv_i/intadd_9/U11/CI (FA1D0BWP12T)
                                                        0.0000     3.7368 f
  x_sub_system/x_core/ex_block_i/gen_multdiv_fast.multdiv_i/intadd_9/U11/CO (FA1D0BWP12T)
                                                        0.0688     3.8057 f
  x_sub_system/x_core/ex_block_i/gen_multdiv_fast.multdiv_i/intadd_9/n10 (net)
                                                1       0.0000     3.8057 f
  x_sub_system/x_core/ex_block_i/gen_multdiv_fast.multdiv_i/intadd_9/U10/CI (FA1D0BWP12T)
                                                        0.0000     3.8057 f
  x_sub_system/x_core/ex_block_i/gen_multdiv_fast.multdiv_i/intadd_9/U10/CO (FA1D0BWP12T)
                                                        0.0688     3.8745 f
  x_sub_system/x_core/ex_block_i/gen_multdiv_fast.multdiv_i/intadd_9/n9 (net)
                                                1       0.0000     3.8745 f
  x_sub_system/x_core/ex_block_i/gen_multdiv_fast.multdiv_i/intadd_9/U9/CI (FA1D0BWP12T)
                                                        0.0000     3.8745 f
  x_sub_system/x_core/ex_block_i/gen_multdiv_fast.multdiv_i/intadd_9/U9/CO (FA1D0BWP12T)
                                                        0.0688     3.9434 f
  x_sub_system/x_core/ex_block_i/gen_multdiv_fast.multdiv_i/intadd_9/n8 (net)
                                                1       0.0000     3.9434 f
  x_sub_system/x_core/ex_block_i/gen_multdiv_fast.multdiv_i/intadd_9/U8/CI (FA1D0BWP12T)
                                                        0.0000     3.9434 f
  x_sub_system/x_core/ex_block_i/gen_multdiv_fast.multdiv_i/intadd_9/U8/CO (FA1D0BWP12T)
                                                        0.0688     4.0122 f
  x_sub_system/x_core/ex_block_i/gen_multdiv_fast.multdiv_i/intadd_9/n7 (net)
                                                1       0.0000     4.0122 f
  x_sub_system/x_core/ex_block_i/gen_multdiv_fast.multdiv_i/intadd_9/U7/CI (FA1D0BWP12T)
                                                        0.0000     4.0122 f
  x_sub_system/x_core/ex_block_i/gen_multdiv_fast.multdiv_i/intadd_9/U7/CO (FA1D0BWP12T)
                                                        0.0688     4.0811 f
  x_sub_system/x_core/ex_block_i/gen_multdiv_fast.multdiv_i/intadd_9/n6 (net)
                                                1       0.0000     4.0811 f
  x_sub_system/x_core/ex_block_i/gen_multdiv_fast.multdiv_i/intadd_9/U6/CI (FA1D0BWP12T)
                                                        0.0000     4.0811 f
  x_sub_system/x_core/ex_block_i/gen_multdiv_fast.multdiv_i/intadd_9/U6/CO (FA1D0BWP12T)
                                                        0.0688     4.1499 f
  x_sub_system/x_core/ex_block_i/gen_multdiv_fast.multdiv_i/intadd_9/n5 (net)
                                                1       0.0000     4.1499 f
  x_sub_system/x_core/ex_block_i/gen_multdiv_fast.multdiv_i/intadd_9/U5/CI (FA1D0BWP12T)
                                                        0.0000     4.1499 f
  x_sub_system/x_core/ex_block_i/gen_multdiv_fast.multdiv_i/intadd_9/U5/CO (FA1D0BWP12T)
                                                        0.0688     4.2187 f
  x_sub_system/x_core/ex_block_i/gen_multdiv_fast.multdiv_i/intadd_9/n4 (net)
                                                1       0.0000     4.2187 f
  x_sub_system/x_core/ex_block_i/gen_multdiv_fast.multdiv_i/intadd_9/U4/CI (FA1D0BWP12T)
                                                        0.0000     4.2187 f
  x_sub_system/x_core/ex_block_i/gen_multdiv_fast.multdiv_i/intadd_9/U4/CO (FA1D0BWP12T)
                                                        0.0688     4.2876 f
  x_sub_system/x_core/ex_block_i/gen_multdiv_fast.multdiv_i/intadd_9/n3 (net)
                                                1       0.0000     4.2876 f
  x_sub_system/x_core/ex_block_i/gen_multdiv_fast.multdiv_i/intadd_9/U3/CI (FA1D0BWP12T)
                                                        0.0000     4.2876 f
  x_sub_system/x_core/ex_block_i/gen_multdiv_fast.multdiv_i/intadd_9/U3/S (FA1D0BWP12T)
                                                        0.0683     4.3558 f
  x_sub_system/x_core/ex_block_i/gen_multdiv_fast.multdiv_i/intadd_9/SUM[30] (net)
                                                1       0.0000     4.3558 f
  x_sub_system/x_core/ex_block_i/gen_multdiv_fast.multdiv_i/U170/B2 (AO221D0BWP12T)
                                                        0.0000     4.3558 f
  x_sub_system/x_core/ex_block_i/gen_multdiv_fast.multdiv_i/U170/Z (AO221D0BWP12T)
                                                        0.1410     4.4969 f
  x_sub_system/x_core/ex_block_i/gen_multdiv_fast.multdiv_i/n426 (net)
                                                2       0.0000     4.4969 f
  x_sub_system/x_core/ex_block_i/gen_multdiv_fast.multdiv_i/U833/B (OAI21D0BWP12T)
                                                        0.0000     4.4969 f
  x_sub_system/x_core/ex_block_i/gen_multdiv_fast.multdiv_i/U833/ZN (OAI21D0BWP12T)
                                                        0.0402     4.5370 r
  x_sub_system/x_core/ex_block_i/gen_multdiv_fast.multdiv_i/multdiv_result_o[30] (net)
                                                2       0.0000     4.5370 r
  x_sub_system/x_core/ex_block_i/gen_multdiv_fast.multdiv_i/multdiv_result_o[30] (ibex_multdiv_fast_RV32M2)
                                                        0.0000     4.5370 r
  x_sub_system/x_core/ex_block_i/multdiv_result[30] (net)
                                                        0.0000     4.5370 r
  x_sub_system/x_core/ex_block_i/U50/I1 (MUX2D0BWP12T)
                                                        0.0000     4.5370 r
  x_sub_system/x_core/ex_block_i/U50/Z (MUX2D0BWP12T)   0.0917     4.6287 r
  x_sub_system/x_core/ex_block_i/alu_operand_b_i_true[30] (net)
                                                5       0.0000     4.6287 r
  x_sub_system/x_core/ex_block_i/alu_i/operand_b_i[30] (ibex_alu_RV32B0)
                                                        0.0000     4.6287 r
  x_sub_system/x_core/ex_block_i/alu_i/operand_b_i[30] (net)
                                                        0.0000     4.6287 r
  x_sub_system/x_core/ex_block_i/alu_i/U712/I (INVD0BWP12T)
                                                        0.0000     4.6287 r
  x_sub_system/x_core/ex_block_i/alu_i/U712/ZN (INVD0BWP12T)
                                                        0.0253     4.6540 f
  x_sub_system/x_core/ex_block_i/alu_i/n582 (net)
                                                1       0.0000     4.6540 f
  x_sub_system/x_core/ex_block_i/alu_i/U5/B2 (AOI221D0BWP12T)
                                                        0.0000     4.6540 f
  x_sub_system/x_core/ex_block_i/alu_i/U5/ZN (AOI221D0BWP12T)
                                                        0.1329     4.7868 r
  x_sub_system/x_core/ex_block_i/alu_i/intadd_8/B[30] (net)
                                                1       0.0000     4.7868 r
  x_sub_system/x_core/ex_block_i/alu_i/intadd_8/U2/B (FA1D0BWP12T)
                                                        0.0000     4.7868 r
  x_sub_system/x_core/ex_block_i/alu_i/intadd_8/U2/CO (FA1D0BWP12T)
                                                        0.1322     4.9191 r
  x_sub_system/x_core/ex_block_i/alu_i/intadd_8/n1 (net)
                                                1       0.0000     4.9191 r
  x_sub_system/x_core/ex_block_i/alu_i/U6/A2 (XOR3D0BWP12T)
                                                        0.0000     4.9191 r
  x_sub_system/x_core/ex_block_i/alu_i/U6/Z (XOR3D0BWP12T)
                                                        0.1726     5.0916 r
  x_sub_system/x_core/ex_block_i/alu_i/adder_result_o[31] (net)
                                                9       0.0000     5.0916 r
  x_sub_system/x_core/ex_block_i/alu_i/U151/B2 (OAI22D0BWP12T)
                                                        0.0000     5.0916 r
  x_sub_system/x_core/ex_block_i/alu_i/U151/ZN (OAI22D0BWP12T)
                                                        0.0587     5.1504 f
  x_sub_system/x_core/ex_block_i/alu_i/n34 (net)
                                                1       0.0000     5.1504 f
  x_sub_system/x_core/ex_block_i/alu_i/U52/B (AOI31D0BWP12T)
                                                        0.0000     5.1504 f
  x_sub_system/x_core/ex_block_i/alu_i/U52/ZN (AOI31D0BWP12T)
                                                        0.0833     5.2336 r
  x_sub_system/x_core/ex_block_i/alu_i/n52 (net)
                                                2       0.0000     5.2336 r
  x_sub_system/x_core/ex_block_i/alu_i/U160/I (INVD0BWP12T)
                                                        0.0000     5.2336 r
  x_sub_system/x_core/ex_block_i/alu_i/U160/ZN (INVD0BWP12T)
                                                        0.0339     5.2675 f
  x_sub_system/x_core/ex_block_i/alu_i/n48 (net)
                                                2       0.0000     5.2675 f
  x_sub_system/x_core/ex_block_i/alu_i/U46/C (MAOI222D0BWP12T)
                                                        0.0000     5.2675 f
  x_sub_system/x_core/ex_block_i/alu_i/U46/ZN (MAOI222D0BWP12T)
                                                        0.0745     5.3421 r
  x_sub_system/x_core/ex_block_i/alu_i/n46 (net)
                                                1       0.0000     5.3421 r
  x_sub_system/x_core/ex_block_i/alu_i/U3/B (OAI31D0BWP12T)
                                                        0.0000     5.3421 r
  x_sub_system/x_core/ex_block_i/alu_i/U3/ZN (OAI31D0BWP12T)
                                                        0.0572     5.3993 f
  x_sub_system/x_core/ex_block_i/alu_i/n49 (net)
                                                1       0.0000     5.3993 f
  x_sub_system/x_core/ex_block_i/alu_i/U56/C (OAI211D0BWP12T)
                                                        0.0000     5.3993 f
  x_sub_system/x_core/ex_block_i/alu_i/U56/ZN (OAI211D0BWP12T)
                                                        0.0512     5.4505 r
  x_sub_system/x_core/ex_block_i/alu_i/comparison_result_o (net)
                                                3       0.0000     5.4505 r
  x_sub_system/x_core/ex_block_i/alu_i/comparison_result_o (ibex_alu_RV32B0)
                                                        0.0000     5.4505 r
  x_sub_system/x_core/ex_block_i/branch_decision_o (net)
                                                        0.0000     5.4505 r
  x_sub_system/x_core/ex_block_i/branch_decision_o (ibex_ex_block_2_0_0)
                                                        0.0000     5.4505 r
  x_sub_system/x_core/branch_decision (net)             0.0000     5.4505 r
  x_sub_system/x_core/id_stage_i/branch_decision_i (ibex_id_stage_0_2_0_0_0_0_0_0)
                                                        0.0000     5.4505 r
  x_sub_system/x_core/id_stage_i/branch_decision_i (net)
                                                        0.0000     5.4505 r
  x_sub_system/x_core/id_stage_i/U9/A3 (ND3D0BWP12T)    0.0000     5.4505 r
  x_sub_system/x_core/id_stage_i/U9/ZN (ND3D0BWP12T)    0.0615     5.5121 f
  x_sub_system/x_core/id_stage_i/n80 (net)      2       0.0000     5.5121 f
  x_sub_system/x_core/id_stage_i/U10/A1 (CKND2D0BWP12T)
                                                        0.0000     5.5121 f
  x_sub_system/x_core/id_stage_i/U10/ZN (CKND2D0BWP12T)
                                                        0.0511     5.5631 r
  x_sub_system/x_core/id_stage_i/n155 (net)     2       0.0000     5.5631 r
  x_sub_system/x_core/id_stage_i/U6/C (AO211D0BWP12T)   0.0000     5.5631 r
  x_sub_system/x_core/id_stage_i/U6/Z (AO211D0BWP12T)   0.0719     5.6350 r
  x_sub_system/x_core/id_stage_i/stall_id (net)
                                                4       0.0000     5.6350 r
  x_sub_system/x_core/id_stage_i/U126/A2 (NR3D0BWP12T)
                                                        0.0000     5.6350 r
  x_sub_system/x_core/id_stage_i/U126/ZN (NR3D0BWP12T)
                                                        0.0346     5.6696 f
  x_sub_system/x_core/id_stage_i/en_wb_o (net)
                                                2       0.0000     5.6696 f
  x_sub_system/x_core/id_stage_i/U4/A2 (AN2D0BWP12T)    0.0000     5.6696 f
  x_sub_system/x_core/id_stage_i/U4/Z (AN2D0BWP12T)     0.0508     5.7203 f
  x_sub_system/x_core/id_stage_i/csr_op_en_o (net)
                                                2       0.0000     5.7203 f
  x_sub_system/x_core/id_stage_i/csr_op_en_o (ibex_id_stage_0_2_0_0_0_0_0_0)
                                                        0.0000     5.7203 f
  x_sub_system/x_core/csr_op_en (net)                   0.0000     5.7203 f
  x_sub_system/x_core/cs_registers_i/csr_op_en_i (ibex_cs_registers_0_00000001_0_0_0_0_00000000_00000028_0_00000000_00000004_0_2_0)
                                                        0.0000     5.7203 f
  x_sub_system/x_core/cs_registers_i/csr_op_en_i (net)
                                                        0.0000     5.7203 f
  x_sub_system/x_core/cs_registers_i/U6/B (OAI21D0BWP12T)
                                                        0.0000     5.7203 f
  x_sub_system/x_core/cs_registers_i/U6/ZN (OAI21D0BWP12T)
                                                        0.0332     5.7536 r
  x_sub_system/x_core/cs_registers_i/n255 (net)
                                                2       0.0000     5.7536 r
  x_sub_system/x_core/cs_registers_i/U104/B1 (AOI22D0BWP12T)
                                                        0.0000     5.7536 r
  x_sub_system/x_core/cs_registers_i/U104/ZN (AOI22D0BWP12T)
                                                        0.0472     5.8008 f
  x_sub_system/x_core/cs_registers_i/n247 (net)
                                                1       0.0000     5.8008 f
  x_sub_system/x_core/cs_registers_i/U5/B1 (AOI32D0BWP12T)
                                                        0.0000     5.8008 f
  x_sub_system/x_core/cs_registers_i/U5/ZN (AOI32D0BWP12T)
                                                        0.0725     5.8733 r
  x_sub_system/x_core/cs_registers_i/n248 (net)
                                                1       0.0000     5.8733 r
  x_sub_system/x_core/cs_registers_i/U8/C (OAI211D0BWP12T)
                                                        0.0000     5.8733 r
  x_sub_system/x_core/cs_registers_i/U8/ZN (OAI211D0BWP12T)
                                                        0.0666     5.9399 f
  x_sub_system/x_core/cs_registers_i/n251 (net)
                                                1       0.0000     5.9399 f
  x_sub_system/x_core/cs_registers_i/U7/A3 (OA31D0BWP12T)
                                                        0.0000     5.9399 f
  x_sub_system/x_core/cs_registers_i/U7/Z (OA31D0BWP12T)
                                                        0.1134     6.0532 f
  x_sub_system/x_core/cs_registers_i/illegal_csr_insn_o (net)
                                                4       0.0000     6.0532 f
  x_sub_system/x_core/cs_registers_i/U10/A1 (NR2D0BWP12T)
                                                        0.0000     6.0532 f
  x_sub_system/x_core/cs_registers_i/U10/ZN (NR2D0BWP12T)
                                                        0.1030     6.1562 r
  x_sub_system/x_core/cs_registers_i/n767 (net)
                                                7       0.0000     6.1562 r
  x_sub_system/x_core/cs_registers_i/U9/A1 (CKND2D0BWP12T)
                                                        0.0000     6.1562 r
  x_sub_system/x_core/cs_registers_i/U9/ZN (CKND2D0BWP12T)
                                                        0.0652     6.2214 f
  x_sub_system/x_core/cs_registers_i/n606 (net)
                                                2       0.0000     6.2214 f
  x_sub_system/x_core/cs_registers_i/U11/A2 (NR2D0BWP12T)
                                                        0.0000     6.2214 f
  x_sub_system/x_core/cs_registers_i/U11/ZN (NR2D0BWP12T)
                                                        0.2284     6.4498 r
  x_sub_system/x_core/cs_registers_i/mhpmcounterh_we_0 (net)
                                               19       0.0000     6.4498 r
  x_sub_system/x_core/cs_registers_i/mcycle_counter_i/counterh_we_i (ibex_counter_CounterWidth64_1)
                                                        0.0000     6.4498 r
  x_sub_system/x_core/cs_registers_i/mcycle_counter_i/counterh_we_i (net)
                                                        0.0000     6.4498 r
  x_sub_system/x_core/cs_registers_i/mcycle_counter_i/U5/I (INVD0BWP12T)
                                                        0.0000     6.4498 r
  x_sub_system/x_core/cs_registers_i/mcycle_counter_i/U5/ZN (INVD0BWP12T)
                                                        0.0708     6.5206 f
  x_sub_system/x_core/cs_registers_i/mcycle_counter_i/n3 (net)
                                                4       0.0000     6.5206 f
  x_sub_system/x_core/cs_registers_i/mcycle_counter_i/U25/I (INVD0BWP12T)
                                                        0.0000     6.5206 f
  x_sub_system/x_core/cs_registers_i/mcycle_counter_i/U25/ZN (INVD0BWP12T)
                                                        0.1087     6.6294 r
  x_sub_system/x_core/cs_registers_i/mcycle_counter_i/n304 (net)
                                               15       0.0000     6.6294 r
  x_sub_system/x_core/cs_registers_i/mcycle_counter_i/U3/B2 (INR3D0BWP12T)
                                                        0.0000     6.6294 r
  x_sub_system/x_core/cs_registers_i/mcycle_counter_i/U3/ZN (INR3D0BWP12T)
                                                        0.1089     6.7383 f
  x_sub_system/x_core/cs_registers_i/mcycle_counter_i/n308 (net)
                                               18       0.0000     6.7383 f
  x_sub_system/x_core/cs_registers_i/mcycle_counter_i/U26/I (INVD0BWP12T)
                                                        0.0000     6.7383 f
  x_sub_system/x_core/cs_registers_i/mcycle_counter_i/U26/ZN (INVD0BWP12T)
                                                        0.2054     6.9437 r
  x_sub_system/x_core/cs_registers_i/mcycle_counter_i/n279 (net)
                                               32       0.0000     6.9437 r
  x_sub_system/x_core/cs_registers_i/mcycle_counter_i/U114/I (BUFFD0BWP12T)
                                                        0.0000     6.9437 r
  x_sub_system/x_core/cs_registers_i/mcycle_counter_i/U114/Z (BUFFD0BWP12T)
                                                        0.1472     7.0910 r
  x_sub_system/x_core/cs_registers_i/mcycle_counter_i/n289 (net)
                                               16       0.0000     7.0910 r
  x_sub_system/x_core/cs_registers_i/mcycle_counter_i/U4/A2 (CKND2D0BWP12T)
                                                        0.0000     7.0910 r
  x_sub_system/x_core/cs_registers_i/mcycle_counter_i/U4/ZN (CKND2D0BWP12T)
                                                        0.2622     7.3532 f
  x_sub_system/x_core/cs_registers_i/mcycle_counter_i/n290 (net)
                                               24       0.0000     7.3532 f
  x_sub_system/x_core/cs_registers_i/mcycle_counter_i/U120/I (BUFFD0BWP12T)
                                                        0.0000     7.3532 f
  x_sub_system/x_core/cs_registers_i/mcycle_counter_i/U120/Z (BUFFD0BWP12T)
                                                        0.1680     7.5212 f
  x_sub_system/x_core/cs_registers_i/mcycle_counter_i/n288 (net)
                                               21       0.0000     7.5212 f
  x_sub_system/x_core/cs_registers_i/mcycle_counter_i/U289/B (OAI21D0BWP12T)
                                                        0.0000     7.5212 f
  x_sub_system/x_core/cs_registers_i/mcycle_counter_i/U289/ZN (OAI21D0BWP12T)
                                                        0.0565     7.5778 r
  x_sub_system/x_core/cs_registers_i/mcycle_counter_i/n264 (net)
                                                1       0.0000     7.5778 r
  x_sub_system/x_core/cs_registers_i/mcycle_counter_i/U290/B2 (AOI22D0BWP12T)
                                                        0.0000     7.5778 r
  x_sub_system/x_core/cs_registers_i/mcycle_counter_i/U290/ZN (AOI22D0BWP12T)
                                                        0.0511     7.6289 f
  x_sub_system/x_core/cs_registers_i/mcycle_counter_i/n265 (net)
                                                1       0.0000     7.6289 f
  x_sub_system/x_core/cs_registers_i/mcycle_counter_i/U291/B (OAI31D0BWP12T)
                                                        0.0000     7.6289 f
  x_sub_system/x_core/cs_registers_i/mcycle_counter_i/U291/ZN (OAI31D0BWP12T)
                                                        0.0593     7.6882 r
  x_sub_system/x_core/cs_registers_i/mcycle_counter_i/n33 (net)
                                                1       0.0000     7.6882 r
  x_sub_system/x_core/cs_registers_i/mcycle_counter_i/counter_q_reg[41]/D (DFCNQD1BWP12T)
                                                        0.0000     7.6882 r
  data arrival time                                                7.6882

  clock clk1 (rise edge)                               10.0000    10.0000
  clock network delay (ideal)                           0.0000    10.0000
  clock uncertainty                                    -0.2000     9.8000
  x_sub_system/x_core/cs_registers_i/mcycle_counter_i/counter_q_reg[41]/CP (DFCNQD1BWP12T)
                                                        0.0000     9.8000 r
  library setup time                                   -0.0161     9.7839
  data required time                                               9.7839
  --------------------------------------------------------------------------
  data required time                                               9.7839
  data arrival time                                               -7.6882
  --------------------------------------------------------------------------
  slack (MET)                                                      2.0957


  Startpoint: x_sub_system/x_core/if_stage_i/instr_rdata_alu_id_o_reg[1]
              (rising edge-triggered flip-flop clocked by clk1)
  Endpoint: x_sub_system/x_core/cs_registers_i/mcycle_counter_i/counter_q_reg[43]
            (rising edge-triggered flip-flop clocked by clk1)
  Path Group: clk1
  Path Type: max

  Des/Clust/Port     Wire Load Model       Library
  ------------------------------------------------
  ibex_csr_32_0_0_5  ZeroWireload          tcbn65gplusbwp12twc
  ibex_csr_32_0_0_4  ZeroWireload          tcbn65gplusbwp12twc
  ibex_csr_32_0_0_3  ZeroWireload          tcbn65gplusbwp12twc
  ibex_csr_32_0_0_2  ZeroWireload          tcbn65gplusbwp12twc
  ibex_csr_32_0_0_1  ZeroWireload          tcbn65gplusbwp12twc
  ibex_counter_CounterWidth64_0
                     ZeroWireload          tcbn65gplusbwp12twc
  ibex_fetch_fifo_00000002
                     ZeroWireload          tcbn65gplusbwp12twc
  ibex_counter_CounterWidth64_1
                     ZeroWireload          tcbn65gplusbwp12twc
  ibex_csr_32_0_40000003
                     ZeroWireload          tcbn65gplusbwp12twc
  ibex_csr_32_0_00000001
                     ZeroWireload          tcbn65gplusbwp12twc
  ibex_csr_6_0_0_2   ZeroWireload          tcbn65gplusbwp12twc
  ibex_csr_18_0_0    ZeroWireload          tcbn65gplusbwp12twc
  ibex_csr_32_0_0_6  ZeroWireload          tcbn65gplusbwp12twc
  ibex_csr_6_0_10    ZeroWireload          tcbn65gplusbwp12twc
  ibex_multdiv_fast_RV32M2
                     ZeroWireload          tcbn65gplusbwp12twc
  ibex_controller_0_0
                     ZeroWireload          tcbn65gplusbwp12twc
  ibex_prefetch_buffer_0
                     ZeroWireload          tcbn65gplusbwp12twc
  ibex_cs_registers_0_00000001_0_0_0_0_00000000_00000028_0_00000000_00000004_0_2_0
                     ZeroWireload          tcbn65gplusbwp12twc
  ibex_load_store_unit
                     ZeroWireload          tcbn65gplusbwp12twc
  ibex_ex_block_2_0_0
                     ZeroWireload          tcbn65gplusbwp12twc
  ibex_id_stage_0_2_0_0_0_0_0_0
                     ZeroWireload          tcbn65gplusbwp12twc
  ibex_if_stage_00000000_00000000_0_0_0_0_0
                     ZeroWireload          tcbn65gplusbwp12twc
  prim_clock_gating  ZeroWireload          tcbn65gplusbwp12twc
  ibex_core_00000000_00000000
                     ZeroWireload          tcbn65gplusbwp12twc
  ibex_decoder_0_2_0_0
                     ZeroWireload          tcbn65gplusbwp12twc
  ibex_register_file_ff_0_00000020_0
                     ZeroWireload          tcbn65gplusbwp12twc
  ibex_alu_RV32B0    ZeroWireload          tcbn65gplusbwp12twc
  ibex_wb_stage_0    ZeroWireload          tcbn65gplusbwp12twc

  Point                                       Fanout      Incr       Path
  --------------------------------------------------------------------------
  clock clk1 (rise edge)                                0.0000     0.0000
  clock network delay (ideal)                           0.0000     0.0000
  x_sub_system/x_core/if_stage_i/instr_rdata_alu_id_o_reg[1]/CP (EDFQD1BWP12T)
                                                        0.0000     0.0000 r
  x_sub_system/x_core/if_stage_i/instr_rdata_alu_id_o_reg[1]/Q (EDFQD1BWP12T)
                                                        0.1057     0.1057 r
  x_sub_system/x_core/if_stage_i/instr_rdata_alu_id_o[1] (net)
                                                1       0.0000     0.1057 r
  x_sub_system/x_core/if_stage_i/instr_rdata_alu_id_o[1] (ibex_if_stage_00000000_00000000_0_0_0_0_0)
                                                        0.0000     0.1057 r
  x_sub_system/x_core/instr_rdata_alu_id[1] (net)       0.0000     0.1057 r
  x_sub_system/x_core/id_stage_i/instr_rdata_alu_i[1] (ibex_id_stage_0_2_0_0_0_0_0_0)
                                                        0.0000     0.1057 r
  x_sub_system/x_core/id_stage_i/instr_rdata_alu_i[1] (net)
                                                        0.0000     0.1057 r
  x_sub_system/x_core/id_stage_i/decoder_i/instr_rdata_alu_i[1] (ibex_decoder_0_2_0_0)
                                                        0.0000     0.1057 r
  x_sub_system/x_core/id_stage_i/decoder_i/instr_rdata_alu_i[1] (net)
                                                        0.0000     0.1057 r
  x_sub_system/x_core/id_stage_i/decoder_i/U42/A2 (CKND2D0BWP12T)
                                                        0.0000     0.1057 r
  x_sub_system/x_core/id_stage_i/decoder_i/U42/ZN (CKND2D0BWP12T)
                                                        0.0584     0.1641 f
  x_sub_system/x_core/id_stage_i/decoder_i/n65 (net)
                                                4       0.0000     0.1641 f
  x_sub_system/x_core/id_stage_i/decoder_i/U43/A4 (NR4D0BWP12T)
                                                        0.0000     0.1641 f
  x_sub_system/x_core/id_stage_i/decoder_i/U43/ZN (NR4D0BWP12T)
                                                        0.0922     0.2563 r
  x_sub_system/x_core/id_stage_i/decoder_i/n58 (net)
                                                2       0.0000     0.2563 r
  x_sub_system/x_core/id_stage_i/decoder_i/U44/A3 (ND3D0BWP12T)
                                                        0.0000     0.2563 r
  x_sub_system/x_core/id_stage_i/decoder_i/U44/ZN (ND3D0BWP12T)
                                                        0.0723     0.3286 f
  x_sub_system/x_core/id_stage_i/decoder_i/n83 (net)
                                                3       0.0000     0.3286 f
  x_sub_system/x_core/id_stage_i/decoder_i/U3/A2 (NR2D0BWP12T)
                                                        0.0000     0.3286 f
  x_sub_system/x_core/id_stage_i/decoder_i/U3/ZN (NR2D0BWP12T)
                                                        0.1506     0.4792 r
  x_sub_system/x_core/id_stage_i/decoder_i/n76 (net)
                                               10       0.0000     0.4792 r
  x_sub_system/x_core/id_stage_i/decoder_i/U123/B2 (MAOI22D0BWP12T)
                                                        0.0000     0.4792 r
  x_sub_system/x_core/id_stage_i/decoder_i/U123/ZN (MAOI22D0BWP12T)
                                                        0.1147     0.5939 r
  x_sub_system/x_core/id_stage_i/decoder_i/rf_raddr_a_o[1] (net)
                                                3       0.0000     0.5939 r
  x_sub_system/x_core/id_stage_i/decoder_i/rf_raddr_a_o[1] (ibex_decoder_0_2_0_0)
                                                        0.0000     0.5939 r
  x_sub_system/x_core/id_stage_i/rf_raddr_a_o[1] (net)
                                                        0.0000     0.5939 r
  x_sub_system/x_core/id_stage_i/rf_raddr_a_o[1] (ibex_id_stage_0_2_0_0_0_0_0_0)
                                                        0.0000     0.5939 r
  x_sub_system/x_core/rf_raddr_a[1] (net)               0.0000     0.5939 r
  x_sub_system/x_core/gen_regfile_ff.register_file_i/raddr_a_i[1] (ibex_register_file_ff_0_00000020_0)
                                                        0.0000     0.5939 r
  x_sub_system/x_core/gen_regfile_ff.register_file_i/raddr_a_i[1] (net)
                                                        0.0000     0.5939 r
  x_sub_system/x_core/gen_regfile_ff.register_file_i/U1269/I (INVD0BWP12T)
                                                        0.0000     0.5939 r
  x_sub_system/x_core/gen_regfile_ff.register_file_i/U1269/ZN (INVD0BWP12T)
                                                        0.0290     0.6229 f
  x_sub_system/x_core/gen_regfile_ff.register_file_i/n150 (net)
                                                2       0.0000     0.6229 f
  x_sub_system/x_core/gen_regfile_ff.register_file_i/U8/A2 (CKND2D0BWP12T)
                                                        0.0000     0.6229 f
  x_sub_system/x_core/gen_regfile_ff.register_file_i/U8/ZN (CKND2D0BWP12T)
                                                        0.1283     0.7512 r
  x_sub_system/x_core/gen_regfile_ff.register_file_i/n172 (net)
                                                8       0.0000     0.7512 r
  x_sub_system/x_core/gen_regfile_ff.register_file_i/U1312/A1 (NR2XD0BWP12T)
                                                        0.0000     0.7512 r
  x_sub_system/x_core/gen_regfile_ff.register_file_i/U1312/ZN (NR2XD0BWP12T)
                                                        0.1735     0.9247 f
  x_sub_system/x_core/gen_regfile_ff.register_file_i/n2468 (net)
                                               32       0.0000     0.9247 f
  x_sub_system/x_core/gen_regfile_ff.register_file_i/U2594/B1 (AOI22D0BWP12T)
                                                        0.0000     0.9247 f
  x_sub_system/x_core/gen_regfile_ff.register_file_i/U2594/ZN (AOI22D0BWP12T)
                                                        0.0970     1.0217 r
  x_sub_system/x_core/gen_regfile_ff.register_file_i/n2472 (net)
                                                1       0.0000     1.0217 r
  x_sub_system/x_core/gen_regfile_ff.register_file_i/U2596/A3 (ND4D0BWP12T)
                                                        0.0000     1.0217 r
  x_sub_system/x_core/gen_regfile_ff.register_file_i/U2596/ZN (ND4D0BWP12T)
                                                        0.0686     1.0903 f
  x_sub_system/x_core/gen_regfile_ff.register_file_i/n2514 (net)
                                                1       0.0000     1.0903 f
  x_sub_system/x_core/gen_regfile_ff.register_file_i/U2611/A1 (OR4D0BWP12T)
                                                        0.0000     1.0903 f
  x_sub_system/x_core/gen_regfile_ff.register_file_i/U2611/Z (OR4D0BWP12T)
                                                        0.1572     1.2475 f
  x_sub_system/x_core/gen_regfile_ff.register_file_i/rdata_a_o[21] (net)
                                                2       0.0000     1.2475 f
  x_sub_system/x_core/gen_regfile_ff.register_file_i/rdata_a_o[21] (ibex_register_file_ff_0_00000020_0)
                                                        0.0000     1.2475 f
  x_sub_system/x_core/rf_rdata_a[21] (net)              0.0000     1.2475 f
  x_sub_system/x_core/id_stage_i/rf_rdata_a_i[21] (ibex_id_stage_0_2_0_0_0_0_0_0)
                                                        0.0000     1.2475 f
  x_sub_system/x_core/id_stage_i/rf_rdata_a_i[21] (net)
                                                        0.0000     1.2475 f
  x_sub_system/x_core/id_stage_i/U105/I (BUFFD0BWP12T)
                                                        0.0000     1.2475 f
  x_sub_system/x_core/id_stage_i/U105/Z (BUFFD0BWP12T)
                                                        0.0506     1.2981 f
  x_sub_system/x_core/id_stage_i/multdiv_operand_a_ex_o[21] (net)
                                                2       0.0000     1.2981 f
  x_sub_system/x_core/id_stage_i/multdiv_operand_a_ex_o[21] (ibex_id_stage_0_2_0_0_0_0_0_0)
                                                        0.0000     1.2981 f
  x_sub_system/x_core/multdiv_operand_a_ex[21] (net)    0.0000     1.2981 f
  x_sub_system/x_core/ex_block_i/multdiv_operand_a_i[21] (ibex_ex_block_2_0_0)
                                                        0.0000     1.2981 f
  x_sub_system/x_core/ex_block_i/multdiv_operand_a_i[21] (net)
                                                        0.0000     1.2981 f
  x_sub_system/x_core/ex_block_i/gen_multdiv_fast.multdiv_i/op_a_i[21] (ibex_multdiv_fast_RV32M2)
                                                        0.0000     1.2981 f
  x_sub_system/x_core/ex_block_i/gen_multdiv_fast.multdiv_i/op_a_i[21] (net)
                                                        0.0000     1.2981 f
  x_sub_system/x_core/ex_block_i/gen_multdiv_fast.multdiv_i/U259/A2 (AOI22D1BWP12T)
                                                        0.0000     1.2981 f
  x_sub_system/x_core/ex_block_i/gen_multdiv_fast.multdiv_i/U259/ZN (AOI22D1BWP12T)
                                                        0.2181     1.5162 r
  x_sub_system/x_core/ex_block_i/gen_multdiv_fast.multdiv_i/intadd_11/A[0] (net)
                                               23       0.0000     1.5162 r
  x_sub_system/x_core/ex_block_i/gen_multdiv_fast.multdiv_i/U607/I (INVD0BWP12T)
                                                        0.0000     1.5162 r
  x_sub_system/x_core/ex_block_i/gen_multdiv_fast.multdiv_i/U607/ZN (INVD0BWP12T)
                                                        0.2076     1.7239 f
  x_sub_system/x_core/ex_block_i/gen_multdiv_fast.multdiv_i/n987 (net)
                                               21       0.0000     1.7239 f
  x_sub_system/x_core/ex_block_i/gen_multdiv_fast.multdiv_i/U613/I0 (MUX2ND0BWP12T)
                                                        0.0000     1.7239 f
  x_sub_system/x_core/ex_block_i/gen_multdiv_fast.multdiv_i/U613/ZN (MUX2ND0BWP12T)
                                                        0.0838     1.8077 r
  x_sub_system/x_core/ex_block_i/gen_multdiv_fast.multdiv_i/n472 (net)
                                                3       0.0000     1.8077 r
  x_sub_system/x_core/ex_block_i/gen_multdiv_fast.multdiv_i/U24/I (INVD0BWP12T)
                                                        0.0000     1.8077 r
  x_sub_system/x_core/ex_block_i/gen_multdiv_fast.multdiv_i/U24/ZN (INVD0BWP12T)
                                                        0.0300     1.8376 f
  x_sub_system/x_core/ex_block_i/gen_multdiv_fast.multdiv_i/n474 (net)
                                                2       0.0000     1.8376 f
  x_sub_system/x_core/ex_block_i/gen_multdiv_fast.multdiv_i/U910/A2 (CKND2D0BWP12T)
                                                        0.0000     1.8376 f
  x_sub_system/x_core/ex_block_i/gen_multdiv_fast.multdiv_i/U910/ZN (CKND2D0BWP12T)
                                                        0.1889     2.0265 r
  x_sub_system/x_core/ex_block_i/gen_multdiv_fast.multdiv_i/n981 (net)
                                               17       0.0000     2.0265 r
  x_sub_system/x_core/ex_block_i/gen_multdiv_fast.multdiv_i/U914/C1 (OAI222D0BWP12T)
                                                        0.0000     2.0265 r
  x_sub_system/x_core/ex_block_i/gen_multdiv_fast.multdiv_i/U914/ZN (OAI222D0BWP12T)
                                                        0.1417     2.1682 f
  x_sub_system/x_core/ex_block_i/gen_multdiv_fast.multdiv_i/n479 (net)
                                                1       0.0000     2.1682 f
  x_sub_system/x_core/ex_block_i/gen_multdiv_fast.multdiv_i/U915/S (MUX2ND0BWP12T)
                                                        0.0000     2.1682 f
  x_sub_system/x_core/ex_block_i/gen_multdiv_fast.multdiv_i/U915/ZN (MUX2ND0BWP12T)
                                                        0.0790     2.2472 f
  x_sub_system/x_core/ex_block_i/gen_multdiv_fast.multdiv_i/intadd_11/A[1] (net)
                                                1       0.0000     2.2472 f
  x_sub_system/x_core/ex_block_i/gen_multdiv_fast.multdiv_i/intadd_11/U3/A (FA1D0BWP12T)
                                                        0.0000     2.2472 f
  x_sub_system/x_core/ex_block_i/gen_multdiv_fast.multdiv_i/intadd_11/U3/CO (FA1D0BWP12T)
                                                        0.1412     2.3884 f
  x_sub_system/x_core/ex_block_i/gen_multdiv_fast.multdiv_i/intadd_11/n2 (net)
                                                1       0.0000     2.3884 f
  x_sub_system/x_core/ex_block_i/gen_multdiv_fast.multdiv_i/intadd_11/U2/CI (FA1D0BWP12T)
                                                        0.0000     2.3884 f
  x_sub_system/x_core/ex_block_i/gen_multdiv_fast.multdiv_i/intadd_11/U2/CO (FA1D0BWP12T)
                                                        0.0651     2.4535 f
  x_sub_system/x_core/ex_block_i/gen_multdiv_fast.multdiv_i/intadd_11/n1 (net)
                                                1       0.0000     2.4535 f
  x_sub_system/x_core/ex_block_i/gen_multdiv_fast.multdiv_i/U865/I (INVD0BWP12T)
                                                        0.0000     2.4535 f
  x_sub_system/x_core/ex_block_i/gen_multdiv_fast.multdiv_i/U865/ZN (INVD0BWP12T)
                                                        0.0235     2.4770 r
  x_sub_system/x_core/ex_block_i/gen_multdiv_fast.multdiv_i/DP_OP_71J4_122_6124/n291 (net)
                                                1       0.0000     2.4770 r
  x_sub_system/x_core/ex_block_i/gen_multdiv_fast.multdiv_i/DP_OP_71J4_122_6124/U194/CIX (CMPE42D1BWP12T)
                                                        0.0000     2.4770 r
  x_sub_system/x_core/ex_block_i/gen_multdiv_fast.multdiv_i/DP_OP_71J4_122_6124/U194/S (CMPE42D1BWP12T)
                                                        0.0823     2.5593 r
  x_sub_system/x_core/ex_block_i/gen_multdiv_fast.multdiv_i/DP_OP_71J4_122_6124/n290 (net)
                                                1       0.0000     2.5593 r
  x_sub_system/x_core/ex_block_i/gen_multdiv_fast.multdiv_i/U856/I (INVD0BWP12T)
                                                        0.0000     2.5593 r
  x_sub_system/x_core/ex_block_i/gen_multdiv_fast.multdiv_i/U856/ZN (INVD0BWP12T)
                                                        0.0181     2.5774 f
  x_sub_system/x_core/ex_block_i/gen_multdiv_fast.multdiv_i/intadd_9/A[6] (net)
                                                1       0.0000     2.5774 f
  x_sub_system/x_core/ex_block_i/gen_multdiv_fast.multdiv_i/intadd_9/U27/A (FA1D0BWP12T)
                                                        0.0000     2.5774 f
  x_sub_system/x_core/ex_block_i/gen_multdiv_fast.multdiv_i/intadd_9/U27/CO (FA1D0BWP12T)
                                                        0.1268     2.7042 f
  x_sub_system/x_core/ex_block_i/gen_multdiv_fast.multdiv_i/intadd_9/n26 (net)
                                                1       0.0000     2.7042 f
  x_sub_system/x_core/ex_block_i/gen_multdiv_fast.multdiv_i/intadd_9/U26/CI (FA1D0BWP12T)
                                                        0.0000     2.7042 f
  x_sub_system/x_core/ex_block_i/gen_multdiv_fast.multdiv_i/intadd_9/U26/CO (FA1D0BWP12T)
                                                        0.0688     2.7730 f
  x_sub_system/x_core/ex_block_i/gen_multdiv_fast.multdiv_i/intadd_9/n25 (net)
                                                1       0.0000     2.7730 f
  x_sub_system/x_core/ex_block_i/gen_multdiv_fast.multdiv_i/intadd_9/U25/CI (FA1D0BWP12T)
                                                        0.0000     2.7730 f
  x_sub_system/x_core/ex_block_i/gen_multdiv_fast.multdiv_i/intadd_9/U25/CO (FA1D0BWP12T)
                                                        0.0688     2.8419 f
  x_sub_system/x_core/ex_block_i/gen_multdiv_fast.multdiv_i/intadd_9/n24 (net)
                                                1       0.0000     2.8419 f
  x_sub_system/x_core/ex_block_i/gen_multdiv_fast.multdiv_i/intadd_9/U24/CI (FA1D0BWP12T)
                                                        0.0000     2.8419 f
  x_sub_system/x_core/ex_block_i/gen_multdiv_fast.multdiv_i/intadd_9/U24/CO (FA1D0BWP12T)
                                                        0.0688     2.9107 f
  x_sub_system/x_core/ex_block_i/gen_multdiv_fast.multdiv_i/intadd_9/n23 (net)
                                                1       0.0000     2.9107 f
  x_sub_system/x_core/ex_block_i/gen_multdiv_fast.multdiv_i/intadd_9/U23/CI (FA1D0BWP12T)
                                                        0.0000     2.9107 f
  x_sub_system/x_core/ex_block_i/gen_multdiv_fast.multdiv_i/intadd_9/U23/CO (FA1D0BWP12T)
                                                        0.0688     2.9796 f
  x_sub_system/x_core/ex_block_i/gen_multdiv_fast.multdiv_i/intadd_9/n22 (net)
                                                1       0.0000     2.9796 f
  x_sub_system/x_core/ex_block_i/gen_multdiv_fast.multdiv_i/intadd_9/U22/CI (FA1D0BWP12T)
                                                        0.0000     2.9796 f
  x_sub_system/x_core/ex_block_i/gen_multdiv_fast.multdiv_i/intadd_9/U22/CO (FA1D0BWP12T)
                                                        0.0688     3.0484 f
  x_sub_system/x_core/ex_block_i/gen_multdiv_fast.multdiv_i/intadd_9/n21 (net)
                                                1       0.0000     3.0484 f
  x_sub_system/x_core/ex_block_i/gen_multdiv_fast.multdiv_i/intadd_9/U21/CI (FA1D0BWP12T)
                                                        0.0000     3.0484 f
  x_sub_system/x_core/ex_block_i/gen_multdiv_fast.multdiv_i/intadd_9/U21/CO (FA1D0BWP12T)
                                                        0.0688     3.1172 f
  x_sub_system/x_core/ex_block_i/gen_multdiv_fast.multdiv_i/intadd_9/n20 (net)
                                                1       0.0000     3.1172 f
  x_sub_system/x_core/ex_block_i/gen_multdiv_fast.multdiv_i/intadd_9/U20/CI (FA1D0BWP12T)
                                                        0.0000     3.1172 f
  x_sub_system/x_core/ex_block_i/gen_multdiv_fast.multdiv_i/intadd_9/U20/CO (FA1D0BWP12T)
                                                        0.0688     3.1861 f
  x_sub_system/x_core/ex_block_i/gen_multdiv_fast.multdiv_i/intadd_9/n19 (net)
                                                1       0.0000     3.1861 f
  x_sub_system/x_core/ex_block_i/gen_multdiv_fast.multdiv_i/intadd_9/U19/CI (FA1D0BWP12T)
                                                        0.0000     3.1861 f
  x_sub_system/x_core/ex_block_i/gen_multdiv_fast.multdiv_i/intadd_9/U19/CO (FA1D0BWP12T)
                                                        0.0688     3.2549 f
  x_sub_system/x_core/ex_block_i/gen_multdiv_fast.multdiv_i/intadd_9/n18 (net)
                                                1       0.0000     3.2549 f
  x_sub_system/x_core/ex_block_i/gen_multdiv_fast.multdiv_i/intadd_9/U18/CI (FA1D0BWP12T)
                                                        0.0000     3.2549 f
  x_sub_system/x_core/ex_block_i/gen_multdiv_fast.multdiv_i/intadd_9/U18/CO (FA1D0BWP12T)
                                                        0.0688     3.3238 f
  x_sub_system/x_core/ex_block_i/gen_multdiv_fast.multdiv_i/intadd_9/n17 (net)
                                                1       0.0000     3.3238 f
  x_sub_system/x_core/ex_block_i/gen_multdiv_fast.multdiv_i/intadd_9/U17/CI (FA1D0BWP12T)
                                                        0.0000     3.3238 f
  x_sub_system/x_core/ex_block_i/gen_multdiv_fast.multdiv_i/intadd_9/U17/CO (FA1D0BWP12T)
                                                        0.0688     3.3926 f
  x_sub_system/x_core/ex_block_i/gen_multdiv_fast.multdiv_i/intadd_9/n16 (net)
                                                1       0.0000     3.3926 f
  x_sub_system/x_core/ex_block_i/gen_multdiv_fast.multdiv_i/intadd_9/U16/CI (FA1D0BWP12T)
                                                        0.0000     3.3926 f
  x_sub_system/x_core/ex_block_i/gen_multdiv_fast.multdiv_i/intadd_9/U16/CO (FA1D0BWP12T)
                                                        0.0688     3.4615 f
  x_sub_system/x_core/ex_block_i/gen_multdiv_fast.multdiv_i/intadd_9/n15 (net)
                                                1       0.0000     3.4615 f
  x_sub_system/x_core/ex_block_i/gen_multdiv_fast.multdiv_i/intadd_9/U15/CI (FA1D0BWP12T)
                                                        0.0000     3.4615 f
  x_sub_system/x_core/ex_block_i/gen_multdiv_fast.multdiv_i/intadd_9/U15/CO (FA1D0BWP12T)
                                                        0.0688     3.5303 f
  x_sub_system/x_core/ex_block_i/gen_multdiv_fast.multdiv_i/intadd_9/n14 (net)
                                                1       0.0000     3.5303 f
  x_sub_system/x_core/ex_block_i/gen_multdiv_fast.multdiv_i/intadd_9/U14/CI (FA1D0BWP12T)
                                                        0.0000     3.5303 f
  x_sub_system/x_core/ex_block_i/gen_multdiv_fast.multdiv_i/intadd_9/U14/CO (FA1D0BWP12T)
                                                        0.0688     3.5991 f
  x_sub_system/x_core/ex_block_i/gen_multdiv_fast.multdiv_i/intadd_9/n13 (net)
                                                1       0.0000     3.5991 f
  x_sub_system/x_core/ex_block_i/gen_multdiv_fast.multdiv_i/intadd_9/U13/CI (FA1D0BWP12T)
                                                        0.0000     3.5991 f
  x_sub_system/x_core/ex_block_i/gen_multdiv_fast.multdiv_i/intadd_9/U13/CO (FA1D0BWP12T)
                                                        0.0688     3.6680 f
  x_sub_system/x_core/ex_block_i/gen_multdiv_fast.multdiv_i/intadd_9/n12 (net)
                                                1       0.0000     3.6680 f
  x_sub_system/x_core/ex_block_i/gen_multdiv_fast.multdiv_i/intadd_9/U12/CI (FA1D0BWP12T)
                                                        0.0000     3.6680 f
  x_sub_system/x_core/ex_block_i/gen_multdiv_fast.multdiv_i/intadd_9/U12/CO (FA1D0BWP12T)
                                                        0.0688     3.7368 f
  x_sub_system/x_core/ex_block_i/gen_multdiv_fast.multdiv_i/intadd_9/n11 (net)
                                                1       0.0000     3.7368 f
  x_sub_system/x_core/ex_block_i/gen_multdiv_fast.multdiv_i/intadd_9/U11/CI (FA1D0BWP12T)
                                                        0.0000     3.7368 f
  x_sub_system/x_core/ex_block_i/gen_multdiv_fast.multdiv_i/intadd_9/U11/CO (FA1D0BWP12T)
                                                        0.0688     3.8057 f
  x_sub_system/x_core/ex_block_i/gen_multdiv_fast.multdiv_i/intadd_9/n10 (net)
                                                1       0.0000     3.8057 f
  x_sub_system/x_core/ex_block_i/gen_multdiv_fast.multdiv_i/intadd_9/U10/CI (FA1D0BWP12T)
                                                        0.0000     3.8057 f
  x_sub_system/x_core/ex_block_i/gen_multdiv_fast.multdiv_i/intadd_9/U10/CO (FA1D0BWP12T)
                                                        0.0688     3.8745 f
  x_sub_system/x_core/ex_block_i/gen_multdiv_fast.multdiv_i/intadd_9/n9 (net)
                                                1       0.0000     3.8745 f
  x_sub_system/x_core/ex_block_i/gen_multdiv_fast.multdiv_i/intadd_9/U9/CI (FA1D0BWP12T)
                                                        0.0000     3.8745 f
  x_sub_system/x_core/ex_block_i/gen_multdiv_fast.multdiv_i/intadd_9/U9/CO (FA1D0BWP12T)
                                                        0.0688     3.9434 f
  x_sub_system/x_core/ex_block_i/gen_multdiv_fast.multdiv_i/intadd_9/n8 (net)
                                                1       0.0000     3.9434 f
  x_sub_system/x_core/ex_block_i/gen_multdiv_fast.multdiv_i/intadd_9/U8/CI (FA1D0BWP12T)
                                                        0.0000     3.9434 f
  x_sub_system/x_core/ex_block_i/gen_multdiv_fast.multdiv_i/intadd_9/U8/CO (FA1D0BWP12T)
                                                        0.0688     4.0122 f
  x_sub_system/x_core/ex_block_i/gen_multdiv_fast.multdiv_i/intadd_9/n7 (net)
                                                1       0.0000     4.0122 f
  x_sub_system/x_core/ex_block_i/gen_multdiv_fast.multdiv_i/intadd_9/U7/CI (FA1D0BWP12T)
                                                        0.0000     4.0122 f
  x_sub_system/x_core/ex_block_i/gen_multdiv_fast.multdiv_i/intadd_9/U7/CO (FA1D0BWP12T)
                                                        0.0688     4.0811 f
  x_sub_system/x_core/ex_block_i/gen_multdiv_fast.multdiv_i/intadd_9/n6 (net)
                                                1       0.0000     4.0811 f
  x_sub_system/x_core/ex_block_i/gen_multdiv_fast.multdiv_i/intadd_9/U6/CI (FA1D0BWP12T)
                                                        0.0000     4.0811 f
  x_sub_system/x_core/ex_block_i/gen_multdiv_fast.multdiv_i/intadd_9/U6/CO (FA1D0BWP12T)
                                                        0.0688     4.1499 f
  x_sub_system/x_core/ex_block_i/gen_multdiv_fast.multdiv_i/intadd_9/n5 (net)
                                                1       0.0000     4.1499 f
  x_sub_system/x_core/ex_block_i/gen_multdiv_fast.multdiv_i/intadd_9/U5/CI (FA1D0BWP12T)
                                                        0.0000     4.1499 f
  x_sub_system/x_core/ex_block_i/gen_multdiv_fast.multdiv_i/intadd_9/U5/CO (FA1D0BWP12T)
                                                        0.0688     4.2187 f
  x_sub_system/x_core/ex_block_i/gen_multdiv_fast.multdiv_i/intadd_9/n4 (net)
                                                1       0.0000     4.2187 f
  x_sub_system/x_core/ex_block_i/gen_multdiv_fast.multdiv_i/intadd_9/U4/CI (FA1D0BWP12T)
                                                        0.0000     4.2187 f
  x_sub_system/x_core/ex_block_i/gen_multdiv_fast.multdiv_i/intadd_9/U4/CO (FA1D0BWP12T)
                                                        0.0688     4.2876 f
  x_sub_system/x_core/ex_block_i/gen_multdiv_fast.multdiv_i/intadd_9/n3 (net)
                                                1       0.0000     4.2876 f
  x_sub_system/x_core/ex_block_i/gen_multdiv_fast.multdiv_i/intadd_9/U3/CI (FA1D0BWP12T)
                                                        0.0000     4.2876 f
  x_sub_system/x_core/ex_block_i/gen_multdiv_fast.multdiv_i/intadd_9/U3/S (FA1D0BWP12T)
                                                        0.0683     4.3558 f
  x_sub_system/x_core/ex_block_i/gen_multdiv_fast.multdiv_i/intadd_9/SUM[30] (net)
                                                1       0.0000     4.3558 f
  x_sub_system/x_core/ex_block_i/gen_multdiv_fast.multdiv_i/U170/B2 (AO221D0BWP12T)
                                                        0.0000     4.3558 f
  x_sub_system/x_core/ex_block_i/gen_multdiv_fast.multdiv_i/U170/Z (AO221D0BWP12T)
                                                        0.1410     4.4969 f
  x_sub_system/x_core/ex_block_i/gen_multdiv_fast.multdiv_i/n426 (net)
                                                2       0.0000     4.4969 f
  x_sub_system/x_core/ex_block_i/gen_multdiv_fast.multdiv_i/U833/B (OAI21D0BWP12T)
                                                        0.0000     4.4969 f
  x_sub_system/x_core/ex_block_i/gen_multdiv_fast.multdiv_i/U833/ZN (OAI21D0BWP12T)
                                                        0.0402     4.5370 r
  x_sub_system/x_core/ex_block_i/gen_multdiv_fast.multdiv_i/multdiv_result_o[30] (net)
                                                2       0.0000     4.5370 r
  x_sub_system/x_core/ex_block_i/gen_multdiv_fast.multdiv_i/multdiv_result_o[30] (ibex_multdiv_fast_RV32M2)
                                                        0.0000     4.5370 r
  x_sub_system/x_core/ex_block_i/multdiv_result[30] (net)
                                                        0.0000     4.5370 r
  x_sub_system/x_core/ex_block_i/U50/I1 (MUX2D0BWP12T)
                                                        0.0000     4.5370 r
  x_sub_system/x_core/ex_block_i/U50/Z (MUX2D0BWP12T)   0.0917     4.6287 r
  x_sub_system/x_core/ex_block_i/alu_operand_b_i_true[30] (net)
                                                5       0.0000     4.6287 r
  x_sub_system/x_core/ex_block_i/alu_i/operand_b_i[30] (ibex_alu_RV32B0)
                                                        0.0000     4.6287 r
  x_sub_system/x_core/ex_block_i/alu_i/operand_b_i[30] (net)
                                                        0.0000     4.6287 r
  x_sub_system/x_core/ex_block_i/alu_i/U712/I (INVD0BWP12T)
                                                        0.0000     4.6287 r
  x_sub_system/x_core/ex_block_i/alu_i/U712/ZN (INVD0BWP12T)
                                                        0.0253     4.6540 f
  x_sub_system/x_core/ex_block_i/alu_i/n582 (net)
                                                1       0.0000     4.6540 f
  x_sub_system/x_core/ex_block_i/alu_i/U5/B2 (AOI221D0BWP12T)
                                                        0.0000     4.6540 f
  x_sub_system/x_core/ex_block_i/alu_i/U5/ZN (AOI221D0BWP12T)
                                                        0.1329     4.7868 r
  x_sub_system/x_core/ex_block_i/alu_i/intadd_8/B[30] (net)
                                                1       0.0000     4.7868 r
  x_sub_system/x_core/ex_block_i/alu_i/intadd_8/U2/B (FA1D0BWP12T)
                                                        0.0000     4.7868 r
  x_sub_system/x_core/ex_block_i/alu_i/intadd_8/U2/CO (FA1D0BWP12T)
                                                        0.1322     4.9191 r
  x_sub_system/x_core/ex_block_i/alu_i/intadd_8/n1 (net)
                                                1       0.0000     4.9191 r
  x_sub_system/x_core/ex_block_i/alu_i/U6/A2 (XOR3D0BWP12T)
                                                        0.0000     4.9191 r
  x_sub_system/x_core/ex_block_i/alu_i/U6/Z (XOR3D0BWP12T)
                                                        0.1726     5.0916 r
  x_sub_system/x_core/ex_block_i/alu_i/adder_result_o[31] (net)
                                                9       0.0000     5.0916 r
  x_sub_system/x_core/ex_block_i/alu_i/U151/B2 (OAI22D0BWP12T)
                                                        0.0000     5.0916 r
  x_sub_system/x_core/ex_block_i/alu_i/U151/ZN (OAI22D0BWP12T)
                                                        0.0587     5.1504 f
  x_sub_system/x_core/ex_block_i/alu_i/n34 (net)
                                                1       0.0000     5.1504 f
  x_sub_system/x_core/ex_block_i/alu_i/U52/B (AOI31D0BWP12T)
                                                        0.0000     5.1504 f
  x_sub_system/x_core/ex_block_i/alu_i/U52/ZN (AOI31D0BWP12T)
                                                        0.0833     5.2336 r
  x_sub_system/x_core/ex_block_i/alu_i/n52 (net)
                                                2       0.0000     5.2336 r
  x_sub_system/x_core/ex_block_i/alu_i/U160/I (INVD0BWP12T)
                                                        0.0000     5.2336 r
  x_sub_system/x_core/ex_block_i/alu_i/U160/ZN (INVD0BWP12T)
                                                        0.0339     5.2675 f
  x_sub_system/x_core/ex_block_i/alu_i/n48 (net)
                                                2       0.0000     5.2675 f
  x_sub_system/x_core/ex_block_i/alu_i/U46/C (MAOI222D0BWP12T)
                                                        0.0000     5.2675 f
  x_sub_system/x_core/ex_block_i/alu_i/U46/ZN (MAOI222D0BWP12T)
                                                        0.0745     5.3421 r
  x_sub_system/x_core/ex_block_i/alu_i/n46 (net)
                                                1       0.0000     5.3421 r
  x_sub_system/x_core/ex_block_i/alu_i/U3/B (OAI31D0BWP12T)
                                                        0.0000     5.3421 r
  x_sub_system/x_core/ex_block_i/alu_i/U3/ZN (OAI31D0BWP12T)
                                                        0.0572     5.3993 f
  x_sub_system/x_core/ex_block_i/alu_i/n49 (net)
                                                1       0.0000     5.3993 f
  x_sub_system/x_core/ex_block_i/alu_i/U56/C (OAI211D0BWP12T)
                                                        0.0000     5.3993 f
  x_sub_system/x_core/ex_block_i/alu_i/U56/ZN (OAI211D0BWP12T)
                                                        0.0512     5.4505 r
  x_sub_system/x_core/ex_block_i/alu_i/comparison_result_o (net)
                                                3       0.0000     5.4505 r
  x_sub_system/x_core/ex_block_i/alu_i/comparison_result_o (ibex_alu_RV32B0)
                                                        0.0000     5.4505 r
  x_sub_system/x_core/ex_block_i/branch_decision_o (net)
                                                        0.0000     5.4505 r
  x_sub_system/x_core/ex_block_i/branch_decision_o (ibex_ex_block_2_0_0)
                                                        0.0000     5.4505 r
  x_sub_system/x_core/branch_decision (net)             0.0000     5.4505 r
  x_sub_system/x_core/id_stage_i/branch_decision_i (ibex_id_stage_0_2_0_0_0_0_0_0)
                                                        0.0000     5.4505 r
  x_sub_system/x_core/id_stage_i/branch_decision_i (net)
                                                        0.0000     5.4505 r
  x_sub_system/x_core/id_stage_i/U9/A3 (ND3D0BWP12T)    0.0000     5.4505 r
  x_sub_system/x_core/id_stage_i/U9/ZN (ND3D0BWP12T)    0.0615     5.5121 f
  x_sub_system/x_core/id_stage_i/n80 (net)      2       0.0000     5.5121 f
  x_sub_system/x_core/id_stage_i/U10/A1 (CKND2D0BWP12T)
                                                        0.0000     5.5121 f
  x_sub_system/x_core/id_stage_i/U10/ZN (CKND2D0BWP12T)
                                                        0.0511     5.5631 r
  x_sub_system/x_core/id_stage_i/n155 (net)     2       0.0000     5.5631 r
  x_sub_system/x_core/id_stage_i/U6/C (AO211D0BWP12T)   0.0000     5.5631 r
  x_sub_system/x_core/id_stage_i/U6/Z (AO211D0BWP12T)   0.0719     5.6350 r
  x_sub_system/x_core/id_stage_i/stall_id (net)
                                                4       0.0000     5.6350 r
  x_sub_system/x_core/id_stage_i/U126/A2 (NR3D0BWP12T)
                                                        0.0000     5.6350 r
  x_sub_system/x_core/id_stage_i/U126/ZN (NR3D0BWP12T)
                                                        0.0346     5.6696 f
  x_sub_system/x_core/id_stage_i/en_wb_o (net)
                                                2       0.0000     5.6696 f
  x_sub_system/x_core/id_stage_i/U4/A2 (AN2D0BWP12T)    0.0000     5.6696 f
  x_sub_system/x_core/id_stage_i/U4/Z (AN2D0BWP12T)     0.0508     5.7203 f
  x_sub_system/x_core/id_stage_i/csr_op_en_o (net)
                                                2       0.0000     5.7203 f
  x_sub_system/x_core/id_stage_i/csr_op_en_o (ibex_id_stage_0_2_0_0_0_0_0_0)
                                                        0.0000     5.7203 f
  x_sub_system/x_core/csr_op_en (net)                   0.0000     5.7203 f
  x_sub_system/x_core/cs_registers_i/csr_op_en_i (ibex_cs_registers_0_00000001_0_0_0_0_00000000_00000028_0_00000000_00000004_0_2_0)
                                                        0.0000     5.7203 f
  x_sub_system/x_core/cs_registers_i/csr_op_en_i (net)
                                                        0.0000     5.7203 f
  x_sub_system/x_core/cs_registers_i/U6/B (OAI21D0BWP12T)
                                                        0.0000     5.7203 f
  x_sub_system/x_core/cs_registers_i/U6/ZN (OAI21D0BWP12T)
                                                        0.0332     5.7536 r
  x_sub_system/x_core/cs_registers_i/n255 (net)
                                                2       0.0000     5.7536 r
  x_sub_system/x_core/cs_registers_i/U104/B1 (AOI22D0BWP12T)
                                                        0.0000     5.7536 r
  x_sub_system/x_core/cs_registers_i/U104/ZN (AOI22D0BWP12T)
                                                        0.0472     5.8008 f
  x_sub_system/x_core/cs_registers_i/n247 (net)
                                                1       0.0000     5.8008 f
  x_sub_system/x_core/cs_registers_i/U5/B1 (AOI32D0BWP12T)
                                                        0.0000     5.8008 f
  x_sub_system/x_core/cs_registers_i/U5/ZN (AOI32D0BWP12T)
                                                        0.0725     5.8733 r
  x_sub_system/x_core/cs_registers_i/n248 (net)
                                                1       0.0000     5.8733 r
  x_sub_system/x_core/cs_registers_i/U8/C (OAI211D0BWP12T)
                                                        0.0000     5.8733 r
  x_sub_system/x_core/cs_registers_i/U8/ZN (OAI211D0BWP12T)
                                                        0.0666     5.9399 f
  x_sub_system/x_core/cs_registers_i/n251 (net)
                                                1       0.0000     5.9399 f
  x_sub_system/x_core/cs_registers_i/U7/A3 (OA31D0BWP12T)
                                                        0.0000     5.9399 f
  x_sub_system/x_core/cs_registers_i/U7/Z (OA31D0BWP12T)
                                                        0.1134     6.0532 f
  x_sub_system/x_core/cs_registers_i/illegal_csr_insn_o (net)
                                                4       0.0000     6.0532 f
  x_sub_system/x_core/cs_registers_i/U10/A1 (NR2D0BWP12T)
                                                        0.0000     6.0532 f
  x_sub_system/x_core/cs_registers_i/U10/ZN (NR2D0BWP12T)
                                                        0.1030     6.1562 r
  x_sub_system/x_core/cs_registers_i/n767 (net)
                                                7       0.0000     6.1562 r
  x_sub_system/x_core/cs_registers_i/U9/A1 (CKND2D0BWP12T)
                                                        0.0000     6.1562 r
  x_sub_system/x_core/cs_registers_i/U9/ZN (CKND2D0BWP12T)
                                                        0.0652     6.2214 f
  x_sub_system/x_core/cs_registers_i/n606 (net)
                                                2       0.0000     6.2214 f
  x_sub_system/x_core/cs_registers_i/U11/A2 (NR2D0BWP12T)
                                                        0.0000     6.2214 f
  x_sub_system/x_core/cs_registers_i/U11/ZN (NR2D0BWP12T)
                                                        0.2284     6.4498 r
  x_sub_system/x_core/cs_registers_i/mhpmcounterh_we_0 (net)
                                               19       0.0000     6.4498 r
  x_sub_system/x_core/cs_registers_i/mcycle_counter_i/counterh_we_i (ibex_counter_CounterWidth64_1)
                                                        0.0000     6.4498 r
  x_sub_system/x_core/cs_registers_i/mcycle_counter_i/counterh_we_i (net)
                                                        0.0000     6.4498 r
  x_sub_system/x_core/cs_registers_i/mcycle_counter_i/U5/I (INVD0BWP12T)
                                                        0.0000     6.4498 r
  x_sub_system/x_core/cs_registers_i/mcycle_counter_i/U5/ZN (INVD0BWP12T)
                                                        0.0708     6.5206 f
  x_sub_system/x_core/cs_registers_i/mcycle_counter_i/n3 (net)
                                                4       0.0000     6.5206 f
  x_sub_system/x_core/cs_registers_i/mcycle_counter_i/U25/I (INVD0BWP12T)
                                                        0.0000     6.5206 f
  x_sub_system/x_core/cs_registers_i/mcycle_counter_i/U25/ZN (INVD0BWP12T)
                                                        0.1087     6.6294 r
  x_sub_system/x_core/cs_registers_i/mcycle_counter_i/n304 (net)
                                               15       0.0000     6.6294 r
  x_sub_system/x_core/cs_registers_i/mcycle_counter_i/U3/B2 (INR3D0BWP12T)
                                                        0.0000     6.6294 r
  x_sub_system/x_core/cs_registers_i/mcycle_counter_i/U3/ZN (INR3D0BWP12T)
                                                        0.1089     6.7383 f
  x_sub_system/x_core/cs_registers_i/mcycle_counter_i/n308 (net)
                                               18       0.0000     6.7383 f
  x_sub_system/x_core/cs_registers_i/mcycle_counter_i/U26/I (INVD0BWP12T)
                                                        0.0000     6.7383 f
  x_sub_system/x_core/cs_registers_i/mcycle_counter_i/U26/ZN (INVD0BWP12T)
                                                        0.2054     6.9437 r
  x_sub_system/x_core/cs_registers_i/mcycle_counter_i/n279 (net)
                                               32       0.0000     6.9437 r
  x_sub_system/x_core/cs_registers_i/mcycle_counter_i/U114/I (BUFFD0BWP12T)
                                                        0.0000     6.9437 r
  x_sub_system/x_core/cs_registers_i/mcycle_counter_i/U114/Z (BUFFD0BWP12T)
                                                        0.1472     7.0910 r
  x_sub_system/x_core/cs_registers_i/mcycle_counter_i/n289 (net)
                                               16       0.0000     7.0910 r
  x_sub_system/x_core/cs_registers_i/mcycle_counter_i/U4/A2 (CKND2D0BWP12T)
                                                        0.0000     7.0910 r
  x_sub_system/x_core/cs_registers_i/mcycle_counter_i/U4/ZN (CKND2D0BWP12T)
                                                        0.2622     7.3532 f
  x_sub_system/x_core/cs_registers_i/mcycle_counter_i/n290 (net)
                                               24       0.0000     7.3532 f
  x_sub_system/x_core/cs_registers_i/mcycle_counter_i/U120/I (BUFFD0BWP12T)
                                                        0.0000     7.3532 f
  x_sub_system/x_core/cs_registers_i/mcycle_counter_i/U120/Z (BUFFD0BWP12T)
                                                        0.1680     7.5212 f
  x_sub_system/x_core/cs_registers_i/mcycle_counter_i/n288 (net)
                                               21       0.0000     7.5212 f
  x_sub_system/x_core/cs_registers_i/mcycle_counter_i/U284/B (OAI21D0BWP12T)
                                                        0.0000     7.5212 f
  x_sub_system/x_core/cs_registers_i/mcycle_counter_i/U284/ZN (OAI21D0BWP12T)
                                                        0.0565     7.5778 r
  x_sub_system/x_core/cs_registers_i/mcycle_counter_i/n258 (net)
                                                1       0.0000     7.5778 r
  x_sub_system/x_core/cs_registers_i/mcycle_counter_i/U285/B2 (AOI22D0BWP12T)
                                                        0.0000     7.5778 r
  x_sub_system/x_core/cs_registers_i/mcycle_counter_i/U285/ZN (AOI22D0BWP12T)
                                                        0.0509     7.6287 f
  x_sub_system/x_core/cs_registers_i/mcycle_counter_i/n259 (net)
                                                1       0.0000     7.6287 f
  x_sub_system/x_core/cs_registers_i/mcycle_counter_i/U286/B (OAI31D0BWP12T)
                                                        0.0000     7.6287 f
  x_sub_system/x_core/cs_registers_i/mcycle_counter_i/U286/ZN (OAI31D0BWP12T)
                                                        0.0593     7.6880 r
  x_sub_system/x_core/cs_registers_i/mcycle_counter_i/n31 (net)
                                                1       0.0000     7.6880 r
  x_sub_system/x_core/cs_registers_i/mcycle_counter_i/counter_q_reg[43]/D (DFCNQD1BWP12T)
                                                        0.0000     7.6880 r
  data arrival time                                                7.6880

  clock clk1 (rise edge)                               10.0000    10.0000
  clock network delay (ideal)                           0.0000    10.0000
  clock uncertainty                                    -0.2000     9.8000
  x_sub_system/x_core/cs_registers_i/mcycle_counter_i/counter_q_reg[43]/CP (DFCNQD1BWP12T)
                                                        0.0000     9.8000 r
  library setup time                                   -0.0162     9.7838
  data required time                                               9.7838
  --------------------------------------------------------------------------
  data required time                                               9.7838
  data arrival time                                               -7.6880
  --------------------------------------------------------------------------
  slack (MET)                                                      2.0958


1
